Workbook

Sheet Read Me
A1: SK-3X1 Rev 14 gas power campus: cable schedule and cable bill of materials
A2: Conceptual, derived from the SK-3X1 3D model. Not engineered, not for construction or procurement.
A4: How it was built
A5: 1. Every powered item of the model (BTM data-centre option excluded) is matched to an equipment class that gives its power circuits (voltage, typical rating, source bus) and its field devices (motors, MOVs, analog and discrete instruments, solenoids, thermocouples, RTDs; typical counts for the class). Each device has its own cable to its MCC or to a local junction box; junction boxes home-run on 24-pair / 12-triad / 25-conductor cables. Device-to-JB cables are grouped per JB (Sets = number of device cables). Ratings are typical unless the drawing states one.
A6: 2. Lengths follow the model's electrical routes (trays, duct banks, buried / surface cable, trenches) as a graph: shortest path source to load, plus drops and vertical transitions. 230 kV circuits, overhead conductors and the ground grid are measured directly from the model.
A7: 3. Sizes: ampacity at 125 % of full-load current (NEC 310.16 75 C Cu for 600 V; typical ICEA values for MV-105), 3 % voltage drop at 480 V, parallel sets above 500 kcmil (LV) / 1000 kcmil (MV).
A8: 4. Products are typical Southwire families for each application; confirm constructions, sizes and listings against current Southwire specifications.
A10: 5. 0 of 5695 runs could not follow a modelled route (Route type 'Estimated'): L-shaped length between the items plus 40 ft.
A11: Inputs (blue, yellow cells; every length and quantity recalculates)
A12: Routing slack (training, sag, cutting) | B12: 0.1 | C12: Source: typical industry allowance (assumption)
A13: Termination allowance per run end (ft) | B13: 10 | C13: Source: typical (assumption)
A14: BOM waste / cut allowance | B14: 0.05 | C14: Source: typical (assumption)
A16: Sheets
A17: Cable Schedule: one row per cable run (from / to, service, product, size, sets, length)
A18: Cable BOM: totals per product and size, waste, order length, reels (SUMIFS on the schedule)
A19: Accessories: terminations, glands, lugs, splices (from the schedule)
A20: Summary: cable length by zone and voltage class
A21: Load List: the equipment, assumed ratings and sources behind the power circuits
A23: Excluded from the cable BOM (bus duct, by others)
A24: RICE PCM to MOD-EH bus tie: 13.8 kV, ~6,300 A
A25: MOD-EH to T-MOD-1 LV side: 13.8 kV, ~5,000 A
A26: MOD-EH to T-MOD-2 LV side: 13.8 kV, ~5,000 A
A27: Generator terminals to GSU / UAT / ET (isolated-phase bus): 21 kV, as modelled (IPB routes)
A28: T-R4-1..4 secondaries to the ACC VFD lineups: 480 V, ~4,500 A each

Sheet Audit
A1: Check | B1: Result | C1: Count | D1: Notes / examples
A2: Every powered item has a power circuit (VFD lineups: bus duct; BESS blocks: per container) | B2: PASS | C2: 0
A3: Every instrumented item has instrument cables | B3: PASS | C3: 0
A4: No lump feeder where motors are fed individually (double count) | B4: PASS | C4: 0
A5: Ampacity >= 125 % of full-load current (recomputed) | B5: PASS | C5: 0
A6: 480 V voltage drop <= 3 % (recomputed) | B6: CHECK | C6: 3 | D6: EDG-1 480 V output to EMCC 3.1%; EDG-2 480 V output to EMCC 3.3%; Fuel-cell AC cabinet to MOD-LV 5.7%
A7: Class I Div 2 loads on ARMOR-X / IS cable | B7: PASS | C7: 0
A8: Runs that follow a modelled route | B8: INFO | C8: 5695 | D8: 0 estimated (build-out bays D4-D6 and utilities without drawn trench / bank)
A9: Copper runs > 3,000 ft | B9: INFO | C9: 114 | D9: Control; Motor 1 of 6: control / local ; Motor 2 of 6: control / local ; Motor 3 of 6: control / local
A10: Feeders with >= 6 parallel sets (bus-duct candidates) | B10: INFO | C10: 15 | D10: EDG-1 480 V output to EMCC x13; EDG-2 480 V output to EMCC x13; Site / road lighting: 120 pole x120; Black-start genset output x10
A11: Excluded as bus duct | B11: INFO | C11: 5 | D11: RICE PCM to MOD-EH bus tie; MOD-EH to T-MOD-1 LV side; MOD-EH to T-MOD-2 LV side; Generator terminals to GSU / UAT / ET (isolated-phase bus); T-R4-1..4 secondaries to the ACC VFD lineups

Sheet Cable Schedule
A1: Cable No. | B1: Zone | C1: Area | D1: Service / circuit | E1: From (tag) | F1: From (description) | G1: To (tag) | H1: To (description) | I1: Class | J1: Product | K1: Product key | L1: Conductors | M1: Size (AWG/kcmil) | N1: Sets | O1: Cables / set | P1: Voltage (V) | Q1: Load (kW) | R1: Current (A) | S1: Route type | T1: Route (ft) | U1: Drops + vertical (ft) | V1: Run length (ft) | W1: Total cable (ft) | X1: MV term. kits | Y1: Glands / connectors | Z1: Notes | AA1: Cables (count)
A2: A-L-0001 | B2: A | C2: Power block | D2: Lighting, receptacles and small power branch circuits (allowance) | E2: CEMS-1 | F2: CEMS shelter, HRSG 1 | G2: CEMS-1 | H2: CEMS shelter, HRSG 1 | I2: Building wire | J2: SIMpull THHN/THWN-2 600 V 1/C Cu (lighting, receptacles, small power) | K2: THHN|1/C|12 | L2: 1/C | M2: 12 | N2: 1 | O2: 1 | P2: 277 | S2: Conduit | T2: 358 | U2: 0 | V2: =ROUNDUP((T2+U2+2*'Read Me'!$B$13)*(1+'Read Me'!$B$12),-1) | W2: =V2*N2*O2 | X2: =IF(LEFT(I2,2)="MV",2*N2*IF(L2="1/C",O2,1),0) | Y2: =IF(OR(LEFT(K2,4)="LVAX",LEFT(K2,6)="MV15AX",LEFT(K2,4)="CTAX",LEFT(K2,2)="W|"),2*N2*O2,0) | Z2: allowance: 1.6 ft of conductor per ft2 of floor | AA2: =N2*O2
A3: A-L-0002 | B3: A | C3: Power block | D3: Lighting, receptacles and small power branch circuits (allowance) | E3: CEMS-2 | F3: CEMS shelter, HRSG 2 | G3: CEMS-2 | H3: CEMS shelter, HRSG 2 | I3: Building wire | J3: SIMpull THHN/THWN-2 600 V 1/C Cu (lighting, receptacles, small power) | K3: THHN|1/C|12 | L3: 1/C | M3: 12 | N3: 1 | O3: 1 | P3: 277 | S3: Conduit | T3: 358 | U3: 0 | V3: =ROUNDUP((T3+U3+2*'Read Me'!$B$13)*(1+'Read Me'!$B$12),-1) | W3: =V3*N3*O3 | X3: =IF(LEFT(I3,2)="MV",2*N3*IF(L3="1/C",O3,1),0) | Y3: =IF(OR(LEFT(K3,4)="LVAX",LEFT(K3,6)="MV15AX",LEFT(K3,4)="CTAX",LEFT(K3,2)="W|"),2*N3*O3,0) | Z3: allowance: 1.6 ft of conductor per ft2 of floor | AA3: =N3*O3
A4: A-L-0003 | B4: A | C4: Power block | D4: Lighting, receptacles and small power branch circuits (allowance) | E4: CEMS-3 | F4: CEMS shelter, HRSG 3 | G4: CEMS-3 | H4: CEMS shelter, HRSG 3 | I4: Building wire | J4: SIMpull THHN/THWN-2 600 V 1/C Cu (lighting, receptacles, small power) | K4: THHN|1/C|12 | L4: 1/C | M4: 12 | N4: 1 | O4: 1 | P4: 277 | S4: Conduit | T4: 358 | U4: 0 | V4: =ROUNDUP((T4+U4+2*'Read Me'!$B$13)*(1+'Read Me'!$B$12),-1) | W4: =V4*N4*O4 | X4: =IF(LEFT(I4,2)="MV",2*N4*IF(L4="1/C",O4,1),0) | Y4: =IF(OR(LEFT(K4,4)="LVAX",LEFT(K4,6)="MV15AX",LEFT(K4,4)="CTAX",LEFT(K4,2)="W|"),2*N4*O4,0) | Z4: allowance: 1.6 ft of conductor per ft2 of floor | AA4: =N4*O4
A5: A-L-0004 | B5: A | C5: Power block | D5: Lighting, receptacles and small power branch circuits (allowance) | E5: FH-1 | F5: FH-1: GT inlet filter house on its own frame | G5: FH-1 | H5: FH-1: GT inlet filter house on its own frame | I5: Building wire | J5: SIMpull THHN/THWN-2 600 V 1/C Cu (lighting, receptacles, small power) | K5: THHN|1/C|12 | L5: 1/C | M5: 12 | N5: 1 | O5: 1 | P5: 277 | S5: Conduit | T5: 4973 | U5: 0 | V5: =ROUNDUP((T5+U5+2*'Read Me'!$B$13)*(1+'Read Me'!$B$12),-1) | W5: =V5*N5*O5 | X5: =IF(LEFT(I5,2)="MV",2*N5*IF(L5="1/C",O5,1),0) | Y5: =IF(OR(LEFT(K5,4)="LVAX",LEFT(K5,6)="MV15AX",LEFT(K5,4)="CTAX",LEFT(K5,2)="W|"),2*N5*O5,0) | Z5: allowance: 1.6 ft of conductor per ft2 of floor | AA5: =N5*O5
A6: A-L-0005 | B6: A | C6: Power block | D6: Lighting, receptacles and small power branch circuits (allowance) | E6: FH-2 | F6: FH-2: GT inlet filter house on its own frame | G6: FH-2 | H6: FH-2: GT inlet filter house on its own frame | I6: Building wire | J6: SIMpull THHN/THWN-2 600 V 1/C Cu (lighting, receptacles, small power) | K6: THHN|1/C|12 | L6: 1/C | M6: 12 | N6: 1 | O6: 1 | P6: 277 | S6: Conduit | T6: 4973 | U6: 0 | V6: =ROUNDUP((T6+U6+2*'Read Me'!$B$13)*(1+'Read Me'!$B$12),-1) | W6: =V6*N6*O6 | X6: =IF(LEFT(I6,2)="MV",2*N6*IF(L6="1/C",O6,1),0) | Y6: =IF(OR(LEFT(K6,4)="LVAX",LEFT(K6,6)="MV15AX",LEFT(K6,4)="CTAX",LEFT(K6,2)="W|"),2*N6*O6,0) | Z6: allowance: 1.6 ft of conductor per ft2 of floor | AA6: =N6*O6
A7: A-L-0006 | B7: A | C7: Power block | D7: Lighting, receptacles and small power branch circuits (allowance) | E7: FH-3 | F7: FH-3: GT inlet filter house on its own frame | G7: FH-3 | H7: FH-3: GT inlet filter house on its own frame | I7: Building wire | J7: SIMpull THHN/THWN-2 600 V 1/C Cu (lighting, receptacles, small power) | K7: THHN|1/C|12 | L7: 1/C | M7: 12 | N7: 1 | O7: 1 | P7: 277 | S7: Conduit | T7: 4973 | U7: 0 | V7: =ROUNDUP((T7+U7+2*'Read Me'!$B$13)*(1+'Read Me'!$B$12),-1) | W7: =V7*N7*O7 | X7: =IF(LEFT(I7,2)="MV",2*N7*IF(L7="1/C",O7,1),0) | Y7: =IF(OR(LEFT(K7,4)="LVAX",LEFT(K7,6)="MV15AX",LEFT(K7,4)="CTAX",LEFT(K7,2)="W|"),2*N7*O7,0) | Z7: allowance: 1.6 ft of conductor per ft2 of floor | AA7: =N7*O7
A8: A-L-0007 | B8: A | C8: Power block | D8: Lighting, receptacles and small power branch circuits (allowance) | E8: R1 | F8: R1: main electrical building (64 x 180 ft) | G8: R1 | H8: R1: main electrical building (64 x 180 ft) | I8: Building wire | J8: SIMpull THHN/THWN-2 600 V 1/C Cu (lighting, receptacles, small power) | K8: THHN|1/C|12 | L8: 1/C | M8: 12 | N8: 1 | O8: 1 | P8: 277 | S8: Conduit | T8: 18432 | U8: 0 | V8: =ROUNDUP((T8+U8+2*'Read Me'!$B$13)*(1+'Read Me'!$B$12),-1) | W8: =V8*N8*O8 | X8: =IF(LEFT(I8,2)="MV",2*N8*IF(L8="1/C",O8,1),0) | Y8: =IF(OR(LEFT(K8,4)="LVAX",LEFT(K8,6)="MV15AX",LEFT(K8,4)="CTAX",LEFT(K8,2)="W|"),2*N8*O8,0) | Z8: allowance: 1.6 ft of conductor per ft2 of floor | AA8: =N8*O8
A9: A-L-0008 | B9: A | C9: Power block | D9: Lighting, receptacles and small power branch circuits (allowance) | E9: R2A | F9: R2A: unit / HRSG electrical e-house (32 x 40 ft) | G9: R2A | H9: R2A: unit / HRSG electrical e-house (32 x 40 ft) | I9: Building wire | J9: SIMpull THHN/THWN-2 600 V 1/C Cu (lighting, receptacles, small power) | K9: THHN|1/C|12 | L9: 1/C | M9: 12 | N9: 1 | O9: 1 | P9: 277 | S9: Conduit | T9: 2048 | U9: 0 | V9: =ROUNDUP((T9+U9+2*'Read Me'!$B$13)*(1+'Read Me'!$B$12),-1) | W9: =V9*N9*O9 | X9: =IF(LEFT(I9,2)="MV",2*N9*IF(L9="1/C",O9,1),0) | Y9: =IF(OR(LEFT(K9,4)="LVAX",LEFT(K9,6)="MV15AX",LEFT(K9,4)="CTAX",LEFT(K9,2)="W|"),2*N9*O9,0) | Z9: allowance: 1.6 ft of conductor per ft2 of floor | AA9: =N9*O9
A10: A-L-0009 | B10: A | C10: Power block | D10: Lighting, receptacles and small power branch circuits (allowance) | E10: R2B | F10: R2B: unit / HRSG electrical e-house (32 x 40 ft) | G10: R2B | H10: R2B: unit / HRSG electrical e-house (32 x 40 ft) | I10: Building wire | J10: SIMpull THHN/THWN-2 600 V 1/C Cu (lighting, receptacles, small power) | K10: THHN|1/C|12 | L10: 1/C | M10: 12 | N10: 1 | O10: 1 | P10: 277 | S10: Conduit | T10: 2048 | U10: 0 | V10: =ROUNDUP((T10+U10+2*'Read Me'!$B$13)*(1+'Read Me'!$B$12),-1) | W10: =V10*N10*O10 | X10: =IF(LEFT(I10,2)="MV",2*N10*IF(L10="1/C",O10,1),0) | Y10: =IF(OR(LEFT(K10,4)="LVAX",LEFT(K10,6)="MV15AX",LEFT(K10,4)="CTAX",LEFT(K10,2)="W|"),2*N10*O10,0) | Z10: allowance: 1.6 ft of conductor per ft2 of floor | AA10: =N10*O10
A11: A-L-0010 | B11: A | C11: Power block | D11: Lighting, receptacles and small power branch circuits (allowance) | E11: R2C | F11: R2C: unit / HRSG electrical e-house (32 x 40 ft) | G11: R2C | H11: R2C: unit / HRSG electrical e-house (32 x 40 ft) | I11: Building wire | J11: SIMpull THHN/THWN-2 600 V 1/C Cu (lighting, receptacles, small power) | K11: THHN|1/C|12 | L11: 1/C | M11: 12 | N11: 1 | O11: 1 | P11: 277 | S11: Conduit | T11: 2048 | U11: 0 | V11: =ROUNDUP((T11+U11+2*'Read Me'!$B$13)*(1+'Read Me'!$B$12),-1) | W11: =V11*N11*O11 | X11: =IF(LEFT(I11,2)="MV",2*N11*IF(L11="1/C",O11,1),0) | Y11: =IF(OR(LEFT(K11,4)="LVAX",LEFT(K11,6)="MV15AX",LEFT(K11,4)="CTAX",LEFT(K11,2)="W|"),2*N11*O11,0) | Z11: allowance: 1.6 ft of conductor per ft2 of floor | AA11: =N11*O11
A12: A-L-0011 | B12: A | C12: Power block | D12: Lighting, receptacles and small power branch circuits (allowance) | E12: R3 | F12: R3: ST auxiliary electrical e-house (40 x 65 ft) | G12: R3 | H12: R3: ST auxiliary electrical e-house (40 x 65 ft) | I12: Building wire | J12: SIMpull THHN/THWN-2 600 V 1/C Cu (lighting, receptacles, small power) | K12: THHN|1/C|12 | L12: 1/C | M12: 12 | N12: 1 | O12: 1 | P12: 277 | S12: Conduit | T12: 4160 | U12: 0 | V12: =ROUNDUP((T12+U12+2*'Read Me'!$B$13)*(1+'Read Me'!$B$12),-1) | W12: =V12*N12*O12 | X12: =IF(LEFT(I12,2)="MV",2*N12*IF(L12="1/C",O12,1),0) | Y12: =IF(OR(LEFT(K12,4)="LVAX",LEFT(K12,6)="MV15AX",LEFT(K12,4)="CTAX",LEFT(K12,2)="W|"),2*N12*O12,0) | Z12: allowance: 1.6 ft of conductor per ft2 of floor | AA12: =N12*O12
A13: A-C-0001 | B13: A | C13: Power block | D13: Motor 1 of 3: control / local station | E13: R3 | F13: R3: ST auxiliary electrical e-house (40 x 65 ft) | G13: AC-A/B/C | H13: Air compressors AC-A/B/C | I13: Control | J13: ARMOR-X MC-HL 600 V control, Cu #14 AWG (Class I Div 2) | K13: CTAX|7/C|14 | L13: 7/C | M13: 14 | N13: 1 | O13: 1 | S13: Tray | T13: 88 | U13: 84 | V13: =ROUNDUP((T13+U13+2*'Read Me'!$B$13)*(1+'Read Me'!$B$12),-1) | W13: =V13*N13*O13 | X13: =IF(LEFT(I13,2)="MV",2*N13*IF(L13="1/C",O13,1),0) | Y13: =IF(OR(LEFT(K13,4)="LVAX",LEFT(K13,6)="MV15AX",LEFT(K13,4)="CTAX",LEFT(K13,2)="W|"),2*N13*O13,0) | AA13: =N13*O13
A14: A-C-0002 | B14: A | C14: Power block | D14: Motor 2 of 3: control / local station | E14: R3 | F14: R3: ST auxiliary electrical e-house (40 x 65 ft) | G14: AC-A/B/C | H14: Air compressors AC-A/B/C | I14: Control | J14: ARMOR-X MC-HL 600 V control, Cu #14 AWG (Class I Div 2) | K14: CTAX|7/C|14 | L14: 7/C | M14: 14 | N14: 1 | O14: 1 | S14: Tray | T14: 88 | U14: 84 | V14: =ROUNDUP((T14+U14+2*'Read Me'!$B$13)*(1+'Read Me'!$B$12),-1) | W14: =V14*N14*O14 | X14: =IF(LEFT(I14,2)="MV",2*N14*IF(L14="1/C",O14,1),0) | Y14: =IF(OR(LEFT(K14,4)="LVAX",LEFT(K14,6)="MV15AX",LEFT(K14,4)="CTAX",LEFT(K14,2)="W|"),2*N14*O14,0) | AA14: =N14*O14
A15: A-C-0003 | B15: A | C15: Power block | D15: Motor 3 of 3: control / local station | E15: R3 | F15: R3: ST auxiliary electrical e-house (40 x 65 ft) | G15: AC-A/B/C | H15: Air compressors AC-A/B/C | I15: Control | J15: ARMOR-X MC-HL 600 V control, Cu #14 AWG (Class I Div 2) | K15: CTAX|7/C|14 | L15: 7/C | M15: 14 | N15: 1 | O15: 1 | S15: Tray | T15: 88 | U15: 84 | V15: =ROUNDUP((T15+U15+2*'Read Me'!$B$13)*(1+'Read Me'!$B$12),-1) | W15: =V15*N15*O15 | X15: =IF(LEFT(I15,2)="MV",2*N15*IF(L15="1/C",O15,1),0) | Y15: =IF(OR(LEFT(K15,4)="LVAX",LEFT(K15,6)="MV15AX",LEFT(K15,4)="CTAX",LEFT(K15,2)="W|"),2*N15*O15,0) | AA15: =N15*O15
A16: A-C-0004 | B16: A | C16: Power block | D16: Motor 1 of 4: control / local station | E16: R2A | F16: R2A: unit / HRSG electrical e-house (32 x 40 ft) | G16: BFP-1 | H16: BFP-1A/B: boiler feed pumps (13.8 kV DOL) | I16: Control | J16: Control cable 600 V Type TC-ER, Cu #14 AWG, PVC jacket | K16: CT|7/C|14 | L16: 7/C | M16: 14 | N16: 1 | O16: 1 | S16: Tray | T16: 481 | U16: 84 | V16: =ROUNDUP((T16+U16+2*'Read Me'!$B$13)*(1+'Read Me'!$B$12),-1) | W16: =V16*N16*O16 | X16: =IF(LEFT(I16,2)="MV",2*N16*IF(L16="1/C",O16,1),0) | Y16: =IF(OR(LEFT(K16,4)="LVAX",LEFT(K16,6)="MV15AX",LEFT(K16,4)="CTAX",LEFT(K16,2)="W|"),2*N16*O16,0) | AA16: =N16*O16
A17: A-C-0005 | B17: A | C17: Power block | D17: Motor 2 of 4: control / local station | E17: R2A | F17: R2A: unit / HRSG electrical e-house (32 x 40 ft) | G17: BFP-1 | H17: BFP-1A/B: boiler feed pumps (13.8 kV DOL) | I17: Control | J17: Control cable 600 V Type TC-ER, Cu #14 AWG, PVC jacket | K17: CT|7/C|14 | L17: 7/C | M17: 14 | N17: 1 | O17: 1 | S17: Tray | T17: 481 | U17: 84 | V17: =ROUNDUP((T17+U17+2*'Read Me'!$B$13)*(1+'Read Me'!$B$12),-1) | W17: =V17*N17*O17 | X17: =IF(LEFT(I17,2)="MV",2*N17*IF(L17="1/C",O17,1),0) | Y17: =IF(OR(LEFT(K17,4)="LVAX",LEFT(K17,6)="MV15AX",LEFT(K17,4)="CTAX",LEFT(K17,2)="W|"),2*N17*O17,0) | AA17: =N17*O17
A18: A-C-0006 | B18: A | C18: Power block | D18: Motor 3 of 4: control / local station | E18: R2A | F18: R2A: unit / HRSG electrical e-house (32 x 40 ft) | G18: BFP-1 | H18: BFP-1A/B: boiler feed pumps (13.8 kV DOL) | I18: Control | J18: Control cable 600 V Type TC-ER, Cu #14 AWG, PVC jacket | K18: CT|7/C|14 | L18: 7/C | M18: 14 | N18: 1 | O18: 1 | S18: Tray | T18: 481 | U18: 84 | V18: =ROUNDUP((T18+U18+2*'Read Me'!$B$13)*(1+'Read Me'!$B$12),-1) | W18: =V18*N18*O18 | X18: =IF(LEFT(I18,2)="MV",2*N18*IF(L18="1/C",O18,1),0) | Y18: =IF(OR(LEFT(K18,4)="LVAX",LEFT(K18,6)="MV15AX",LEFT(K18,4)="CTAX",LEFT(K18,2)="W|"),2*N18*O18,0) | AA18: =N18*O18
A19: A-C-0007 | B19: A | C19: Power block | D19: Motor 4 of 4: control / local station | E19: R2A | F19: R2A: unit / HRSG electrical e-house (32 x 40 ft) | G19: BFP-1 | H19: BFP-1A/B: boiler feed pumps (13.8 kV DOL) | I19: Control | J19: Control cable 600 V Type TC-ER, Cu #14 AWG, PVC jacket | K19: CT|7/C|14 | L19: 7/C | M19: 14 | N19: 1 | O19: 1 | S19: Tray | T19: 481 | U19: 84 | V19: =ROUNDUP((T19+U19+2*'Read Me'!$B$13)*(1+'Read Me'!$B$12),-1) | W19: =V19*N19*O19 | X19: =IF(LEFT(I19,2)="MV",2*N19*IF(L19="1/C",O19,1),0) | Y19: =IF(OR(LEFT(K19,4)="LVAX",LEFT(K19,6)="MV15AX",LEFT(K19,4)="CTAX",LEFT(K19,2)="W|"),2*N19*O19,0) | AA19: =N19*O19
A20: A-C-0008 | B20: A | C20: Power block | D20: Motor 1 of 4: control / local station | E20: R2B | F20: R2B: unit / HRSG electrical e-house (32 x 40 ft) | G20: BFP-2 | H20: BFP-2A/B: boiler feed pumps (13.8 kV DOL) | I20: Control | J20: Control cable 600 V Type TC-ER, Cu #14 AWG, PVC jacket | K20: CT|7/C|14 | L20: 7/C | M20: 14 | N20: 1 | O20: 1 | S20: Tray | T20: 479 | U20: 84 | V20: =ROUNDUP((T20+U20+2*'Read Me'!$B$13)*(1+'Read Me'!$B$12),-1) | W20: =V20*N20*O20 | X20: =IF(LEFT(I20,2)="MV",2*N20*IF(L20="1/C",O20,1),0) | Y20: =IF(OR(LEFT(K20,4)="LVAX",LEFT(K20,6)="MV15AX",LEFT(K20,4)="CTAX",LEFT(K20,2)="W|"),2*N20*O20,0) | AA20: =N20*O20
A21: A-C-0009 | B21: A | C21: Power block | D21: Motor 2 of 4: control / local station | E21: R2B | F21: R2B: unit / HRSG electrical e-house (32 x 40 ft) | G21: BFP-2 | H21: BFP-2A/B: boiler feed pumps (13.8 kV DOL) | I21: Control | J21: Control cable 600 V Type TC-ER, Cu #14 AWG, PVC jacket | K21: CT|7/C|14 | L21: 7/C | M21: 14 | N21: 1 | O21: 1 | S21: Tray | T21: 479 | U21: 84 | V21: =ROUNDUP((T21+U21+2*'Read Me'!$B$13)*(1+'Read Me'!$B$12),-1) | W21: =V21*N21*O21 | X21: =IF(LEFT(I21,2)="MV",2*N21*IF(L21="1/C",O21,1),0) | Y21: =IF(OR(LEFT(K21,4)="LVAX",LEFT(K21,6)="MV15AX",LEFT(K21,4)="CTAX",LEFT(K21,2)="W|"),2*N21*O21,0) | AA21: =N21*O21
A22: A-C-0010 | B22: A | C22: Power block | D22: Motor 3 of 4: control / local station | E22: R2B | F22: R2B: unit / HRSG electrical e-house (32 x 40 ft) | G22: BFP-2 | H22: BFP-2A/B: boiler feed pumps (13.8 kV DOL) | I22: Control | J22: Control cable 600 V Type TC-ER, Cu #14 AWG, PVC jacket | K22: CT|7/C|14 | L22: 7/C | M22: 14 | N22: 1 | O22: 1 | S22: Tray | T22: 479 | U22: 84 | V22: =ROUNDUP((T22+U22+2*'Read Me'!$B$13)*(1+'Read Me'!$B$12),-1) | W22: =V22*N22*O22 | X22: =IF(LEFT(I22,2)="MV",2*N22*IF(L22="1/C",O22,1),0) | Y22: =IF(OR(LEFT(K22,4)="LVAX",LEFT(K22,6)="MV15AX",LEFT(K22,4)="CTAX",LEFT(K22,2)="W|"),2*N22*O22,0) | AA22: =N22*O22
A23: A-C-0011 | B23: A | C23: Power block | D23: Motor 4 of 4: control / local station | E23: R2B | F23: R2B: unit / HRSG electrical e-house (32 x 40 ft) | G23: BFP-2 | H23: BFP-2A/B: boiler feed pumps (13.8 kV DOL) | I23: Control | J23: Control cable 600 V Type TC-ER, Cu #14 AWG, PVC jacket | K23: CT|7/C|14 | L23: 7/C | M23: 14 | N23: 1 | O23: 1 | S23: Tray | T23: 479 | U23: 84 | V23: =ROUNDUP((T23+U23+2*'Read Me'!$B$13)*(1+'Read Me'!$B$12),-1) | W23: =V23*N23*O23 | X23: =IF(LEFT(I23,2)="MV",2*N23*IF(L23="1/C",O23,1),0) | Y23: =IF(OR(LEFT(K23,4)="LVAX",LEFT(K23,6)="MV15AX",LEFT(K23,4)="CTAX",LEFT(K23,2)="W|"),2*N23*O23,0) | AA23: =N23*O23
A24: A-C-0012 | B24: A | C24: Power block | D24: Motor 1 of 4: control / local station | E24: R2C | F24: R2C: unit / HRSG electrical e-house (32 x 40 ft) | G24: BFP-3 | H24: BFP-3A/B: boiler feed pumps (13.8 kV DOL) | I24: Control | J24: Control cable 600 V Type TC-ER, Cu #14 AWG, PVC jacket | K24: CT|7/C|14 | L24: 7/C | M24: 14 | N24: 1 | O24: 1 | S24: Tray | T24: 481 | U24: 84 | V24: =ROUNDUP((T24+U24+2*'Read Me'!$B$13)*(1+'Read Me'!$B$12),-1) | W24: =V24*N24*O24 | X24: =IF(LEFT(I24,2)="MV",2*N24*IF(L24="1/C",O24,1),0) | Y24: =IF(OR(LEFT(K24,4)="LVAX",LEFT(K24,6)="MV15AX",LEFT(K24,4)="CTAX",LEFT(K24,2)="W|"),2*N24*O24,0) | AA24: =N24*O24
... A42: A-C-0030 | B42: A | C42: Power block | D42: Motor 2 of 2: control / local station | E42: R3 | F42: R3: ST auxiliary electrical e-house (40 x 65 ft) | G42: EHC-ST | H42: EHC-ST: ST electro-hydraulic control power unit | I42: Control | J42: Control cable 600 V Type TC-ER, Cu #14 AWG, PVC jacket | K42: CT|7/C|14 | L42: 7/C | M42: 14 | N42: 1 | O42: 1 | S42: Tray | T42: 67 | U42: 89 | V42: =ROUNDUP((T42+U42+2*'Read Me'!$B$13)*(1+'Read Me'!$B$12),-1) | W42: =V42*N42*O42 | X42: =IF(LEFT(I42,2)="MV",2*N42*IF(L42="1/C",O42,1),0) | Y42: =IF(OR(LEFT(K42,4)="LVAX",LEFT(K42,6)="MV15AX",LEFT(K42,4)="CTAX",LEFT(K42,2)="W|"),2*N42*O42,0) | AA42: =N42*O42
A43: A-C-0031 | B43: A | C43: Power block | D43: Solenoid to JB JB-EHC-ST-SOL01: 10 x 2/C (field cables) | E43: EHC-ST | F43: EHC-ST: ST electro-hydraulic control power unit | G43: JB-EHC-ST-SOL01 | H43: EHC-ST: ST electro-hydraulic control power unit | I43: Control | J43: Control cable 600 V Type TC-ER, Cu #14 AWG, PVC jacket | K43: CT|2/C|14 | L43: 2/C | M43: 14 | N43: 10 | O43: 1 | S43: Tray / conduit | T43: 53 | U43: 10 | V43: =ROUNDUP((T43+U43+2*'Read Me'!$B$13)*(1+'Read Me'!$B$12),-1) | W43: =V43*N43*O43 | X43: =IF(LEFT(I43,2)="MV",2*N43*IF(L43="1/C",O43,1),0) | Y43: =IF(OR(LEFT(K43,4)="LVAX",LEFT(K43,6)="MV15AX",LEFT(K43,4)="CTAX",LEFT(K43,2)="W|"),2*N43*O43,0) | Z43: device-to-JB field wiring, one cable per device | AA43: =N43*O43
A44: A-C-0032 | B44: A | C44: Power block | D44: Home run JB-EHC-ST-SOL01 to the control / marshalling room | E44: R3 | F44: R3: ST auxiliary electrical e-house (40 x 65 ft) | G44: JB-EHC-ST-SOL01 | H44: EHC-ST: ST electro-hydraulic control power unit | I44: Control | J44: Control cable 600 V Type TC-ER, Cu #14 AWG, PVC jacket | K44: CT|25/C|14 | L44: 25/C | M44: 14 | N44: 1 | O44: 1 | S44: Tray | T44: 67 | U44: 89 | V44: =ROUNDUP((T44+U44+2*'Read Me'!$B$13)*(1+'Read Me'!$B$12),-1) | W44: =V44*N44*O44 | X44: =IF(LEFT(I44,2)="MV",2*N44*IF(L44="1/C",O44,1),0) | Y44: =IF(OR(LEFT(K44,4)="LVAX",LEFT(K44,6)="MV15AX",LEFT(K44,4)="CTAX",LEFT(K44,2)="W|"),2*N44*O44,0) | AA44: =N44*O44
A45: A-C-0033 | B45: A | C45: Power block | D45: Control | E45: R2A | F45: R2A: unit / HRSG electrical e-house (32 x 40 ft) | G45: ET-1 | H45: ET-1: excitation transformer (dry type, GTG-1 terminals) | I45: Control | J45: Control cable 600 V Type TC-ER, Cu #14 AWG, PVC jacket | K45: CT|7/C|14 | L45: 7/C | M45: 14 | N45: 1 | O45: 1 | S45: Tray | T45: 403 | U45: 119 | V45: =ROUNDUP((T45+U45+2*'Read Me'!$B$13)*(1+'Read Me'!$B$12),-1) | W45: =V45*N45*O45 | X45: =IF(LEFT(I45,2)="MV",2*N45*IF(L45="1/C",O45,1),0) | Y45: =IF(OR(LEFT(K45,4)="LVAX",LEFT(K45,6)="MV15AX",LEFT(K45,4)="CTAX",LEFT(K45,2)="W|"),2*N45*O45,0) | AA45: =N45*O45
A46: A-C-0034 | B46: A | C46: Power block | D46: Control | E46: R2A | F46: R2A: unit / HRSG electrical e-house (32 x 40 ft) | G46: ET-1 | H46: ET-1: excitation transformer (dry type, GTG-1 terminals) | I46: Control | J46: Control cable 600 V Type TC-ER, Cu #14 AWG, PVC jacket | K46: CT|12/C|14 | L46: 12/C | M46: 14 | N46: 1 | O46: 1 | S46: Tray | T46: 403 | U46: 119 | V46: =ROUNDUP((T46+U46+2*'Read Me'!$B$13)*(1+'Read Me'!$B$12),-1) | W46: =V46*N46*O46 | X46: =IF(LEFT(I46,2)="MV",2*N46*IF(L46="1/C",O46,1),0) | Y46: =IF(OR(LEFT(K46,4)="LVAX",LEFT(K46,6)="MV15AX",LEFT(K46,4)="CTAX",LEFT(K46,2)="W|"),2*N46*O46,0) | AA46: =N46*O46
A47: A-C-0035 | B47: A | C47: Power block | D47: CT / VT | E47: R2A | F47: R2A: unit / HRSG electrical e-house (32 x 40 ft) | G47: ET-1 | H47: ET-1: excitation transformer (dry type, GTG-1 terminals) | I47: Control | J47: Control cable 600 V Type TC-ER, Cu #10 AWG (CT / VT circuits) | K47: CTCT|4/C|10 | L47: 4/C | M47: 10 | N47: 1 | O47: 1 | S47: Tray | T47: 403 | U47: 119 | V47: =ROUNDUP((T47+U47+2*'Read Me'!$B$13)*(1+'Read Me'!$B$12),-1) | W47: =V47*N47*O47 | X47: =IF(LEFT(I47,2)="MV",2*N47*IF(L47="1/C",O47,1),0) | Y47: =IF(OR(LEFT(K47,4)="LVAX",LEFT(K47,6)="MV15AX",LEFT(K47,4)="CTAX",LEFT(K47,2)="W|"),2*N47*O47,0) | AA47: =N47*O47
A48: A-C-0036 | B48: A | C48: Power block | D48: CT / VT | E48: R2A | F48: R2A: unit / HRSG electrical e-house (32 x 40 ft) | G48: ET-1 | H48: ET-1: excitation transformer (dry type, GTG-1 terminals) | I48: Control | J48: Control cable 600 V Type TC-ER, Cu #10 AWG (CT / VT circuits) | K48: CTCT|4/C|10 | L48: 4/C | M48: 10 | N48: 1 | O48: 1 | S48: Tray | T48: 403 | U48: 119 | V48: =ROUNDUP((T48+U48+2*'Read Me'!$B$13)*(1+'Read Me'!$B$12),-1) | W48: =V48*N48*O48 | X48: =IF(LEFT(I48,2)="MV",2*N48*IF(L48="1/C",O48,1),0) | Y48: =IF(OR(LEFT(K48,4)="LVAX",LEFT(K48,6)="MV15AX",LEFT(K48,4)="CTAX",LEFT(K48,2)="W|"),2*N48*O48,0) | AA48: =N48*O48
A49: A-C-0037 | B49: A | C49: Power block | D49: Control | E49: R2B | F49: R2B: unit / HRSG electrical e-house (32 x 40 ft) | G49: ET-2 | H49: ET-2: excitation transformer (dry type, GTG-2 terminals) | I49: Control | J49: Control cable 600 V Type TC-ER, Cu #14 AWG, PVC jacket | K49: CT|7/C|14 | L49: 7/C | M49: 14 | N49: 1 | O49: 1 | S49: Tray | T49: 1277 | U49: 209 | V49: =ROUNDUP((T49+U49+2*'Read Me'!$B$13)*(1+'Read Me'!$B$12),-1) | W49: =V49*N49*O49 | X49: =IF(LEFT(I49,2)="MV",2*N49*IF(L49="1/C",O49,1),0) | Y49: =IF(OR(LEFT(K49,4)="LVAX",LEFT(K49,6)="MV15AX",LEFT(K49,4)="CTAX",LEFT(K49,2)="W|"),2*N49*O49,0) | AA49: =N49*O49
A50: A-C-0038 | B50: A | C50: Power block | D50: Control | E50: R2B | F50: R2B: unit / HRSG electrical e-house (32 x 40 ft) | G50: ET-2 | H50: ET-2: excitation transformer (dry type, GTG-2 terminals) | I50: Control | J50: Control cable 600 V Type TC-ER, Cu #14 AWG, PVC jacket | K50: CT|12/C|14 | L50: 12/C | M50: 14 | N50: 1 | O50: 1 | S50: Tray | T50: 1277 | U50: 209 | V50: =ROUNDUP((T50+U50+2*'Read Me'!$B$13)*(1+'Read Me'!$B$12),-1) | W50: =V50*N50*O50 | X50: =IF(LEFT(I50,2)="MV",2*N50*IF(L50="1/C",O50,1),0) | Y50: =IF(OR(LEFT(K50,4)="LVAX",LEFT(K50,6)="MV15AX",LEFT(K50,4)="CTAX",LEFT(K50,2)="W|"),2*N50*O50,0) | AA50: =N50*O50
A51: A-C-0039 | B51: A | C51: Power block | D51: CT / VT | E51: R2B | F51: R2B: unit / HRSG electrical e-house (32 x 40 ft) | G51: ET-2 | H51: ET-2: excitation transformer (dry type, GTG-2 terminals) | I51: Control | J51: Control cable 600 V Type TC-ER, Cu #10 AWG (CT / VT circuits) | K51: CTCT|4/C|10 | L51: 4/C | M51: 10 | N51: 1 | O51: 1 | S51: Tray | T51: 1277 | U51: 209 | V51: =ROUNDUP((T51+U51+2*'Read Me'!$B$13)*(1+'Read Me'!$B$12),-1) | W51: =V51*N51*O51 | X51: =IF(LEFT(I51,2)="MV",2*N51*IF(L51="1/C",O51,1),0) | Y51: =IF(OR(LEFT(K51,4)="LVAX",LEFT(K51,6)="MV15AX",LEFT(K51,4)="CTAX",LEFT(K51,2)="W|"),2*N51*O51,0) | AA51: =N51*O51
A52: A-C-0040 | B52: A | C52: Power block | D52: CT / VT | E52: R2B | F52: R2B: unit / HRSG electrical e-house (32 x 40 ft) | G52: ET-2 | H52: ET-2: excitation transformer (dry type, GTG-2 terminals) | I52: Control | J52: Control cable 600 V Type TC-ER, Cu #10 AWG (CT / VT circuits) | K52: CTCT|4/C|10 | L52: 4/C | M52: 10 | N52: 1 | O52: 1 | S52: Tray | T52: 1277 | U52: 209 | V52: =ROUNDUP((T52+U52+2*'Read Me'!$B$13)*(1+'Read Me'!$B$12),-1) | W52: =V52*N52*O52 | X52: =IF(LEFT(I52,2)="MV",2*N52*IF(L52="1/C",O52,1),0) | Y52: =IF(OR(LEFT(K52,4)="LVAX",LEFT(K52,6)="MV15AX",LEFT(K52,4)="CTAX",LEFT(K52,2)="W|"),2*N52*O52,0) | AA52: =N52*O52
A53: A-C-0041 | B53: A | C53: Power block | D53: Control | E53: R2C | F53: R2C: unit / HRSG electrical e-house (32 x 40 ft) | G53: ET-3 | H53: ET-3: excitation transformer (dry type, GTG-3 terminals) | I53: Control | J53: Control cable 600 V Type TC-ER, Cu #14 AWG, PVC jacket | K53: CT|7/C|14 | L53: 7/C | M53: 14 | N53: 1 | O53: 1 | S53: Duct bank | T53: 1214 | U53: 102 | V53: =ROUNDUP((T53+U53+2*'Read Me'!$B$13)*(1+'Read Me'!$B$12),-1) | W53: =V53*N53*O53 | X53: =IF(LEFT(I53,2)="MV",2*N53*IF(L53="1/C",O53,1),0) | Y53: =IF(OR(LEFT(K53,4)="LVAX",LEFT(K53,6)="MV15AX",LEFT(K53,4)="CTAX",LEFT(K53,2)="W|"),2*N53*O53,0) | AA53: =N53*O53
A54: A-C-0042 | B54: A | C54: Power block | D54: Control | E54: R2C | F54: R2C: unit / HRSG electrical e-house (32 x 40 ft) | G54: ET-3 | H54: ET-3: excitation transformer (dry type, GTG-3 terminals) | I54: Control | J54: Control cable 600 V Type TC-ER, Cu #14 AWG, PVC jacket | K54: CT|12/C|14 | L54: 12/C | M54: 14 | N54: 1 | O54: 1 | S54: Duct bank | T54: 1214 | U54: 102 | V54: =ROUNDUP((T54+U54+2*'Read Me'!$B$13)*(1+'Read Me'!$B$12),-1) | W54: =V54*N54*O54 | X54: =IF(LEFT(I54,2)="MV",2*N54*IF(L54="1/C",O54,1),0) | Y54: =IF(OR(LEFT(K54,4)="LVAX",LEFT(K54,6)="MV15AX",LEFT(K54,4)="CTAX",LEFT(K54,2)="W|"),2*N54*O54,0) | AA54: =N54*O54
A55: A-C-0043 | B55: A | C55: Power block | D55: CT / VT | E55: R2C | F55: R2C: unit / HRSG electrical e-house (32 x 40 ft) | G55: ET-3 | H55: ET-3: excitation transformer (dry type, GTG-3 terminals) | I55: Control | J55: Control cable 600 V Type TC-ER, Cu #10 AWG (CT / VT circuits) | K55: CTCT|4/C|10 | L55: 4/C | M55: 10 | N55: 1 | O55: 1 | S55: Duct bank | T55: 1214 | U55: 102 | V55: =ROUNDUP((T55+U55+2*'Read Me'!$B$13)*(1+'Read Me'!$B$12),-1) | W55: =V55*N55*O55 | X55: =IF(LEFT(I55,2)="MV",2*N55*IF(L55="1/C",O55,1),0) | Y55: =IF(OR(LEFT(K55,4)="LVAX",LEFT(K55,6)="MV15AX",LEFT(K55,4)="CTAX",LEFT(K55,2)="W|"),2*N55*O55,0) | AA55: =N55*O55
... A58: A-C-0046 | B58: A | C58: Power block | D58: Motor 2 of 2: control / local station | E58: MCC-GT1 | F58: R1 MCC-GT1 | G58: FH-1 | H58: FH-1: GT inlet filter house on its own frame | I58: Control | J58: Control cable 600 V Type TC-ER, Cu #14 AWG, PVC jacket | K58: CT|7/C|14 | L58: 7/C | M58: 14 | N58: 1 | O58: 1 | S58: Tray | T58: 451 | U58: 157 | V58: =ROUNDUP((T58+U58+2*'Read Me'!$B$13)*(1+'Read Me'!$B$12),-1) | W58: =V58*N58*O58 | X58: =IF(LEFT(I58,2)="MV",2*N58*IF(L58="1/C",O58,1),0) | Y58: =IF(OR(LEFT(K58,4)="LVAX",LEFT(K58,6)="MV15AX",LEFT(K58,4)="CTAX",LEFT(K58,2)="W|"),2*N58*O58,0) | AA58: =N58*O58
A59: A-C-0047 | B59: A | C59: Power block | D59: Solenoid to JB JB-FH-1-SOL01: 10 x 2/C (field cables) | E59: FH-1 | F59: FH-1: GT inlet filter house on its own frame | G59: JB-FH-1-SOL01 | H59: FH-1: GT inlet filter house on its own frame | I59: Control | J59: Control cable 600 V Type TC-ER, Cu #14 AWG, PVC jacket | K59: CT|2/C|14 | L59: 2/C | M59: 14 | N59: 10 | O59: 1 | S59: Tray / conduit | T59: 140 | U59: 10 | V59: =ROUNDUP((T59+U59+2*'Read Me'!$B$13)*(1+'Read Me'!$B$12),-1) | W59: =V59*N59*O59 | X59: =IF(LEFT(I59,2)="MV",2*N59*IF(L59="1/C",O59,1),0) | Y59: =IF(OR(LEFT(K59,4)="LVAX",LEFT(K59,6)="MV15AX",LEFT(K59,4)="CTAX",LEFT(K59,2)="W|"),2*N59*O59,0) | Z59: device-to-JB field wiring, one cable per device | AA59: =N59*O59
A60: A-C-0048 | B60: A | C60: Power block | D60: Home run JB-FH-1-SOL01 to the control / marshalling room | E60: R2A | F60: R2A: unit / HRSG electrical e-house (32 x 40 ft) | G60: JB-FH-1-SOL01 | H60: FH-1: GT inlet filter house on its own frame | I60: Control | J60: Control cable 600 V Type TC-ER, Cu #14 AWG, PVC jacket | K60: CT|25/C|14 | L60: 25/C | M60: 14 | N60: 1 | O60: 1 | S60: Tray | T60: 373 | U60: 106 | V60: =ROUNDUP((T60+U60+2*'Read Me'!$B$13)*(1+'Read Me'!$B$12),-1) | W60: =V60*N60*O60 | X60: =IF(LEFT(I60,2)="MV",2*N60*IF(L60="1/C",O60,1),0) | Y60: =IF(OR(LEFT(K60,4)="LVAX",LEFT(K60,6)="MV15AX",LEFT(K60,4)="CTAX",LEFT(K60,2)="W|"),2*N60*O60,0) | AA60: =N60*O60
A61: A-C-0049 | B61: A | C61: Power block | D61: Solenoid to JB JB-FH-1-SOL02: 10 x 2/C (field cables) | E61: FH-1 | F61: FH-1: GT inlet filter house on its own frame | G61: JB-FH-1-SOL02 | H61: FH-1: GT inlet filter house on its own frame | I61: Control | J61: Control cable 600 V Type TC-ER, Cu #14 AWG, PVC jacket | K61: CT|2/C|14 | L61: 2/C | M61: 14 | N61: 10 | O61: 1 | S61: Tray / conduit | T61: 140 | U61: 10 | V61: =ROUNDUP((T61+U61+2*'Read Me'!$B$13)*(1+'Read Me'!$B$12),-1) | W61: =V61*N61*O61 | X61: =IF(LEFT(I61,2)="MV",2*N61*IF(L61="1/C",O61,1),0) | Y61: =IF(OR(LEFT(K61,4)="LVAX",LEFT(K61,6)="MV15AX",LEFT(K61,4)="CTAX",LEFT(K61,2)="W|"),2*N61*O61,0) | Z61: device-to-JB field wiring, one cable per device | AA61: =N61*O61
A62: A-C-0050 | B62: A | C62: Power block | D62: Home run JB-FH-1-SOL02 to the control / marshalling room | E62: R2A | F62: R2A: unit / HRSG electrical e-house (32 x 40 ft) | G62: JB-FH-1-SOL02 | H62: FH-1: GT inlet filter house on its own frame | I62: Control | J62: Control cable 600 V Type TC-ER, Cu #14 AWG, PVC jacket | K62: CT|25/C|14 | L62: 25/C | M62: 14 | N62: 1 | O62: 1 | S62: Tray | T62: 373 | U62: 106 | V62: =ROUNDUP((T62+U62+2*'Read Me'!$B$13)*(1+'Read Me'!$B$12),-1) | W62: =V62*N62*O62 | X62: =IF(LEFT(I62,2)="MV",2*N62*IF(L62="1/C",O62,1),0) | Y62: =IF(OR(LEFT(K62,4)="LVAX",LEFT(K62,6)="MV15AX",LEFT(K62,4)="CTAX",LEFT(K62,2)="W|"),2*N62*O62,0) | AA62: =N62*O62
A63: A-C-0051 | B63: A | C63: Power block | D63: Solenoid to JB JB-FH-1-SOL03: 10 x 2/C (field cables) | E63: FH-1 | F63: FH-1: GT inlet filter house on its own frame | G63: JB-FH-1-SOL03 | H63: FH-1: GT inlet filter house on its own frame | I63: Control | J63: Control cable 600 V Type TC-ER, Cu #14 AWG, PVC jacket | K63: CT|2/C|14 | L63: 2/C | M63: 14 | N63: 10 | O63: 1 | S63: Tray / conduit | T63: 140 | U63: 10 | V63: =ROUNDUP((T63+U63+2*'Read Me'!$B$13)*(1+'Read Me'!$B$12),-1) | W63: =V63*N63*O63 | X63: =IF(LEFT(I63,2)="MV",2*N63*IF(L63="1/C",O63,1),0) | Y63: =IF(OR(LEFT(K63,4)="LVAX",LEFT(K63,6)="MV15AX",LEFT(K63,4)="CTAX",LEFT(K63,2)="W|"),2*N63*O63,0) | Z63: device-to-JB field wiring, one cable per device | AA63: =N63*O63
A64: A-C-0052 | B64: A | C64: Power block | D64: Home run JB-FH-1-SOL03 to the control / marshalling room | E64: R2A | F64: R2A: unit / HRSG electrical e-house (32 x 40 ft) | G64: JB-FH-1-SOL03 | H64: FH-1: GT inlet filter house on its own frame | I64: Control | J64: Control cable 600 V Type TC-ER, Cu #14 AWG, PVC jacket | K64: CT|25/C|14 | L64: 25/C | M64: 14 | N64: 1 | O64: 1 | S64: Tray | T64: 373 | U64: 106 | V64: =ROUNDUP((T64+U64+2*'Read Me'!$B$13)*(1+'Read Me'!$B$12),-1) | W64: =V64*N64*O64 | X64: =IF(LEFT(I64,2)="MV",2*N64*IF(L64="1/C",O64,1),0) | Y64: =IF(OR(LEFT(K64,4)="LVAX",LEFT(K64,6)="MV15AX",LEFT(K64,4)="CTAX",LEFT(K64,2)="W|"),2*N64*O64,0) | AA64: =N64*O64
A65: A-C-0053 | B65: A | C65: Power block | D65: Solenoid to JB JB-FH-1-SOL04: 10 x 2/C (field cables) | E65: FH-1 | F65: FH-1: GT inlet filter house on its own frame | G65: JB-FH-1-SOL04 | H65: FH-1: GT inlet filter house on its own frame | I65: Control | J65: Control cable 600 V Type TC-ER, Cu #14 AWG, PVC jacket | K65: CT|2/C|14 | L65: 2/C | M65: 14 | N65: 10 | O65: 1 | S65: Tray / conduit | T65: 140 | U65: 10 | V65: =ROUNDUP((T65+U65+2*'Read Me'!$B$13)*(1+'Read Me'!$B$12),-1) | W65: =V65*N65*O65 | X65: =IF(LEFT(I65,2)="MV",2*N65*IF(L65="1/C",O65,1),0) | Y65: =IF(OR(LEFT(K65,4)="LVAX",LEFT(K65,6)="MV15AX",LEFT(K65,4)="CTAX",LEFT(K65,2)="W|"),2*N65*O65,0) | Z65: device-to-JB field wiring, one cable per device | AA65: =N65*O65
A66: A-C-0054 | B66: A | C66: Power block | D66: Home run JB-FH-1-SOL04 to the control / marshalling room | E66: R2A | F66: R2A: unit / HRSG electrical e-house (32 x 40 ft) | G66: JB-FH-1-SOL04 | H66: FH-1: GT inlet filter house on its own frame | I66: Control | J66: Control cable 600 V Type TC-ER, Cu #14 AWG, PVC jacket | K66: CT|25/C|14 | L66: 25/C | M66: 14 | N66: 1 | O66: 1 | S66: Tray | T66: 373 | U66: 106 | V66: =ROUNDUP((T66+U66+2*'Read Me'!$B$13)*(1+'Read Me'!$B$12),-1) | W66: =V66*N66*O66 | X66: =IF(LEFT(I66,2)="MV",2*N66*IF(L66="1/C",O66,1),0) | Y66: =IF(OR(LEFT(K66,4)="LVAX",LEFT(K66,6)="MV15AX",LEFT(K66,4)="CTAX",LEFT(K66,2)="W|"),2*N66*O66,0) | AA66: =N66*O66
A67: A-C-0055 | B67: A | C67: Power block | D67: Solenoid to JB JB-FH-1-SOL05: 10 x 2/C (field cables) | E67: FH-1 | F67: FH-1: GT inlet filter house on its own frame | G67: JB-FH-1-SOL05 | H67: FH-1: GT inlet filter house on its own frame | I67: Control | J67: Control cable 600 V Type TC-ER, Cu #14 AWG, PVC jacket | K67: CT|2/C|14 | L67: 2/C | M67: 14 | N67: 10 | O67: 1 | S67: Tray / conduit | T67: 140 | U67: 10 | V67: =ROUNDUP((T67+U67+2*'Read Me'!$B$13)*(1+'Read Me'!$B$12),-1) | W67: =V67*N67*O67 | X67: =IF(LEFT(I67,2)="MV",2*N67*IF(L67="1/C",O67,1),0) | Y67: =IF(OR(LEFT(K67,4)="LVAX",LEFT(K67,6)="MV15AX",LEFT(K67,4)="CTAX",LEFT(K67,2)="W|"),2*N67*O67,0) | Z67: device-to-JB field wiring, one cable per device | AA67: =N67*O67
A68: A-C-0056 | B68: A | C68: Power block | D68: Home run JB-FH-1-SOL05 to the control / marshalling room | E68: R2A | F68: R2A: unit / HRSG electrical e-house (32 x 40 ft) | G68: JB-FH-1-SOL05 | H68: FH-1: GT inlet filter house on its own frame | I68: Control | J68: Control cable 600 V Type TC-ER, Cu #14 AWG, PVC jacket | K68: CT|25/C|14 | L68: 25/C | M68: 14 | N68: 1 | O68: 1 | S68: Tray | T68: 373 | U68: 106 | V68: =ROUNDUP((T68+U68+2*'Read Me'!$B$13)*(1+'Read Me'!$B$12),-1) | W68: =V68*N68*O68 | X68: =IF(LEFT(I68,2)="MV",2*N68*IF(L68="1/C",O68,1),0) | Y68: =IF(OR(LEFT(K68,4)="LVAX",LEFT(K68,6)="MV15AX",LEFT(K68,4)="CTAX",LEFT(K68,2)="W|"),2*N68*O68,0) | AA68: =N68*O68
A69: A-C-0057 | B69: A | C69: Power block | D69: Solenoid to JB JB-FH-1-SOL06: 10 x 2/C (field cables) | E69: FH-1 | F69: FH-1: GT inlet filter house on its own frame | G69: JB-FH-1-SOL06 | H69: FH-1: GT inlet filter house on its own frame | I69: Control | J69: Control cable 600 V Type TC-ER, Cu #14 AWG, PVC jacket | K69: CT|2/C|14 | L69: 2/C | M69: 14 | N69: 10 | O69: 1 | S69: Tray / conduit | T69: 140 | U69: 10 | V69: =ROUNDUP((T69+U69+2*'Read Me'!$B$13)*(1+'Read Me'!$B$12),-1) | W69: =V69*N69*O69 | X69: =IF(LEFT(I69,2)="MV",2*N69*IF(L69="1/C",O69,1),0) | Y69: =IF(OR(LEFT(K69,4)="LVAX",LEFT(K69,6)="MV15AX",LEFT(K69,4)="CTAX",LEFT(K69,2)="W|"),2*N69*O69,0) | Z69: device-to-JB field wiring, one cable per device | AA69: =N69*O69
A70: A-C-0058 | B70: A | C70: Power block | D70: Home run JB-FH-1-SOL06 to the control / marshalling room | E70: R2A | F70: R2A: unit / HRSG electrical e-house (32 x 40 ft) | G70: JB-FH-1-SOL06 | H70: FH-1: GT inlet filter house on its own frame | I70: Control | J70: Control cable 600 V Type TC-ER, Cu #14 AWG, PVC jacket | K70: CT|25/C|14 | L70: 25/C | M70: 14 | N70: 1 | O70: 1 | S70: Tray | T70: 373 | U70: 106 | V70: =ROUNDUP((T70+U70+2*'Read Me'!$B$13)*(1+'Read Me'!$B$12),-1) | W70: =V70*N70*O70 | X70: =IF(LEFT(I70,2)="MV",2*N70*IF(L70="1/C",O70,1),0) | Y70: =IF(OR(LEFT(K70,4)="LVAX",LEFT(K70,6)="MV15AX",LEFT(K70,4)="CTAX",LEFT(K70,2)="W|"),2*N70*O70,0) | AA70: =N70*O70
A71: A-C-0059 | B71: A | C71: Power block | D71: Motor 1 of 2: control / local station | E71: MCC-GT2 | F71: R1 MCC-GT2 | G71: FH-2 | H71: FH-2: GT inlet filter house on its own frame | I71: Control | J71: Control cable 600 V Type TC-ER, Cu #14 AWG, PVC jacket | K71: CT|7/C|14 | L71: 7/C | M71: 14 | N71: 1 | O71: 1 | S71: Tray | T71: 631 | U71: 137 | V71: =ROUNDUP((T71+U71+2*'Read Me'!$B$13)*(1+'Read Me'!$B$12),-1) | W71: =V71*N71*O71 | X71: =IF(LEFT(I71,2)="MV",2*N71*IF(L71="1/C",O71,1),0) | Y71: =IF(OR(LEFT(K71,4)="LVAX",LEFT(K71,6)="MV15AX",LEFT(K71,4)="CTAX",LEFT(K71,2)="W|"),2*N71*O71,0) | AA71: =N71*O71
A72: A-C-0060 | B72: A | C72: Power block | D72: Motor 2 of 2: control / local station | E72: MCC-GT2 | F72: R1 MCC-GT2 | G72: FH-2 | H72: FH-2: GT inlet filter house on its own frame | I72: Control | J72: Control cable 600 V Type TC-ER, Cu #14 AWG, PVC jacket | K72: CT|7/C|14 | L72: 7/C | M72: 14 | N72: 1 | O72: 1 | S72: Tray | T72: 631 | U72: 137 | V72: =ROUNDUP((T72+U72+2*'Read Me'!$B$13)*(1+'Read Me'!$B$12),-1) | W72: =V72*N72*O72 | X72: =IF(LEFT(I72,2)="MV",2*N72*IF(L72="1/C",O72,1),0) | Y72: =IF(OR(LEFT(K72,4)="LVAX",LEFT(K72,6)="MV15AX",LEFT(K72,4)="CTAX",LEFT(K72,2)="W|"),2*N72*O72,0) | AA72: =N72*O72
A73: A-C-0061 | B73: A | C73: Power block | D73: Solenoid to JB JB-FH-2-SOL01: 10 x 2/C (field cables) | E73: FH-2 | F73: FH-2: GT inlet filter house on its own frame | G73: JB-FH-2-SOL01 | H73: FH-2: GT inlet filter house on its own frame | I73: Control | J73: Control cable 600 V Type TC-ER, Cu #14 AWG, PVC jacket | K73: CT|2/C|14 | L73: 2/C | M73: 14 | N73: 10 | O73: 1 | S73: Tray / conduit | T73: 140 | U73: 10 | V73: =ROUNDUP((T73+U73+2*'Read Me'!$B$13)*(1+'Read Me'!$B$12),-1) | W73: =V73*N73*O73 | X73: =IF(LEFT(I73,2)="MV",2*N73*IF(L73="1/C",O73,1),0) | Y73: =IF(OR(LEFT(K73,4)="LVAX",LEFT(K73,6)="MV15AX",LEFT(K73,4)="CTAX",LEFT(K73,2)="W|"),2*N73*O73,0) | Z73: device-to-JB field wiring, one cable per device | AA73: =N73*O73
A74: A-C-0062 | B74: A | C74: Power block | D74: Home run JB-FH-2-SOL01 to the control / marshalling room | E74: R2B | F74: R2B: unit / HRSG electrical e-house (32 x 40 ft) | G74: JB-FH-2-SOL01 | H74: FH-2: GT inlet filter house on its own frame | I74: Control | J74: Control cable 600 V Type TC-ER, Cu #14 AWG, PVC jacket | K74: CT|25/C|14 | L74: 25/C | M74: 14 | N74: 1 | O74: 1 | S74: Tray | T74: 1247 | U74: 196 | V74: =ROUNDUP((T74+U74+2*'Read Me'!$B$13)*(1+'Read Me'!$B$12),-1) | W74: =V74*N74*O74 | X74: =IF(LEFT(I74,2)="MV",2*N74*IF(L74="1/C",O74,1),0) | Y74: =IF(OR(LEFT(K74,4)="LVAX",LEFT(K74,6)="MV15AX",LEFT(K74,4)="CTAX",LEFT(K74,2)="W|"),2*N74*O74,0) | AA74: =N74*O74
A75: A-C-0063 | B75: A | C75: Power block | D75: Solenoid to JB JB-FH-2-SOL02: 10 x 2/C (field cables) | E75: FH-2 | F75: FH-2: GT inlet filter house on its own frame | G75: JB-FH-2-SOL02 | H75: FH-2: GT inlet filter house on its own frame | I75: Control | J75: Control cable 600 V Type TC-ER, Cu #14 AWG, PVC jacket | K75: CT|2/C|14 | L75: 2/C | M75: 14 | N75: 10 | O75: 1 | S75: Tray / conduit | T75: 140 | U75: 10 | V75: =ROUNDUP((T75+U75+2*'Read Me'!$B$13)*(1+'Read Me'!$B$12),-1) | W75: =V75*N75*O75 | X75: =IF(LEFT(I75,2)="MV",2*N75*IF(L75="1/C",O75,1),0) | Y75: =IF(OR(LEFT(K75,4)="LVAX",LEFT(K75,6)="MV15AX",LEFT(K75,4)="CTAX",LEFT(K75,2)="W|"),2*N75*O75,0) | Z75: device-to-JB field wiring, one cable per device | AA75: =N75*O75
A76: A-C-0064 | B76: A | C76: Power block | D76: Home run JB-FH-2-SOL02 to the control / marshalling room | E76: R2B | F76: R2B: unit / HRSG electrical e-house (32 x 40 ft) | G76: JB-FH-2-SOL02 | H76: FH-2: GT inlet filter house on its own frame | I76: Control | J76: Control cable 600 V Type TC-ER, Cu #14 AWG, PVC jacket | K76: CT|25/C|14 | L76: 25/C | M76: 14 | N76: 1 | O76: 1 | S76: Tray | T76: 1247 | U76: 196 | V76: =ROUNDUP((T76+U76+2*'Read Me'!$B$13)*(1+'Read Me'!$B$12),-1) | W76: =V76*N76*O76 | X76: =IF(LEFT(I76,2)="MV",2*N76*IF(L76="1/C",O76,1),0) | Y76: =IF(OR(LEFT(K76,4)="LVAX",LEFT(K76,6)="MV15AX",LEFT(K76,4)="CTAX",LEFT(K76,2)="W|"),2*N76*O76,0) | AA76: =N76*O76
A77: A-C-0065 | B77: A | C77: Power block | D77: Solenoid to JB JB-FH-2-SOL03: 10 x 2/C (field cables) | E77: FH-2 | F77: FH-2: GT inlet filter house on its own frame | G77: JB-FH-2-SOL03 | H77: FH-2: GT inlet filter house on its own frame | I77: Control | J77: Control cable 600 V Type TC-ER, Cu #14 AWG, PVC jacket | K77: CT|2/C|14 | L77: 2/C | M77: 14 | N77: 10 | O77: 1 | S77: Tray / conduit | T77: 140 | U77: 10 | V77: =ROUNDUP((T77+U77+2*'Read Me'!$B$13)*(1+'Read Me'!$B$12),-1) | W77: =V77*N77*O77 | X77: =IF(LEFT(I77,2)="MV",2*N77*IF(L77="1/C",O77,1),0) | Y77: =IF(OR(LEFT(K77,4)="LVAX",LEFT(K77,6)="MV15AX",LEFT(K77,4)="CTAX",LEFT(K77,2)="W|"),2*N77*O77,0) | Z77: device-to-JB field wiring, one cable per device | AA77: =N77*O77
A78: A-C-0066 | B78: A | C78: Power block | D78: Home run JB-FH-2-SOL03 to the control / marshalling room | E78: R2B | F78: R2B: unit / HRSG electrical e-house (32 x 40 ft) | G78: JB-FH-2-SOL03 | H78: FH-2: GT inlet filter house on its own frame | I78: Control | J78: Control cable 600 V Type TC-ER, Cu #14 AWG, PVC jacket | K78: CT|25/C|14 | L78: 25/C | M78: 14 | N78: 1 | O78: 1 | S78: Tray | T78: 1247 | U78: 196 | V78: =ROUNDUP((T78+U78+2*'Read Me'!$B$13)*(1+'Read Me'!$B$12),-1) | W78: =V78*N78*O78 | X78: =IF(LEFT(I78,2)="MV",2*N78*IF(L78="1/C",O78,1),0) | Y78: =IF(OR(LEFT(K78,4)="LVAX",LEFT(K78,6)="MV15AX",LEFT(K78,4)="CTAX",LEFT(K78,2)="W|"),2*N78*O78,0) | AA78: =N78*O78
A79: A-C-0067 | B79: A | C79: Power block | D79: Solenoid to JB JB-FH-2-SOL04: 10 x 2/C (field cables) | E79: FH-2 | F79: FH-2: GT inlet filter house on its own frame | G79: JB-FH-2-SOL04 | H79: FH-2: GT inlet filter house on its own frame | I79: Control | J79: Control cable 600 V Type TC-ER, Cu #14 AWG, PVC jacket | K79: CT|2/C|14 | L79: 2/C | M79: 14 | N79: 10 | O79: 1 | S79: Tray / conduit | T79: 140 | U79: 10 | V79: =ROUNDUP((T79+U79+2*'Read Me'!$B$13)*(1+'Read Me'!$B$12),-1) | W79: =V79*N79*O79 | X79: =IF(LEFT(I79,2)="MV",2*N79*IF(L79="1/C",O79,1),0) | Y79: =IF(OR(LEFT(K79,4)="LVAX",LEFT(K79,6)="MV15AX",LEFT(K79,4)="CTAX",LEFT(K79,2)="W|"),2*N79*O79,0) | Z79: device-to-JB field wiring, one cable per device | AA79: =N79*O79
A80: A-C-0068 | B80: A | C80: Power block | D80: Home run JB-FH-2-SOL04 to the control / marshalling room | E80: R2B | F80: R2B: unit / HRSG electrical e-house (32 x 40 ft) | G80: JB-FH-2-SOL04 | H80: FH-2: GT inlet filter house on its own frame | I80: Control | J80: Control cable 600 V Type TC-ER, Cu #14 AWG, PVC jacket | K80: CT|25/C|14 | L80: 25/C | M80: 14 | N80: 1 | O80: 1 | S80: Tray | T80: 1247 | U80: 196 | V80: =ROUNDUP((T80+U80+2*'Read Me'!$B$13)*(1+'Read Me'!$B$12),-1) | W80: =V80*N80*O80 | X80: =IF(LEFT(I80,2)="MV",2*N80*IF(L80="1/C",O80,1),0) | Y80: =IF(OR(LEFT(K80,4)="LVAX",LEFT(K80,6)="MV15AX",LEFT(K80,4)="CTAX",LEFT(K80,2)="W|"),2*N80*O80,0) | AA80: =N80*O80
A81: A-C-0069 | B81: A | C81: Power block | D81: Solenoid to JB JB-FH-2-SOL05: 10 x 2/C (field cables) | E81: FH-2 | F81: FH-2: GT inlet filter house on its own frame | G81: JB-FH-2-SOL05 | H81: FH-2: GT inlet filter house on its own frame | I81: Control | J81: Control cable 600 V Type TC-ER, Cu #14 AWG, PVC jacket | K81: CT|2/C|14 | L81: 2/C | M81: 14 | N81: 10 | O81: 1 | S81: Tray / conduit | T81: 140 | U81: 10 | V81: =ROUNDUP((T81+U81+2*'Read Me'!$B$13)*(1+'Read Me'!$B$12),-1) | W81: =V81*N81*O81 | X81: =IF(LEFT(I81,2)="MV",2*N81*IF(L81="1/C",O81,1),0) | Y81: =IF(OR(LEFT(K81,4)="LVAX",LEFT(K81,6)="MV15AX",LEFT(K81,4)="CTAX",LEFT(K81,2)="W|"),2*N81*O81,0) | Z81: device-to-JB field wiring, one cable per device | AA81: =N81*O81
A82: A-C-0070 | B82: A | C82: Power block | D82: Home run JB-FH-2-SOL05 to the control / marshalling room | E82: R2B | F82: R2B: unit / HRSG electrical e-house (32 x 40 ft) | G82: JB-FH-2-SOL05 | H82: FH-2: GT inlet filter house on its own frame | I82: Control | J82: Control cable 600 V Type TC-ER, Cu #14 AWG, PVC jacket | K82: CT|25/C|14 | L82: 25/C | M82: 14 | N82: 1 | O82: 1 | S82: Tray | T82: 1247 | U82: 196 | V82: =ROUNDUP((T82+U82+2*'Read Me'!$B$13)*(1+'Read Me'!$B$12),-1) | W82: =V82*N82*O82 | X82: =IF(LEFT(I82,2)="MV",2*N82*IF(L82="1/C",O82,1),0) | Y82: =IF(OR(LEFT(K82,4)="LVAX",LEFT(K82,6)="MV15AX",LEFT(K82,4)="CTAX",LEFT(K82,2)="W|"),2*N82*O82,0) | AA82: =N82*O82
A83: A-C-0071 | B83: A | C83: Power block | D83: Solenoid to JB JB-FH-2-SOL06: 10 x 2/C (field cables) | E83: FH-2 | F83: FH-2: GT inlet filter house on its own frame | G83: JB-FH-2-SOL06 | H83: FH-2: GT inlet filter house on its own frame | I83: Control | J83: Control cable 600 V Type TC-ER, Cu #14 AWG, PVC jacket | K83: CT|2/C|14 | L83: 2/C | M83: 14 | N83: 10 | O83: 1 | S83: Tray / conduit | T83: 140 | U83: 10 | V83: =ROUNDUP((T83+U83+2*'Read Me'!$B$13)*(1+'Read Me'!$B$12),-1) | W83: =V83*N83*O83 | X83: =IF(LEFT(I83,2)="MV",2*N83*IF(L83="1/C",O83,1),0) | Y83: =IF(OR(LEFT(K83,4)="LVAX",LEFT(K83,6)="MV15AX",LEFT(K83,4)="CTAX",LEFT(K83,2)="W|"),2*N83*O83,0) | Z83: device-to-JB field wiring, one cable per device | AA83: =N83*O83
A84: A-C-0072 | B84: A | C84: Power block | D84: Home run JB-FH-2-SOL06 to the control / marshalling room | E84: R2B | F84: R2B: unit / HRSG electrical e-house (32 x 40 ft) | G84: JB-FH-2-SOL06 | H84: FH-2: GT inlet filter house on its own frame | I84: Control | J84: Control cable 600 V Type TC-ER, Cu #14 AWG, PVC jacket | K84: CT|25/C|14 | L84: 25/C | M84: 14 | N84: 1 | O84: 1 | S84: Tray | T84: 1247 | U84: 196 | V84: =ROUNDUP((T84+U84+2*'Read Me'!$B$13)*(1+'Read Me'!$B$12),-1) | W84: =V84*N84*O84 | X84: =IF(LEFT(I84,2)="MV",2*N84*IF(L84="1/C",O84,1),0) | Y84: =IF(OR(LEFT(K84,4)="LVAX",LEFT(K84,6)="MV15AX",LEFT(K84,4)="CTAX",LEFT(K84,2)="W|"),2*N84*O84,0) | AA84: =N84*O84
A85: A-C-0073 | B85: A | C85: Power block | D85: Motor 1 of 2: control / local station | E85: MCC-GT3 | F85: R1 MCC-GT3 | G85: FH-3 | H85: FH-3: GT inlet filter house on its own frame | I85: Control | J85: Control cable 600 V Type TC-ER, Cu #14 AWG, PVC jacket | K85: CT|7/C|14 | L85: 7/C | M85: 14 | N85: 1 | O85: 1 | S85: Tray | T85: 799 | U85: 145 | V85: =ROUNDUP((T85+U85+2*'Read Me'!$B$13)*(1+'Read Me'!$B$12),-1) | W85: =V85*N85*O85 | X85: =IF(LEFT(I85,2)="MV",2*N85*IF(L85="1/C",O85,1),0) | Y85: =IF(OR(LEFT(K85,4)="LVAX",LEFT(K85,6)="MV15AX",LEFT(K85,4)="CTAX",LEFT(K85,2)="W|"),2*N85*O85,0) | AA85: =N85*O85
A86: A-C-0074 | B86: A | C86: Power block | D86: Motor 2 of 2: control / local station | E86: MCC-GT3 | F86: R1 MCC-GT3 | G86: FH-3 | H86: FH-3: GT inlet filter house on its own frame | I86: Control | J86: Control cable 600 V Type TC-ER, Cu #14 AWG, PVC jacket | K86: CT|7/C|14 | L86: 7/C | M86: 14 | N86: 1 | O86: 1 | S86: Tray | T86: 799 | U86: 145 | V86: =ROUNDUP((T86+U86+2*'Read Me'!$B$13)*(1+'Read Me'!$B$12),-1) | W86: =V86*N86*O86 | X86: =IF(LEFT(I86,2)="MV",2*N86*IF(L86="1/C",O86,1),0) | Y86: =IF(OR(LEFT(K86,4)="LVAX",LEFT(K86,6)="MV15AX",LEFT(K86,4)="CTAX",LEFT(K86,2)="W|"),2*N86*O86,0) | AA86: =N86*O86
A87: A-C-0075 | B87: A | C87: Power block | D87: Solenoid to JB JB-FH-3-SOL01: 10 x 2/C (field cables) | E87: FH-3 | F87: FH-3: GT inlet filter house on its own frame | G87: JB-FH-3-SOL01 | H87: FH-3: GT inlet filter house on its own frame | I87: Control | J87: Control cable 600 V Type TC-ER, Cu #14 AWG, PVC jacket | K87: CT|2/C|14 | L87: 2/C | M87: 14 | N87: 10 | O87: 1 | S87: Tray / conduit | T87: 140 | U87: 10 | V87: =ROUNDUP((T87+U87+2*'Read Me'!$B$13)*(1+'Read Me'!$B$12),-1) | W87: =V87*N87*O87 | X87: =IF(LEFT(I87,2)="MV",2*N87*IF(L87="1/C",O87,1),0) | Y87: =IF(OR(LEFT(K87,4)="LVAX",LEFT(K87,6)="MV15AX",LEFT(K87,4)="CTAX",LEFT(K87,2)="W|"),2*N87*O87,0) | Z87: device-to-JB field wiring, one cable per device | AA87: =N87*O87
A88: A-C-0076 | B88: A | C88: Power block | D88: Home run JB-FH-3-SOL01 to the control / marshalling room | E88: R2C | F88: R2C: unit / HRSG electrical e-house (32 x 40 ft) | G88: JB-FH-3-SOL01 | H88: FH-3: GT inlet filter house on its own frame | I88: Control | J88: Control cable 600 V Type TC-ER, Cu #14 AWG, PVC jacket | K88: CT|25/C|14 | L88: 25/C | M88: 14 | N88: 1 | O88: 1 | S88: Duct bank | T88: 1193 | U88: 96 | V88: =ROUNDUP((T88+U88+2*'Read Me'!$B$13)*(1+'Read Me'!$B$12),-1) | W88: =V88*N88*O88 | X88: =IF(LEFT(I88,2)="MV",2*N88*IF(L88="1/C",O88,1),0) | Y88: =IF(OR(LEFT(K88,4)="LVAX",LEFT(K88,6)="MV15AX",LEFT(K88,4)="CTAX",LEFT(K88,2)="W|"),2*N88*O88,0) | AA88: =N88*O88
A89: A-C-0077 | B89: A | C89: Power block | D89: Solenoid to JB JB-FH-3-SOL02: 10 x 2/C (field cables) | E89: FH-3 | F89: FH-3: GT inlet filter house on its own frame | G89: JB-FH-3-SOL02 | H89: FH-3: GT inlet filter house on its own frame | I89: Control | J89: Control cable 600 V Type TC-ER, Cu #14 AWG, PVC jacket | K89: CT|2/C|14 | L89: 2/C | M89: 14 | N89: 10 | O89: 1 | S89: Tray / conduit | T89: 140 | U89: 10 | V89: =ROUNDUP((T89+U89+2*'Read Me'!$B$13)*(1+'Read Me'!$B$12),-1) | W89: =V89*N89*O89 | X89: =IF(LEFT(I89,2)="MV",2*N89*IF(L89="1/C",O89,1),0) | Y89: =IF(OR(LEFT(K89,4)="LVAX",LEFT(K89,6)="MV15AX",LEFT(K89,4)="CTAX",LEFT(K89,2)="W|"),2*N89*O89,0) | Z89: device-to-JB field wiring, one cable per device | AA89: =N89*O89
A90: A-C-0078 | B90: A | C90: Power block | D90: Home run JB-FH-3-SOL02 to the control / marshalling room | E90: R2C | F90: R2C: unit / HRSG electrical e-house (32 x 40 ft) | G90: JB-FH-3-SOL02 | H90: FH-3: GT inlet filter house on its own frame | I90: Control | J90: Control cable 600 V Type TC-ER, Cu #14 AWG, PVC jacket | K90: CT|25/C|14 | L90: 25/C | M90: 14 | N90: 1 | O90: 1 | S90: Duct bank | T90: 1193 | U90: 96 | V90: =ROUNDUP((T90+U90+2*'Read Me'!$B$13)*(1+'Read Me'!$B$12),-1) | W90: =V90*N90*O90 | X90: =IF(LEFT(I90,2)="MV",2*N90*IF(L90="1/C",O90,1),0) | Y90: =IF(OR(LEFT(K90,4)="LVAX",LEFT(K90,6)="MV15AX",LEFT(K90,4)="CTAX",LEFT(K90,2)="W|"),2*N90*O90,0) | AA90: =N90*O90
A91: A-C-0079 | B91: A | C91: Power block | D91: Solenoid to JB JB-FH-3-SOL03: 10 x 2/C (field cables) | E91: FH-3 | F91: FH-3: GT inlet filter house on its own frame | G91: JB-FH-3-SOL03 | H91: FH-3: GT inlet filter house on its own frame | I91: Control | J91: Control cable 600 V Type TC-ER, Cu #14 AWG, PVC jacket | K91: CT|2/C|14 | L91: 2/C | M91: 14 | N91: 10 | O91: 1 | S91: Tray / conduit | T91: 140 | U91: 10 | V91: =ROUNDUP((T91+U91+2*'Read Me'!$B$13)*(1+'Read Me'!$B$12),-1) | W91: =V91*N91*O91 | X91: =IF(LEFT(I91,2)="MV",2*N91*IF(L91="1/C",O91,1),0) | Y91: =IF(OR(LEFT(K91,4)="LVAX",LEFT(K91,6)="MV15AX",LEFT(K91,4)="CTAX",LEFT(K91,2)="W|"),2*N91*O91,0) | Z91: device-to-JB field wiring, one cable per device | AA91: =N91*O91
A92: A-C-0080 | B92: A | C92: Power block | D92: Home run JB-FH-3-SOL03 to the control / marshalling room | E92: R2C | F92: R2C: unit / HRSG electrical e-house (32 x 40 ft) | G92: JB-FH-3-SOL03 | H92: FH-3: GT inlet filter house on its own frame | I92: Control | J92: Control cable 600 V Type TC-ER, Cu #14 AWG, PVC jacket | K92: CT|25/C|14 | L92: 25/C | M92: 14 | N92: 1 | O92: 1 | S92: Duct bank | T92: 1193 | U92: 96 | V92: =ROUNDUP((T92+U92+2*'Read Me'!$B$13)*(1+'Read Me'!$B$12),-1) | W92: =V92*N92*O92 | X92: =IF(LEFT(I92,2)="MV",2*N92*IF(L92="1/C",O92,1),0) | Y92: =IF(OR(LEFT(K92,4)="LVAX",LEFT(K92,6)="MV15AX",LEFT(K92,4)="CTAX",LEFT(K92,2)="W|"),2*N92*O92,0) | AA92: =N92*O92
A93: A-C-0081 | B93: A | C93: Power block | D93: Solenoid to JB JB-FH-3-SOL04: 10 x 2/C (field cables) | E93: FH-3 | F93: FH-3: GT inlet filter house on its own frame | G93: JB-FH-3-SOL04 | H93: FH-3: GT inlet filter house on its own frame | I93: Control | J93: Control cable 600 V Type TC-ER, Cu #14 AWG, PVC jacket | K93: CT|2/C|14 | L93: 2/C | M93: 14 | N93: 10 | O93: 1 | S93: Tray / conduit | T93: 140 | U93: 10 | V93: =ROUNDUP((T93+U93+2*'Read Me'!$B$13)*(1+'Read Me'!$B$12),-1) | W93: =V93*N93*O93 | X93: =IF(LEFT(I93,2)="MV",2*N93*IF(L93="1/C",O93,1),0) | Y93: =IF(OR(LEFT(K93,4)="LVAX",LEFT(K93,6)="MV15AX",LEFT(K93,4)="CTAX",LEFT(K93,2)="W|"),2*N93*O93,0) | Z93: device-to-JB field wiring, one cable per device | AA93: =N93*O93
A94: A-C-0082 | B94: A | C94: Power block | D94: Home run JB-FH-3-SOL04 to the control / marshalling room | E94: R2C | F94: R2C: unit / HRSG electrical e-house (32 x 40 ft) | G94: JB-FH-3-SOL04 | H94: FH-3: GT inlet filter house on its own frame | I94: Control | J94: Control cable 600 V Type TC-ER, Cu #14 AWG, PVC jacket | K94: CT|25/C|14 | L94: 25/C | M94: 14 | N94: 1 | O94: 1 | S94: Duct bank | T94: 1193 | U94: 96 | V94: =ROUNDUP((T94+U94+2*'Read Me'!$B$13)*(1+'Read Me'!$B$12),-1) | W94: =V94*N94*O94 | X94: =IF(LEFT(I94,2)="MV",2*N94*IF(L94="1/C",O94,1),0) | Y94: =IF(OR(LEFT(K94,4)="LVAX",LEFT(K94,6)="MV15AX",LEFT(K94,4)="CTAX",LEFT(K94,2)="W|"),2*N94*O94,0) | AA94: =N94*O94
A95: A-C-0083 | B95: A | C95: Power block | D95: Solenoid to JB JB-FH-3-SOL05: 10 x 2/C (field cables) | E95: FH-3 | F95: FH-3: GT inlet filter house on its own frame | G95: JB-FH-3-SOL05 | H95: FH-3: GT inlet filter house on its own frame | I95: Control | J95: Control cable 600 V Type TC-ER, Cu #14 AWG, PVC jacket | K95: CT|2/C|14 | L95: 2/C | M95: 14 | N95: 10 | O95: 1 | S95: Tray / conduit | T95: 140 | U95: 10 | V95: =ROUNDUP((T95+U95+2*'Read Me'!$B$13)*(1+'Read Me'!$B$12),-1) | W95: =V95*N95*O95 | X95: =IF(LEFT(I95,2)="MV",2*N95*IF(L95="1/C",O95,1),0) | Y95: =IF(OR(LEFT(K95,4)="LVAX",LEFT(K95,6)="MV15AX",LEFT(K95,4)="CTAX",LEFT(K95,2)="W|"),2*N95*O95,0) | Z95: device-to-JB field wiring, one cable per device | AA95: =N95*O95
A96: A-C-0084 | B96: A | C96: Power block | D96: Home run JB-FH-3-SOL05 to the control / marshalling room | E96: R2C | F96: R2C: unit / HRSG electrical e-house (32 x 40 ft) | G96: JB-FH-3-SOL05 | H96: FH-3: GT inlet filter house on its own frame | I96: Control | J96: Control cable 600 V Type TC-ER, Cu #14 AWG, PVC jacket | K96: CT|25/C|14 | L96: 25/C | M96: 14 | N96: 1 | O96: 1 | S96: Duct bank | T96: 1193 | U96: 96 | V96: =ROUNDUP((T96+U96+2*'Read Me'!$B$13)*(1+'Read Me'!$B$12),-1) | W96: =V96*N96*O96 | X96: =IF(LEFT(I96,2)="MV",2*N96*IF(L96="1/C",O96,1),0) | Y96: =IF(OR(LEFT(K96,4)="LVAX",LEFT(K96,6)="MV15AX",LEFT(K96,4)="CTAX",LEFT(K96,2)="W|"),2*N96*O96,0) | AA96: =N96*O96
A97: A-C-0085 | B97: A | C97: Power block | D97: Solenoid to JB JB-FH-3-SOL06: 10 x 2/C (field cables) | E97: FH-3 | F97: FH-3: GT inlet filter house on its own frame | G97: JB-FH-3-SOL06 | H97: FH-3: GT inlet filter house on its own frame | I97: Control | J97: Control cable 600 V Type TC-ER, Cu #14 AWG, PVC jacket | K97: CT|2/C|14 | L97: 2/C | M97: 14 | N97: 10 | O97: 1 | S97: Tray / conduit | T97: 140 | U97: 10 | V97: =ROUNDUP((T97+U97+2*'Read Me'!$B$13)*(1+'Read Me'!$B$12),-1) | W97: =V97*N97*O97 | X97: =IF(LEFT(I97,2)="MV",2*N97*IF(L97="1/C",O97,1),0) | Y97: =IF(OR(LEFT(K97,4)="LVAX",LEFT(K97,6)="MV15AX",LEFT(K97,4)="CTAX",LEFT(K97,2)="W|"),2*N97*O97,0) | Z97: device-to-JB field wiring, one cable per device | AA97: =N97*O97
A98: A-C-0086 | B98: A | C98: Power block | D98: Home run JB-FH-3-SOL06 to the control / marshalling room | E98: R2C | F98: R2C: unit / HRSG electrical e-house (32 x 40 ft) | G98: JB-FH-3-SOL06 | H98: FH-3: GT inlet filter house on its own frame | I98: Control | J98: Control cable 600 V Type TC-ER, Cu #14 AWG, PVC jacket | K98: CT|25/C|14 | L98: 25/C | M98: 14 | N98: 1 | O98: 1 | S98: Duct bank | T98: 1193 | U98: 96 | V98: =ROUNDUP((T98+U98+2*'Read Me'!$B$13)*(1+'Read Me'!$B$12),-1) | W98: =V98*N98*O98 | X98: =IF(LEFT(I98,2)="MV",2*N98*IF(L98="1/C",O98,1),0) | Y98: =IF(OR(LEFT(K98,4)="LVAX",LEFT(K98,6)="MV15AX",LEFT(K98,4)="CTAX",LEFT(K98,2)="W|"),2*N98*O98,0) | AA98: =N98*O98
A99: A-C-0087 | B99: A | C99: Power block | D99: Solenoid to JB JB-FS-GT1-SOL01: 8 x 2/C (field cables) | E99: FS-GT1 | F99: FS-GT1: CO2 fire-suppression skid | G99: JB-FS-GT1-SOL01 | H99: FS-GT1: CO2 fire-suppression skid | I99: Control | J99: Control cable 600 V Type TC-ER, Cu #14 AWG, PVC jacket | K99: CT|2/C|14 | L99: 2/C | M99: 14 | N99: 8 | O99: 1 | S99: Tray / conduit | T99: 54 | U99: 10 | V99: =ROUNDUP((T99+U99+2*'Read Me'!$B$13)*(1+'Read Me'!$B$12),-1) | W99: =V99*N99*O99 | X99: =IF(LEFT(I99,2)="MV",2*N99*IF(L99="1/C",O99,1),0) | Y99: =IF(OR(LEFT(K99,4)="LVAX",LEFT(K99,6)="MV15AX",LEFT(K99,4)="CTAX",LEFT(K99,2)="W|"),2*N99*O99,0) | Z99: device-to-JB field wiring, one cable per device | AA99: =N99*O99
A100: A-C-0088 | B100: A | C100: Power block | D100: Home run JB-FS-GT1-SOL01 to the control / marshalling room | E100: R2A | F100: R2A: unit / HRSG electrical e-house (32 x 40 ft) | G100: JB-FS-GT1-SOL01 | H100: FS-GT1: CO2 fire-suppression skid | I100: Control | J100: Control cable 600 V Type TC-ER, Cu #14 AWG, PVC jacket | K100: CT|25/C|14 | L100: 25/C | M100: 14 | N100: 1 | O100: 1 | S100: Tray | T100: 210 | U100: 104 | V100: =ROUNDUP((T100+U100+2*'Read Me'!$B$13)*(1+'Read Me'!$B$12),-1) | W100: =V100*N100*O100 | X100: =IF(LEFT(I100,2)="MV",2*N100*IF(L100="1/C",O100,1),0) | Y100: =IF(OR(LEFT(K100,4)="LVAX",LEFT(K100,6)="MV15AX",LEFT(K100,4)="CTAX",LEFT(K100,2)="W|"),2*N100*O100,0) | AA100: =N100*O100
A101: A-C-0089 | B101: A | C101: Power block | D101: Solenoid to JB JB-FS-GT2-SOL01: 8 x 2/C (field cables) | E101: FS-GT2 | F101: FS-GT2: CO2 fire-suppression skid | G101: JB-FS-GT2-SOL01 | H101: FS-GT2: CO2 fire-suppression skid | I101: Control | J101: Control cable 600 V Type TC-ER, Cu #14 AWG, PVC jacket | K101: CT|2/C|14 | L101: 2/C | M101: 14 | N101: 8 | O101: 1 | S101: Tray / conduit | T101: 54 | U101: 10 | V101: =ROUNDUP((T101+U101+2*'Read Me'!$B$13)*(1+'Read Me'!$B$12),-1) | W101: =V101*N101*O101 | X101: =IF(LEFT(I101,2)="MV",2*N101*IF(L101="1/C",O101,1),0) | Y101: =IF(OR(LEFT(K101,4)="LVAX",LEFT(K101,6)="MV15AX",LEFT(K101,4)="CTAX",LEFT(K101,2)="W|"),2*N101*O101,0) | Z101: device-to-JB field wiring, one cable per device | AA101: =N101*O101
A102: A-C-0090 | B102: A | C102: Power block | D102: Home run JB-FS-GT2-SOL01 to the control / marshalling room | E102: R2B | F102: R2B: unit / HRSG electrical e-house (32 x 40 ft) | G102: JB-FS-GT2-SOL01 | H102: FS-GT2: CO2 fire-suppression skid | I102: Control | J102: Control cable 600 V Type TC-ER, Cu #14 AWG, PVC jacket | K102: CT|25/C|14 | L102: 25/C | M102: 14 | N102: 1 | O102: 1 | S102: Tray | T102: 1102 | U102: 198 | V102: =ROUNDUP((T102+U102+2*'Read Me'!$B$13)*(1+'Read Me'!$B$12),-1) | W102: =V102*N102*O102 | X102: =IF(LEFT(I102,2)="MV",2*N102*IF(L102="1/C",O102,1),0) | Y102: =IF(OR(LEFT(K102,4)="LVAX",LEFT(K102,6)="MV15AX",LEFT(K102,4)="CTAX",LEFT(K102,2)="W|"),2*N102*O102,0) | AA102: =N102*O102
A103: A-C-0091 | B103: A | C103: Power block | D103: Solenoid to JB JB-FS-GT3-SOL01: 8 x 2/C (field cables) | E103: FS-GT3 | F103: FS-GT3: CO2 fire-suppression skid | G103: JB-FS-GT3-SOL01 | H103: FS-GT3: CO2 fire-suppression skid | I103: Control | J103: Control cable 600 V Type TC-ER, Cu #14 AWG, PVC jacket | K103: CT|2/C|14 | L103: 2/C | M103: 14 | N103: 8 | O103: 1 | S103: Tray / conduit | T103: 54 | U103: 10 | V103: =ROUNDUP((T103+U103+2*'Read Me'!$B$13)*(1+'Read Me'!$B$12),-1) | W103: =V103*N103*O103 | X103: =IF(LEFT(I103,2)="MV",2*N103*IF(L103="1/C",O103,1),0) | Y103: =IF(OR(LEFT(K103,4)="LVAX",LEFT(K103,6)="MV15AX",LEFT(K103,4)="CTAX",LEFT(K103,2)="W|"),2*N103*O103,0) | Z103: device-to-JB field wiring, one cable per device | AA103: =N103*O103
A104: A-C-0092 | B104: A | C104: Power block | D104: Home run JB-FS-GT3-SOL01 to the control / marshalling room | E104: R2C | F104: R2C: unit / HRSG electrical e-house (32 x 40 ft) | G104: JB-FS-GT3-SOL01 | H104: FS-GT3: CO2 fire-suppression skid | I104: Control | J104: Control cable 600 V Type TC-ER, Cu #14 AWG, PVC jacket | K104: CT|25/C|14 | L104: 25/C | M104: 14 | N104: 1 | O104: 1 | S104: Tray | T104: 908 | U104: 238 | V104: =ROUNDUP((T104+U104+2*'Read Me'!$B$13)*(1+'Read Me'!$B$12),-1) | W104: =V104*N104*O104 | X104: =IF(LEFT(I104,2)="MV",2*N104*IF(L104="1/C",O104,1),0) | Y104: =IF(OR(LEFT(K104,4)="LVAX",LEFT(K104,6)="MV15AX",LEFT(K104,4)="CTAX",LEFT(K104,2)="W|"),2*N104*O104,0) | AA104: =N104*O104
A105: A-C-0093 | B105: A | C105: Power block | D105: Control | E105: R2A | F105: R2A: unit / HRSG electrical e-house (32 x 40 ft) | G105: GCB-1 | H105: GCB-1: generator circuit breaker | I105: Control | J105: Control cable 600 V Type TC-ER, Cu #14 AWG, PVC jacket | K105: CT|12/C|14 | L105: 12/C | M105: 14 | N105: 1 | O105: 1 | S105: Tray | T105: 373 | U105: 118 | V105: =ROUNDUP((T105+U105+2*'Read Me'!$B$13)*(1+'Read Me'!$B$12),-1) | W105: =V105*N105*O105 | X105: =IF(LEFT(I105,2)="MV",2*N105*IF(L105="1/C",O105,1),0) | Y105: =IF(OR(LEFT(K105,4)="LVAX",LEFT(K105,6)="MV15AX",LEFT(K105,4)="CTAX",LEFT(K105,2)="W|"),2*N105*O105,0) | AA105: =N105*O105
A106: A-C-0094 | B106: A | C106: Power block | D106: Control | E106: R2A | F106: R2A: unit / HRSG electrical e-house (32 x 40 ft) | G106: GCB-1 | H106: GCB-1: generator circuit breaker | I106: Control | J106: Control cable 600 V Type TC-ER, Cu #14 AWG, PVC jacket | K106: CT|12/C|14 | L106: 12/C | M106: 14 | N106: 1 | O106: 1 | S106: Tray | T106: 373 | U106: 118 | V106: =ROUNDUP((T106+U106+2*'Read Me'!$B$13)*(1+'Read Me'!$B$12),-1) | W106: =V106*N106*O106 | X106: =IF(LEFT(I106,2)="MV",2*N106*IF(L106="1/C",O106,1),0) | Y106: =IF(OR(LEFT(K106,4)="LVAX",LEFT(K106,6)="MV15AX",LEFT(K106,4)="CTAX",LEFT(K106,2)="W|"),2*N106*O106,0) | AA106: =N106*O106
A107: A-C-0095 | B107: A | C107: Power block | D107: Control | E107: R2A | F107: R2A: unit / HRSG electrical e-house (32 x 40 ft) | G107: GCB-1 | H107: GCB-1: generator circuit breaker | I107: Control | J107: Control cable 600 V Type TC-ER, Cu #14 AWG, PVC jacket | K107: CT|12/C|14 | L107: 12/C | M107: 14 | N107: 1 | O107: 1 | S107: Tray | T107: 373 | U107: 118 | V107: =ROUNDUP((T107+U107+2*'Read Me'!$B$13)*(1+'Read Me'!$B$12),-1) | W107: =V107*N107*O107 | X107: =IF(LEFT(I107,2)="MV",2*N107*IF(L107="1/C",O107,1),0) | Y107: =IF(OR(LEFT(K107,4)="LVAX",LEFT(K107,6)="MV15AX",LEFT(K107,4)="CTAX",LEFT(K107,2)="W|"),2*N107*O107,0) | AA107: =N107*O107
A108: A-C-0096 | B108: A | C108: Power block | D108: CT / VT | E108: R2A | F108: R2A: unit / HRSG electrical e-house (32 x 40 ft) | G108: GCB-1 | H108: GCB-1: generator circuit breaker | I108: Control | J108: Control cable 600 V Type TC-ER, Cu #10 AWG (CT / VT circuits) | K108: CTCT|4/C|10 | L108: 4/C | M108: 10 | N108: 1 | O108: 1 | S108: Tray | T108: 373 | U108: 118 | V108: =ROUNDUP((T108+U108+2*'Read Me'!$B$13)*(1+'Read Me'!$B$12),-1) | W108: =V108*N108*O108 | X108: =IF(LEFT(I108,2)="MV",2*N108*IF(L108="1/C",O108,1),0) | Y108: =IF(OR(LEFT(K108,4)="LVAX",LEFT(K108,6)="MV15AX",LEFT(K108,4)="CTAX",LEFT(K108,2)="W|"),2*N108*O108,0) | AA108: =N108*O108
A109: A-C-0097 | B109: A | C109: Power block | D109: CT / VT | E109: R2A | F109: R2A: unit / HRSG electrical e-house (32 x 40 ft) | G109: GCB-1 | H109: GCB-1: generator circuit breaker | I109: Control | J109: Control cable 600 V Type TC-ER, Cu #10 AWG (CT / VT circuits) | K109: CTCT|4/C|10 | L109: 4/C | M109: 10 | N109: 1 | O109: 1 | S109: Tray | T109: 373 | U109: 118 | V109: =ROUNDUP((T109+U109+2*'Read Me'!$B$13)*(1+'Read Me'!$B$12),-1) | W109: =V109*N109*O109 | X109: =IF(LEFT(I109,2)="MV",2*N109*IF(L109="1/C",O109,1),0) | Y109: =IF(OR(LEFT(K109,4)="LVAX",LEFT(K109,6)="MV15AX",LEFT(K109,4)="CTAX",LEFT(K109,2)="W|"),2*N109*O109,0) | AA109: =N109*O109
A110: A-C-0098 | B110: A | C110: Power block | D110: CT / VT | E110: R2A | F110: R2A: unit / HRSG electrical e-house (32 x 40 ft) | G110: GCB-1 | H110: GCB-1: generator circuit breaker | I110: Control | J110: Control cable 600 V Type TC-ER, Cu #10 AWG (CT / VT circuits) | K110: CTCT|4/C|10 | L110: 4/C | M110: 10 | N110: 1 | O110: 1 | S110: Tray | T110: 373 | U110: 118 | V110: =ROUNDUP((T110+U110+2*'Read Me'!$B$13)*(1+'Read Me'!$B$12),-1) | W110: =V110*N110*O110 | X110: =IF(LEFT(I110,2)="MV",2*N110*IF(L110="1/C",O110,1),0) | Y110: =IF(OR(LEFT(K110,4)="LVAX",LEFT(K110,6)="MV15AX",LEFT(K110,4)="CTAX",LEFT(K110,2)="W|"),2*N110*O110,0) | AA110: =N110*O110
A111: A-C-0099 | B111: A | C111: Power block | D111: CT / VT | E111: R2A | F111: R2A: unit / HRSG electrical e-house (32 x 40 ft) | G111: GCB-1 | H111: GCB-1: generator circuit breaker | I111: Control | J111: Control cable 600 V Type TC-ER, Cu #10 AWG (CT / VT circuits) | K111: CTCT|4/C|10 | L111: 4/C | M111: 10 | N111: 1 | O111: 1 | S111: Tray | T111: 373 | U111: 118 | V111: =ROUNDUP((T111+U111+2*'Read Me'!$B$13)*(1+'Read Me'!$B$12),-1) | W111: =V111*N111*O111 | X111: =IF(LEFT(I111,2)="MV",2*N111*IF(L111="1/C",O111,1),0) | Y111: =IF(OR(LEFT(K111,4)="LVAX",LEFT(K111,6)="MV15AX",LEFT(K111,4)="CTAX",LEFT(K111,2)="W|"),2*N111*O111,0) | AA111: =N111*O111
A112: A-C-0100 | B112: A | C112: Power block | D112: Control | E112: R2B | F112: R2B: unit / HRSG electrical e-house (32 x 40 ft) | G112: GCB-2 | H112: GCB-2: generator circuit breaker | I112: Control | J112: Control cable 600 V Type TC-ER, Cu #14 AWG, PVC jacket | K112: CT|12/C|14 | L112: 12/C | M112: 14 | N112: 1 | O112: 1 | S112: Tray | T112: 1247 | U112: 208 | V112: =ROUNDUP((T112+U112+2*'Read Me'!$B$13)*(1+'Read Me'!$B$12),-1) | W112: =V112*N112*O112 | X112: =IF(LEFT(I112,2)="MV",2*N112*IF(L112="1/C",O112,1),0) | Y112: =IF(OR(LEFT(K112,4)="LVAX",LEFT(K112,6)="MV15AX",LEFT(K112,4)="CTAX",LEFT(K112,2)="W|"),2*N112*O112,0) | AA112: =N112*O112
A113: A-C-0101 | B113: A | C113: Power block | D113: Control | E113: R2B | F113: R2B: unit / HRSG electrical e-house (32 x 40 ft) | G113: GCB-2 | H113: GCB-2: generator circuit breaker | I113: Control | J113: Control cable 600 V Type TC-ER, Cu #14 AWG, PVC jacket | K113: CT|12/C|14 | L113: 12/C | M113: 14 | N113: 1 | O113: 1 | S113: Tray | T113: 1247 | U113: 208 | V113: =ROUNDUP((T113+U113+2*'Read Me'!$B$13)*(1+'Read Me'!$B$12),-1) | W113: =V113*N113*O113 | X113: =IF(LEFT(I113,2)="MV",2*N113*IF(L113="1/C",O113,1),0) | Y113: =IF(OR(LEFT(K113,4)="LVAX",LEFT(K113,6)="MV15AX",LEFT(K113,4)="CTAX",LEFT(K113,2)="W|"),2*N113*O113,0) | AA113: =N113*O113
A114: A-C-0102 | B114: A | C114: Power block | D114: Control | E114: R2B | F114: R2B: unit / HRSG electrical e-house (32 x 40 ft) | G114: GCB-2 | H114: GCB-2: generator circuit breaker | I114: Control | J114: Control cable 600 V Type TC-ER, Cu #14 AWG, PVC jacket | K114: CT|12/C|14 | L114: 12/C | M114: 14 | N114: 1 | O114: 1 | S114: Tray | T114: 1247 | U114: 208 | V114: =ROUNDUP((T114+U114+2*'Read Me'!$B$13)*(1+'Read Me'!$B$12),-1) | W114: =V114*N114*O114 | X114: =IF(LEFT(I114,2)="MV",2*N114*IF(L114="1/C",O114,1),0) | Y114: =IF(OR(LEFT(K114,4)="LVAX",LEFT(K114,6)="MV15AX",LEFT(K114,4)="CTAX",LEFT(K114,2)="W|"),2*N114*O114,0) | AA114: =N114*O114
A115: A-C-0103 | B115: A | C115: Power block | D115: CT / VT | E115: R2B | F115: R2B: unit / HRSG electrical e-house (32 x 40 ft) | G115: GCB-2 | H115: GCB-2: generator circuit breaker | I115: Control | J115: Control cable 600 V Type TC-ER, Cu #10 AWG (CT / VT circuits) | K115: CTCT|4/C|10 | L115: 4/C | M115: 10 | N115: 1 | O115: 1 | S115: Tray | T115: 1247 | U115: 208 | V115: =ROUNDUP((T115+U115+2*'Read Me'!$B$13)*(1+'Read Me'!$B$12),-1) | W115: =V115*N115*O115 | X115: =IF(LEFT(I115,2)="MV",2*N115*IF(L115="1/C",O115,1),0) | Y115: =IF(OR(LEFT(K115,4)="LVAX",LEFT(K115,6)="MV15AX",LEFT(K115,4)="CTAX",LEFT(K115,2)="W|"),2*N115*O115,0) | AA115: =N115*O115
... A132: A-C-0120 | B132: A | C132: Power block | D132: CT / VT | E132: R3 | F132: R3: ST auxiliary electrical e-house (40 x 65 ft) | G132: GCB-ST | H132: GCB-ST | I132: Control | J132: Control cable 600 V Type TC-ER, Cu #10 AWG (CT / VT circuits) | K132: CTCT|4/C|10 | L132: 4/C | M132: 10 | N132: 1 | O132: 1 | S132: Tray | T132: 366 | U132: 111 | V132: =ROUNDUP((T132+U132+2*'Read Me'!$B$13)*(1+'Read Me'!$B$12),-1) | W132: =V132*N132*O132 | X132: =IF(LEFT(I132,2)="MV",2*N132*IF(L132="1/C",O132,1),0) | Y132: =IF(OR(LEFT(K132,4)="LVAX",LEFT(K132,6)="MV15AX",LEFT(K132,4)="CTAX",LEFT(K132,2)="W|"),2*N132*O132,0) | AA132: =N132*O132
A133: A-C-0121 | B133: A | C133: Power block | D133: Solenoid to JB JB-GFM-1-SOL01: 6 x 2/C (field cables) | E133: GFM-1 | F133: GFM-1: GT1 gas fuel module (stop / control valves, final strainer) | G133: JB-GFM-1-SOL01 | H133: GFM-1: GT1 gas fuel module (stop / control valves, final strainer) | I133: Control | J133: ARMOR-X MC-HL 600 V control, Cu #14 AWG (Class I Div 2) | K133: CTAX|2/C|14 | L133: 2/C | M133: 14 | N133: 6 | O133: 1 | S133: Tray / conduit | T133: 70 | U133: 10 | V133: =ROUNDUP((T133+U133+2*'Read Me'!$B$13)*(1+'Read Me'!$B$12),-1) | W133: =V133*N133*O133 | X133: =IF(LEFT(I133,2)="MV",2*N133*IF(L133="1/C",O133,1),0) | Y133: =IF(OR(LEFT(K133,4)="LVAX",LEFT(K133,6)="MV15AX",LEFT(K133,4)="CTAX",LEFT(K133,2)="W|"),2*N133*O133,0) | Z133: device-to-JB field wiring, one cable per device | AA133: =N133*O133
A134: A-C-0122 | B134: A | C134: Power block | D134: Home run JB-GFM-1-SOL01 to the control / marshalling room | E134: R2A | F134: R2A: unit / HRSG electrical e-house (32 x 40 ft) | G134: JB-GFM-1-SOL01 | H134: GFM-1: GT1 gas fuel module (stop / control valves, final strainer) | I134: Control | J134: ARMOR-X MC-HL 600 V control, Cu #14 AWG (Class I Div 2) | K134: CTAX|25/C|14 | L134: 25/C | M134: 14 | N134: 1 | O134: 1 | S134: Tray | T134: 220 | U134: 94 | V134: =ROUNDUP((T134+U134+2*'Read Me'!$B$13)*(1+'Read Me'!$B$12),-1) | W134: =V134*N134*O134 | X134: =IF(LEFT(I134,2)="MV",2*N134*IF(L134="1/C",O134,1),0) | Y134: =IF(OR(LEFT(K134,4)="LVAX",LEFT(K134,6)="MV15AX",LEFT(K134,4)="CTAX",LEFT(K134,2)="W|"),2*N134*O134,0) | AA134: =N134*O134
A135: A-C-0123 | B135: A | C135: Power block | D135: Solenoid to JB JB-GFM-2-SOL01: 6 x 2/C (field cables) | E135: GFM-2 | F135: GFM-2: GT2 gas fuel module (stop / control valves, final strainer) | G135: JB-GFM-2-SOL01 | H135: GFM-2: GT2 gas fuel module (stop / control valves, final strainer) | I135: Control | J135: ARMOR-X MC-HL 600 V control, Cu #14 AWG (Class I Div 2) | K135: CTAX|2/C|14 | L135: 2/C | M135: 14 | N135: 6 | O135: 1 | S135: Tray / conduit | T135: 70 | U135: 10 | V135: =ROUNDUP((T135+U135+2*'Read Me'!$B$13)*(1+'Read Me'!$B$12),-1) | W135: =V135*N135*O135 | X135: =IF(LEFT(I135,2)="MV",2*N135*IF(L135="1/C",O135,1),0) | Y135: =IF(OR(LEFT(K135,4)="LVAX",LEFT(K135,6)="MV15AX",LEFT(K135,4)="CTAX",LEFT(K135,2)="W|"),2*N135*O135,0) | Z135: device-to-JB field wiring, one cable per device | AA135: =N135*O135
...

Sheet Cable BOM
A1: Product key | B1: Class | C1: Product (typical Southwire family) | D1: Conductors | E1: Size | F1: Cables | G1: Total length (ft) | H1: Waste | I1: Order length (ft) | J1: Standard reel (ft) | K1: Reels | L1: Order length (km)
A2: MV15|1/C|2 | B2: MV 15 kV | C2: MV-105 15 kV 1/C Cu, EPR 133%, Cu tape shield, PVC jacket (triplexed) | D2: 1/C | E2: 2 | F2: =SUMIFS('Cable Schedule'!$AA$2:$AA$5696,'Cable Schedule'!$K$2:$K$5696,A2) | G2: =SUMIFS('Cable Schedule'!$W$2:$W$5696,'Cable Schedule'!$K$2:$K$5696,A2) | H2: ='Read Me'!$B$14 | I2: =ROUNDUP(G2*(1+H2),-2) | J2: 2500 | K2: =IF(J2>0,ROUNDUP(I2/J2,0),0) | L2: =I2*0.3048/1000
A3: MV15|1/C|1/0 | B3: MV 15 kV | C3: MV-105 15 kV 1/C Cu, EPR 133%, Cu tape shield, PVC jacket (triplexed) | D3: 1/C | E3: 1/0 | F3: =SUMIFS('Cable Schedule'!$AA$2:$AA$5696,'Cable Schedule'!$K$2:$K$5696,A3) | G3: =SUMIFS('Cable Schedule'!$W$2:$W$5696,'Cable Schedule'!$K$2:$K$5696,A3) | H3: ='Read Me'!$B$14 | I3: =ROUNDUP(G3*(1+H3),-2) | J3: 2500 | K3: =IF(J3>0,ROUNDUP(I3/J3,0),0) | L3: =I3*0.3048/1000
A4: MV15|1/C|2/0 | B4: MV 15 kV | C4: MV-105 15 kV 1/C Cu, EPR 133%, Cu tape shield, PVC jacket (triplexed) | D4: 1/C | E4: 2/0 | F4: =SUMIFS('Cable Schedule'!$AA$2:$AA$5696,'Cable Schedule'!$K$2:$K$5696,A4) | G4: =SUMIFS('Cable Schedule'!$W$2:$W$5696,'Cable Schedule'!$K$2:$K$5696,A4) | H4: ='Read Me'!$B$14 | I4: =ROUNDUP(G4*(1+H4),-2) | J4: 2500 | K4: =IF(J4>0,ROUNDUP(I4/J4,0),0) | L4: =I4*0.3048/1000
A5: MV15|1/C|4/0 | B5: MV 15 kV | C5: MV-105 15 kV 1/C Cu, EPR 133%, Cu tape shield, PVC jacket (triplexed) | D5: 1/C | E5: 4/0 | F5: =SUMIFS('Cable Schedule'!$AA$2:$AA$5696,'Cable Schedule'!$K$2:$K$5696,A5) | G5: =SUMIFS('Cable Schedule'!$W$2:$W$5696,'Cable Schedule'!$K$2:$K$5696,A5) | H5: ='Read Me'!$B$14 | I5: =ROUNDUP(G5*(1+H5),-2) | J5: 2500 | K5: =IF(J5>0,ROUNDUP(I5/J5,0),0) | L5: =I5*0.3048/1000
A6: MV15|1/C|250 | B6: MV 15 kV | C6: MV-105 15 kV 1/C Cu, EPR 133%, Cu tape shield, PVC jacket (triplexed) | D6: 1/C | E6: 250 kcmil | F6: =SUMIFS('Cable Schedule'!$AA$2:$AA$5696,'Cable Schedule'!$K$2:$K$5696,A6) | G6: =SUMIFS('Cable Schedule'!$W$2:$W$5696,'Cable Schedule'!$K$2:$K$5696,A6) | H6: ='Read Me'!$B$14 | I6: =ROUNDUP(G6*(1+H6),-2) | J6: 2500 | K6: =IF(J6>0,ROUNDUP(I6/J6,0),0) | L6: =I6*0.3048/1000
A7: MV15|1/C|500 | B7: MV 15 kV | C7: MV-105 15 kV 1/C Cu, EPR 133%, Cu tape shield, PVC jacket (triplexed) | D7: 1/C | E7: 500 kcmil | F7: =SUMIFS('Cable Schedule'!$AA$2:$AA$5696,'Cable Schedule'!$K$2:$K$5696,A7) | G7: =SUMIFS('Cable Schedule'!$W$2:$W$5696,'Cable Schedule'!$K$2:$K$5696,A7) | H7: ='Read Me'!$B$14 | I7: =ROUNDUP(G7*(1+H7),-2) | J7: 2500 | K7: =IF(J7>0,ROUNDUP(I7/J7,0),0) | L7: =I7*0.3048/1000
A8: MV15|1/C|750 | B8: MV 15 kV | C8: MV-105 15 kV 1/C Cu, EPR 133%, Cu tape shield, PVC jacket (triplexed) | D8: 1/C | E8: 750 kcmil | F8: =SUMIFS('Cable Schedule'!$AA$2:$AA$5696,'Cable Schedule'!$K$2:$K$5696,A8) | G8: =SUMIFS('Cable Schedule'!$W$2:$W$5696,'Cable Schedule'!$K$2:$K$5696,A8) | H8: ='Read Me'!$B$14 | I8: =ROUNDUP(G8*(1+H8),-2) | J8: 2500 | K8: =IF(J8>0,ROUNDUP(I8/J8,0),0) | L8: =I8*0.3048/1000
A9: MV15|1/C|1000 | B9: MV 15 kV | C9: MV-105 15 kV 1/C Cu, EPR 133%, Cu tape shield, PVC jacket (triplexed) | D9: 1/C | E9: 1000 kcmil | F9: =SUMIFS('Cable Schedule'!$AA$2:$AA$5696,'Cable Schedule'!$K$2:$K$5696,A9) | G9: =SUMIFS('Cable Schedule'!$W$2:$W$5696,'Cable Schedule'!$K$2:$K$5696,A9) | H9: ='Read Me'!$B$14 | I9: =ROUNDUP(G9*(1+H9),-2) | J9: 2500 | K9: =IF(J9>0,ROUNDUP(I9/J9,0),0) | L9: =I9*0.3048/1000
A10: MV15AX|3/C|2 | B10: MV 15 kV | C10: ARMOR-X MC-HL / MV-105 15 kV 3/C Cu, EPR 133%, tape shield, gnd, CWA, red PVC | D10: 3/C | E10: 2 | F10: =SUMIFS('Cable Schedule'!$AA$2:$AA$5696,'Cable Schedule'!$K$2:$K$5696,A10) | G10: =SUMIFS('Cable Schedule'!$W$2:$W$5696,'Cable Schedule'!$K$2:$K$5696,A10) | H10: ='Read Me'!$B$14 | I10: =ROUNDUP(G10*(1+H10),-2) | J10: 2000 | K10: =IF(J10>0,ROUNDUP(I10/J10,0),0) | L10: =I10*0.3048/1000
A11: MV15AX|3/C|1/0 | B11: MV 15 kV | C11: ARMOR-X MC-HL / MV-105 15 kV 3/C Cu, EPR 133%, tape shield, gnd, CWA, red PVC | D11: 3/C | E11: 1/0 | F11: =SUMIFS('Cable Schedule'!$AA$2:$AA$5696,'Cable Schedule'!$K$2:$K$5696,A11) | G11: =SUMIFS('Cable Schedule'!$W$2:$W$5696,'Cable Schedule'!$K$2:$K$5696,A11) | H11: ='Read Me'!$B$14 | I11: =ROUNDUP(G11*(1+H11),-2) | J11: 2000 | K11: =IF(J11>0,ROUNDUP(I11/J11,0),0) | L11: =I11*0.3048/1000
A12: MV5|3/C|2 | B12: MV 5 kV | C12: MV-105 5 kV 3/C Cu, EPR 133%, tape shield, gnd, PVC jacket | D12: 3/C | E12: 2 | F12: =SUMIFS('Cable Schedule'!$AA$2:$AA$5696,'Cable Schedule'!$K$2:$K$5696,A12) | G12: =SUMIFS('Cable Schedule'!$W$2:$W$5696,'Cable Schedule'!$K$2:$K$5696,A12) | H12: ='Read Me'!$B$14 | I12: =ROUNDUP(G12*(1+H12),-2) | J12: 2500 | K12: =IF(J12>0,ROUNDUP(I12/J12,0),0) | L12: =I12*0.3048/1000
A13: MV5|3/C|1/0 | B13: MV 5 kV | C13: MV-105 5 kV 3/C Cu, EPR 133%, tape shield, gnd, PVC jacket | D13: 3/C | E13: 1/0 | F13: =SUMIFS('Cable Schedule'!$AA$2:$AA$5696,'Cable Schedule'!$K$2:$K$5696,A13) | G13: =SUMIFS('Cable Schedule'!$W$2:$W$5696,'Cable Schedule'!$K$2:$K$5696,A13) | H13: ='Read Me'!$B$14 | I13: =ROUNDUP(G13*(1+H13),-2) | J13: 2500 | K13: =IF(J13>0,ROUNDUP(I13/J13,0),0) | L13: =I13*0.3048/1000
... A82: ACSR|1/C|1590 | B82: Overhead | C82: Overhead conductor ACSR 1590 kcmil 'Falcon' (typ.) | D82: 1/C | E82: 1590 kcmil | F82: =SUMIFS('Cable Schedule'!$AA$2:$AA$5696,'Cable Schedule'!$K$2:$K$5696,A82) | G82: =SUMIFS('Cable Schedule'!$W$2:$W$5696,'Cable Schedule'!$K$2:$K$5696,A82) | H82: ='Read Me'!$B$14 | I82: =ROUNDUP(G82*(1+H82),-2) | J82: 7000 | K82: =IF(J82>0,ROUNDUP(I82/J82,0),0) | L82: =I82*0.3048/1000
C83: Total | F83: =SUM(F2:F82) | G83: =SUM(G2:G82) | I83: =SUM(I2:I82) | K83: =SUM(K2:K82) | L83: =SUM(L2:L82)
A85: Standard reel lengths are typical inputs (blue); edit to the actual reel / SIMpull reel sizes.

Sheet Accessories
A1: Accessory | B1: Quantity
A2: MV termination kits (outdoor / indoor, per conductor or per 3/C end) | B2: =SUM('Cable Schedule'!X2:X5696)
A3: ARMOR-X / Type W connectors and glands | B3: =SUM('Cable Schedule'!Y2:Y5696)
A4: MV splice kits (allowance: 1 per 2,500 ft of MV 1/C) | B4: =ROUNDUP(SUMIFS('Cable Schedule'!W2:W5696,'Cable Schedule'!I2:I5696,"MV*",'Cable Schedule'!L2:L5696,"1/C")/2500,0)
A5: 230 kV outdoor terminations | B5: =2*SUMIFS('Cable Schedule'!O2:O5696,'Cable Schedule'!I2:I5696,"HV 230 kV")
A6: 600 V compression lugs (power, 4 per end) | B6: =2*4*SUMIFS('Cable Schedule'!N2:N5696,'Cable Schedule'!I2:I5696,"LV 600 V")
A7: Instrument / control cable glands (2 per run) | B7: =2*(COUNTIF('Cable Schedule'!I2:I5696,"Control")+COUNTIF('Cable Schedule'!I2:I5696,"Instrumentation"))
A8: Fibre patch / termination (2 per link) | B8: =2*COUNTIF('Cable Schedule'!I2:I5696,"Fibre / data")
A9: Ground connections: exothermic welds (allowance 1 per 25 ft of grid) | B9: =ROUNDUP(SUMIFS('Cable Schedule'!W2:W5696,'Cable Schedule'!I2:I5696,"Grounding")/25,0)

Sheet Summary
A1: Total cable length (ft) by zone and class
A2: Zone | B2: MV 15 kV | C2: MV 5 kV | D2: MV 25 kV | E2: MV 35 kV | F2: HV 230 kV | G2: LV 600 V | H2: Control | I2: Instrumentation | J2: Fire alarm | K2: Fibre / data | L2: DC 2 kV | M2: Portable MV | N2: Portable LV | O2: Building wire | P2: Grounding | Q2: Overhead | R2: Total
A3: A Power block | B3: =SUMIFS('Cable Schedule'!$W$2:$W$5696,'Cable Schedule'!$B$2:$B$5696,"A",'Cable Schedule'!$I$2:$I$5696,"MV 15 kV") | C3: =SUMIFS('Cable Schedule'!$W$2:$W$5696,'Cable Schedule'!$B$2:$B$5696,"A",'Cable Schedule'!$I$2:$I$5696,"MV 5 kV") | D3: =SUMIFS('Cable Schedule'!$W$2:$W$5696,'Cable Schedule'!$B$2:$B$5696,"A",'Cable Schedule'!$I$2:$I$5696,"MV 25 kV") | E3: =SUMIFS('Cable Schedule'!$W$2:$W$5696,'Cable Schedule'!$B$2:$B$5696,"A",'Cable Schedule'!$I$2:$I$5696,"MV 35 kV") | F3: =SUMIFS('Cable Schedule'!$W$2:$W$5696,'Cable Schedule'!$B$2:$B$5696,"A",'Cable Schedule'!$I$2:$I$5696,"HV 230 kV") | G3: =SUMIFS('Cable Schedule'!$W$2:$W$5696,'Cable Schedule'!$B$2:$B$5696,"A",'Cable Schedule'!$I$2:$I$5696,"LV 600 V") | H3: =SUMIFS('Cable Schedule'!$W$2:$W$5696,'Cable Schedule'!$B$2:$B$5696,"A",'Cable Schedule'!$I$2:$I$5696,"Control") | I3: =SUMIFS('Cable Schedule'!$W$2:$W$5696,'Cable Schedule'!$B$2:$B$5696,"A",'Cable Schedule'!$I$2:$I$5696,"Instrumentation") | J3: =SUMIFS('Cable Schedule'!$W$2:$W$5696,'Cable Schedule'!$B$2:$B$5696,"A",'Cable Schedule'!$I$2:$I$5696,"Fire alarm") | K3: =SUMIFS('Cable Schedule'!$W$2:$W$5696,'Cable Schedule'!$B$2:$B$5696,"A",'Cable Schedule'!$I$2:$I$5696,"Fibre / data") | L3: =SUMIFS('Cable Schedule'!$W$2:$W$5696,'Cable Schedule'!$B$2:$B$5696,"A",'Cable Schedule'!$I$2:$I$5696,"DC 2 kV") | M3: =SUMIFS('Cable Schedule'!$W$2:$W$5696,'Cable Schedule'!$B$2:$B$5696,"A",'Cable Schedule'!$I$2:$I$5696,"Portable MV") | N3: =SUMIFS('Cable Schedule'!$W$2:$W$5696,'Cable Schedule'!$B$2:$B$5696,"A",'Cable Schedule'!$I$2:$I$5696,"Portable LV") | O3: =SUMIFS('Cable Schedule'!$W$2:$W$5696,'Cable Schedule'!$B$2:$B$5696,"A",'Cable Schedule'!$I$2:$I$5696,"Building wire") | P3: =SUMIFS('Cable Schedule'!$W$2:$W$5696,'Cable Schedule'!$B$2:$B$5696,"A",'Cable Schedule'!$I$2:$I$5696,"Grounding") | Q3: =SUMIFS('Cable Schedule'!$W$2:$W$5696,'Cable Schedule'!$B$2:$B$5696,"A",'Cable Schedule'!$I$2:$I$5696,"Overhead") | R3: =SUM(B3:Q3)
A4: B ACC | B4: =SUMIFS('Cable Schedule'!$W$2:$W$5696,'Cable Schedule'!$B$2:$B$5696,"B",'Cable Schedule'!$I$2:$I$5696,"MV 15 kV") | C4: =SUMIFS('Cable Schedule'!$W$2:$W$5696,'Cable Schedule'!$B$2:$B$5696,"B",'Cable Schedule'!$I$2:$I$5696,"MV 5 kV") | D4: =SUMIFS('Cable Schedule'!$W$2:$W$5696,'Cable Schedule'!$B$2:$B$5696,"B",'Cable Schedule'!$I$2:$I$5696,"MV 25 kV") | E4: =SUMIFS('Cable Schedule'!$W$2:$W$5696,'Cable Schedule'!$B$2:$B$5696,"B",'Cable Schedule'!$I$2:$I$5696,"MV 35 kV") | F4: =SUMIFS('Cable Schedule'!$W$2:$W$5696,'Cable Schedule'!$B$2:$B$5696,"B",'Cable Schedule'!$I$2:$I$5696,"HV 230 kV") | G4: =SUMIFS('Cable Schedule'!$W$2:$W$5696,'Cable Schedule'!$B$2:$B$5696,"B",'Cable Schedule'!$I$2:$I$5696,"LV 600 V") | H4: =SUMIFS('Cable Schedule'!$W$2:$W$5696,'Cable Schedule'!$B$2:$B$5696,"B",'Cable Schedule'!$I$2:$I$5696,"Control") | I4: =SUMIFS('Cable Schedule'!$W$2:$W$5696,'Cable Schedule'!$B$2:$B$5696,"B",'Cable Schedule'!$I$2:$I$5696,"Instrumentation") | J4: =SUMIFS('Cable Schedule'!$W$2:$W$5696,'Cable Schedule'!$B$2:$B$5696,"B",'Cable Schedule'!$I$2:$I$5696,"Fire alarm") | K4: =SUMIFS('Cable Schedule'!$W$2:$W$5696,'Cable Schedule'!$B$2:$B$5696,"B",'Cable Schedule'!$I$2:$I$5696,"Fibre / data") | L4: =SUMIFS('Cable Schedule'!$W$2:$W$5696,'Cable Schedule'!$B$2:$B$5696,"B",'Cable Schedule'!$I$2:$I$5696,"DC 2 kV") | M4: =SUMIFS('Cable Schedule'!$W$2:$W$5696,'Cable Schedule'!$B$2:$B$5696,"B",'Cable Schedule'!$I$2:$I$5696,"Portable MV") | N4: =SUMIFS('Cable Schedule'!$W$2:$W$5696,'Cable Schedule'!$B$2:$B$5696,"B",'Cable Schedule'!$I$2:$I$5696,"Portable LV") | O4: =SUMIFS('Cable Schedule'!$W$2:$W$5696,'Cable Schedule'!$B$2:$B$5696,"B",'Cable Schedule'!$I$2:$I$5696,"Building wire") | P4: =SUMIFS('Cable Schedule'!$W$2:$W$5696,'Cable Schedule'!$B$2:$B$5696,"B",'Cable Schedule'!$I$2:$I$5696,"Grounding") | Q4: =SUMIFS('Cable Schedule'!$W$2:$W$5696,'Cable Schedule'!$B$2:$B$5696,"B",'Cable Schedule'!$I$2:$I$5696,"Overhead") | R4: =SUM(B4:Q4)
A5: C Grid interface | B5: =SUMIFS('Cable Schedule'!$W$2:$W$5696,'Cable Schedule'!$B$2:$B$5696,"C",'Cable Schedule'!$I$2:$I$5696,"MV 15 kV") | C5: =SUMIFS('Cable Schedule'!$W$2:$W$5696,'Cable Schedule'!$B$2:$B$5696,"C",'Cable Schedule'!$I$2:$I$5696,"MV 5 kV") | D5: =SUMIFS('Cable Schedule'!$W$2:$W$5696,'Cable Schedule'!$B$2:$B$5696,"C",'Cable Schedule'!$I$2:$I$5696,"MV 25 kV") | E5: =SUMIFS('Cable Schedule'!$W$2:$W$5696,'Cable Schedule'!$B$2:$B$5696,"C",'Cable Schedule'!$I$2:$I$5696,"MV 35 kV") | F5: =SUMIFS('Cable Schedule'!$W$2:$W$5696,'Cable Schedule'!$B$2:$B$5696,"C",'Cable Schedule'!$I$2:$I$5696,"HV 230 kV") | G5: =SUMIFS('Cable Schedule'!$W$2:$W$5696,'Cable Schedule'!$B$2:$B$5696,"C",'Cable Schedule'!$I$2:$I$5696,"LV 600 V") | H5: =SUMIFS('Cable Schedule'!$W$2:$W$5696,'Cable Schedule'!$B$2:$B$5696,"C",'Cable Schedule'!$I$2:$I$5696,"Control") | I5: =SUMIFS('Cable Schedule'!$W$2:$W$5696,'Cable Schedule'!$B$2:$B$5696,"C",'Cable Schedule'!$I$2:$I$5696,"Instrumentation") | J5: =SUMIFS('Cable Schedule'!$W$2:$W$5696,'Cable Schedule'!$B$2:$B$5696,"C",'Cable Schedule'!$I$2:$I$5696,"Fire alarm") | K5: =SUMIFS('Cable Schedule'!$W$2:$W$5696,'Cable Schedule'!$B$2:$B$5696,"C",'Cable Schedule'!$I$2:$I$5696,"Fibre / data") | L5: =SUMIFS('Cable Schedule'!$W$2:$W$5696,'Cable Schedule'!$B$2:$B$5696,"C",'Cable Schedule'!$I$2:$I$5696,"DC 2 kV") | M5: =SUMIFS('Cable Schedule'!$W$2:$W$5696,'Cable Schedule'!$B$2:$B$5696,"C",'Cable Schedule'!$I$2:$I$5696,"Portable MV") | N5: =SUMIFS('Cable Schedule'!$W$2:$W$5696,'Cable Schedule'!$B$2:$B$5696,"C",'Cable Schedule'!$I$2:$I$5696,"Portable LV") | O5: =SUMIFS('Cable Schedule'!$W$2:$W$5696,'Cable Schedule'!$B$2:$B$5696,"C",'Cable Schedule'!$I$2:$I$5696,"Building wire") | P5: =SUMIFS('Cable Schedule'!$W$2:$W$5696,'Cable Schedule'!$B$2:$B$5696,"C",'Cable Schedule'!$I$2:$I$5696,"Grounding") | Q5: =SUMIFS('Cable Schedule'!$W$2:$W$5696,'Cable Schedule'!$B$2:$B$5696,"C",'Cable Schedule'!$I$2:$I$5696,"Overhead") | R5: =SUM(B5:Q5)
A6: D Fuel gas | B6: =SUMIFS('Cable Schedule'!$W$2:$W$5696,'Cable Schedule'!$B$2:$B$5696,"D",'Cable Schedule'!$I$2:$I$5696,"MV 15 kV") | C6: =SUMIFS('Cable Schedule'!$W$2:$W$5696,'Cable Schedule'!$B$2:$B$5696,"D",'Cable Schedule'!$I$2:$I$5696,"MV 5 kV") | D6: =SUMIFS('Cable Schedule'!$W$2:$W$5696,'Cable Schedule'!$B$2:$B$5696,"D",'Cable Schedule'!$I$2:$I$5696,"MV 25 kV") | E6: =SUMIFS('Cable Schedule'!$W$2:$W$5696,'Cable Schedule'!$B$2:$B$5696,"D",'Cable Schedule'!$I$2:$I$5696,"MV 35 kV") | F6: =SUMIFS('Cable Schedule'!$W$2:$W$5696,'Cable Schedule'!$B$2:$B$5696,"D",'Cable Schedule'!$I$2:$I$5696,"HV 230 kV") | G6: =SUMIFS('Cable Schedule'!$W$2:$W$5696,'Cable Schedule'!$B$2:$B$5696,"D",'Cable Schedule'!$I$2:$I$5696,"LV 600 V") | H6: =SUMIFS('Cable Schedule'!$W$2:$W$5696,'Cable Schedule'!$B$2:$B$5696,"D",'Cable Schedule'!$I$2:$I$5696,"Control") | I6: =SUMIFS('Cable Schedule'!$W$2:$W$5696,'Cable Schedule'!$B$2:$B$5696,"D",'Cable Schedule'!$I$2:$I$5696,"Instrumentation") | J6: =SUMIFS('Cable Schedule'!$W$2:$W$5696,'Cable Schedule'!$B$2:$B$5696,"D",'Cable Schedule'!$I$2:$I$5696,"Fire alarm") | K6: =SUMIFS('Cable Schedule'!$W$2:$W$5696,'Cable Schedule'!$B$2:$B$5696,"D",'Cable Schedule'!$I$2:$I$5696,"Fibre / data") | L6: =SUMIFS('Cable Schedule'!$W$2:$W$5696,'Cable Schedule'!$B$2:$B$5696,"D",'Cable Schedule'!$I$2:$I$5696,"DC 2 kV") | M6: =SUMIFS('Cable Schedule'!$W$2:$W$5696,'Cable Schedule'!$B$2:$B$5696,"D",'Cable Schedule'!$I$2:$I$5696,"Portable MV") | N6: =SUMIFS('Cable Schedule'!$W$2:$W$5696,'Cable Schedule'!$B$2:$B$5696,"D",'Cable Schedule'!$I$2:$I$5696,"Portable LV") | O6: =SUMIFS('Cable Schedule'!$W$2:$W$5696,'Cable Schedule'!$B$2:$B$5696,"D",'Cable Schedule'!$I$2:$I$5696,"Building wire") | P6: =SUMIFS('Cable Schedule'!$W$2:$W$5696,'Cable Schedule'!$B$2:$B$5696,"D",'Cable Schedule'!$I$2:$I$5696,"Grounding") | Q6: =SUMIFS('Cable Schedule'!$W$2:$W$5696,'Cable Schedule'!$B$2:$B$5696,"D",'Cable Schedule'!$I$2:$I$5696,"Overhead") | R6: =SUM(B6:Q6)
A7: E Water / utilities | B7: =SUMIFS('Cable Schedule'!$W$2:$W$5696,'Cable Schedule'!$B$2:$B$5696,"E",'Cable Schedule'!$I$2:$I$5696,"MV 15 kV") | C7: =SUMIFS('Cable Schedule'!$W$2:$W$5696,'Cable Schedule'!$B$2:$B$5696,"E",'Cable Schedule'!$I$2:$I$5696,"MV 5 kV") | D7: =SUMIFS('Cable Schedule'!$W$2:$W$5696,'Cable Schedule'!$B$2:$B$5696,"E",'Cable Schedule'!$I$2:$I$5696,"MV 25 kV") | E7: =SUMIFS('Cable Schedule'!$W$2:$W$5696,'Cable Schedule'!$B$2:$B$5696,"E",'Cable Schedule'!$I$2:$I$5696,"MV 35 kV") | F7: =SUMIFS('Cable Schedule'!$W$2:$W$5696,'Cable Schedule'!$B$2:$B$5696,"E",'Cable Schedule'!$I$2:$I$5696,"HV 230 kV") | G7: =SUMIFS('Cable Schedule'!$W$2:$W$5696,'Cable Schedule'!$B$2:$B$5696,"E",'Cable Schedule'!$I$2:$I$5696,"LV 600 V") | H7: =SUMIFS('Cable Schedule'!$W$2:$W$5696,'Cable Schedule'!$B$2:$B$5696,"E",'Cable Schedule'!$I$2:$I$5696,"Control") | I7: =SUMIFS('Cable Schedule'!$W$2:$W$5696,'Cable Schedule'!$B$2:$B$5696,"E",'Cable Schedule'!$I$2:$I$5696,"Instrumentation") | J7: =SUMIFS('Cable Schedule'!$W$2:$W$5696,'Cable Schedule'!$B$2:$B$5696,"E",'Cable Schedule'!$I$2:$I$5696,"Fire alarm") | K7: =SUMIFS('Cable Schedule'!$W$2:$W$5696,'Cable Schedule'!$B$2:$B$5696,"E",'Cable Schedule'!$I$2:$I$5696,"Fibre / data") | L7: =SUMIFS('Cable Schedule'!$W$2:$W$5696,'Cable Schedule'!$B$2:$B$5696,"E",'Cable Schedule'!$I$2:$I$5696,"DC 2 kV") | M7: =SUMIFS('Cable Schedule'!$W$2:$W$5696,'Cable Schedule'!$B$2:$B$5696,"E",'Cable Schedule'!$I$2:$I$5696,"Portable MV") | N7: =SUMIFS('Cable Schedule'!$W$2:$W$5696,'Cable Schedule'!$B$2:$B$5696,"E",'Cable Schedule'!$I$2:$I$5696,"Portable LV") | O7: =SUMIFS('Cable Schedule'!$W$2:$W$5696,'Cable Schedule'!$B$2:$B$5696,"E",'Cable Schedule'!$I$2:$I$5696,"Building wire") | P7: =SUMIFS('Cable Schedule'!$W$2:$W$5696,'Cable Schedule'!$B$2:$B$5696,"E",'Cable Schedule'!$I$2:$I$5696,"Grounding") | Q7: =SUMIFS('Cable Schedule'!$W$2:$W$5696,'Cable Schedule'!$B$2:$B$5696,"E",'Cable Schedule'!$I$2:$I$5696,"Overhead") | R7: =SUM(B7:Q7)
A8: F Controls / service | B8: =SUMIFS('Cable Schedule'!$W$2:$W$5696,'Cable Schedule'!$B$2:$B$5696,"F",'Cable Schedule'!$I$2:$I$5696,"MV 15 kV") | C8: =SUMIFS('Cable Schedule'!$W$2:$W$5696,'Cable Schedule'!$B$2:$B$5696,"F",'Cable Schedule'!$I$2:$I$5696,"MV 5 kV") | D8: =SUMIFS('Cable Schedule'!$W$2:$W$5696,'Cable Schedule'!$B$2:$B$5696,"F",'Cable Schedule'!$I$2:$I$5696,"MV 25 kV") | E8: =SUMIFS('Cable Schedule'!$W$2:$W$5696,'Cable Schedule'!$B$2:$B$5696,"F",'Cable Schedule'!$I$2:$I$5696,"MV 35 kV") | F8: =SUMIFS('Cable Schedule'!$W$2:$W$5696,'Cable Schedule'!$B$2:$B$5696,"F",'Cable Schedule'!$I$2:$I$5696,"HV 230 kV") | G8: =SUMIFS('Cable Schedule'!$W$2:$W$5696,'Cable Schedule'!$B$2:$B$5696,"F",'Cable Schedule'!$I$2:$I$5696,"LV 600 V") | H8: =SUMIFS('Cable Schedule'!$W$2:$W$5696,'Cable Schedule'!$B$2:$B$5696,"F",'Cable Schedule'!$I$2:$I$5696,"Control") | I8: =SUMIFS('Cable Schedule'!$W$2:$W$5696,'Cable Schedule'!$B$2:$B$5696,"F",'Cable Schedule'!$I$2:$I$5696,"Instrumentation") | J8: =SUMIFS('Cable Schedule'!$W$2:$W$5696,'Cable Schedule'!$B$2:$B$5696,"F",'Cable Schedule'!$I$2:$I$5696,"Fire alarm") | K8: =SUMIFS('Cable Schedule'!$W$2:$W$5696,'Cable Schedule'!$B$2:$B$5696,"F",'Cable Schedule'!$I$2:$I$5696,"Fibre / data") | L8: =SUMIFS('Cable Schedule'!$W$2:$W$5696,'Cable Schedule'!$B$2:$B$5696,"F",'Cable Schedule'!$I$2:$I$5696,"DC 2 kV") | M8: =SUMIFS('Cable Schedule'!$W$2:$W$5696,'Cable Schedule'!$B$2:$B$5696,"F",'Cable Schedule'!$I$2:$I$5696,"Portable MV") | N8: =SUMIFS('Cable Schedule'!$W$2:$W$5696,'Cable Schedule'!$B$2:$B$5696,"F",'Cable Schedule'!$I$2:$I$5696,"Portable LV") | O8: =SUMIFS('Cable Schedule'!$W$2:$W$5696,'Cable Schedule'!$B$2:$B$5696,"F",'Cable Schedule'!$I$2:$I$5696,"Building wire") | P8: =SUMIFS('Cable Schedule'!$W$2:$W$5696,'Cable Schedule'!$B$2:$B$5696,"F",'Cable Schedule'!$I$2:$I$5696,"Grounding") | Q8: =SUMIFS('Cable Schedule'!$W$2:$W$5696,'Cable Schedule'!$B$2:$B$5696,"F",'Cable Schedule'!$I$2:$I$5696,"Overhead") | R8: =SUM(B8:Q8)
A9: G Carbon capture | B9: =SUMIFS('Cable Schedule'!$W$2:$W$5696,'Cable Schedule'!$B$2:$B$5696,"G",'Cable Schedule'!$I$2:$I$5696,"MV 15 kV") | C9: =SUMIFS('Cable Schedule'!$W$2:$W$5696,'Cable Schedule'!$B$2:$B$5696,"G",'Cable Schedule'!$I$2:$I$5696,"MV 5 kV") | D9: =SUMIFS('Cable Schedule'!$W$2:$W$5696,'Cable Schedule'!$B$2:$B$5696,"G",'Cable Schedule'!$I$2:$I$5696,"MV 25 kV") | E9: =SUMIFS('Cable Schedule'!$W$2:$W$5696,'Cable Schedule'!$B$2:$B$5696,"G",'Cable Schedule'!$I$2:$I$5696,"MV 35 kV") | F9: =SUMIFS('Cable Schedule'!$W$2:$W$5696,'Cable Schedule'!$B$2:$B$5696,"G",'Cable Schedule'!$I$2:$I$5696,"HV 230 kV") | G9: =SUMIFS('Cable Schedule'!$W$2:$W$5696,'Cable Schedule'!$B$2:$B$5696,"G",'Cable Schedule'!$I$2:$I$5696,"LV 600 V") | H9: =SUMIFS('Cable Schedule'!$W$2:$W$5696,'Cable Schedule'!$B$2:$B$5696,"G",'Cable Schedule'!$I$2:$I$5696,"Control") | I9: =SUMIFS('Cable Schedule'!$W$2:$W$5696,'Cable Schedule'!$B$2:$B$5696,"G",'Cable Schedule'!$I$2:$I$5696,"Instrumentation") | J9: =SUMIFS('Cable Schedule'!$W$2:$W$5696,'Cable Schedule'!$B$2:$B$5696,"G",'Cable Schedule'!$I$2:$I$5696,"Fire alarm") | K9: =SUMIFS('Cable Schedule'!$W$2:$W$5696,'Cable Schedule'!$B$2:$B$5696,"G",'Cable Schedule'!$I$2:$I$5696,"Fibre / data") | L9: =SUMIFS('Cable Schedule'!$W$2:$W$5696,'Cable Schedule'!$B$2:$B$5696,"G",'Cable Schedule'!$I$2:$I$5696,"DC 2 kV") | M9: =SUMIFS('Cable Schedule'!$W$2:$W$5696,'Cable Schedule'!$B$2:$B$5696,"G",'Cable Schedule'!$I$2:$I$5696,"Portable MV") | N9: =SUMIFS('Cable Schedule'!$W$2:$W$5696,'Cable Schedule'!$B$2:$B$5696,"G",'Cable Schedule'!$I$2:$I$5696,"Portable LV") | O9: =SUMIFS('Cable Schedule'!$W$2:$W$5696,'Cable Schedule'!$B$2:$B$5696,"G",'Cable Schedule'!$I$2:$I$5696,"Building wire") | P9: =SUMIFS('Cable Schedule'!$W$2:$W$5696,'Cable Schedule'!$B$2:$B$5696,"G",'Cable Schedule'!$I$2:$I$5696,"Grounding") | Q9: =SUMIFS('Cable Schedule'!$W$2:$W$5696,'Cable Schedule'!$B$2:$B$5696,"G",'Cable Schedule'!$I$2:$I$5696,"Overhead") | R9: =SUM(B9:Q9)
A10: H BESS | B10: =SUMIFS('Cable Schedule'!$W$2:$W$5696,'Cable Schedule'!$B$2:$B$5696,"H",'Cable Schedule'!$I$2:$I$5696,"MV 15 kV") | C10: =SUMIFS('Cable Schedule'!$W$2:$W$5696,'Cable Schedule'!$B$2:$B$5696,"H",'Cable Schedule'!$I$2:$I$5696,"MV 5 kV") | D10: =SUMIFS('Cable Schedule'!$W$2:$W$5696,'Cable Schedule'!$B$2:$B$5696,"H",'Cable Schedule'!$I$2:$I$5696,"MV 25 kV") | E10: =SUMIFS('Cable Schedule'!$W$2:$W$5696,'Cable Schedule'!$B$2:$B$5696,"H",'Cable Schedule'!$I$2:$I$5696,"MV 35 kV") | F10: =SUMIFS('Cable Schedule'!$W$2:$W$5696,'Cable Schedule'!$B$2:$B$5696,"H",'Cable Schedule'!$I$2:$I$5696,"HV 230 kV") | G10: =SUMIFS('Cable Schedule'!$W$2:$W$5696,'Cable Schedule'!$B$2:$B$5696,"H",'Cable Schedule'!$I$2:$I$5696,"LV 600 V") | H10: =SUMIFS('Cable Schedule'!$W$2:$W$5696,'Cable Schedule'!$B$2:$B$5696,"H",'Cable Schedule'!$I$2:$I$5696,"Control") | I10: =SUMIFS('Cable Schedule'!$W$2:$W$5696,'Cable Schedule'!$B$2:$B$5696,"H",'Cable Schedule'!$I$2:$I$5696,"Instrumentation") | J10: =SUMIFS('Cable Schedule'!$W$2:$W$5696,'Cable Schedule'!$B$2:$B$5696,"H",'Cable Schedule'!$I$2:$I$5696,"Fire alarm") | K10: =SUMIFS('Cable Schedule'!$W$2:$W$5696,'Cable Schedule'!$B$2:$B$5696,"H",'Cable Schedule'!$I$2:$I$5696,"Fibre / data") | L10: =SUMIFS('Cable Schedule'!$W$2:$W$5696,'Cable Schedule'!$B$2:$B$5696,"H",'Cable Schedule'!$I$2:$I$5696,"DC 2 kV") | M10: =SUMIFS('Cable Schedule'!$W$2:$W$5696,'Cable Schedule'!$B$2:$B$5696,"H",'Cable Schedule'!$I$2:$I$5696,"Portable MV") | N10: =SUMIFS('Cable Schedule'!$W$2:$W$5696,'Cable Schedule'!$B$2:$B$5696,"H",'Cable Schedule'!$I$2:$I$5696,"Portable LV") | O10: =SUMIFS('Cable Schedule'!$W$2:$W$5696,'Cable Schedule'!$B$2:$B$5696,"H",'Cable Schedule'!$I$2:$I$5696,"Building wire") | P10: =SUMIFS('Cable Schedule'!$W$2:$W$5696,'Cable Schedule'!$B$2:$B$5696,"H",'Cable Schedule'!$I$2:$I$5696,"Grounding") | Q10: =SUMIFS('Cable Schedule'!$W$2:$W$5696,'Cable Schedule'!$B$2:$B$5696,"H",'Cable Schedule'!$I$2:$I$5696,"Overhead") | R10: =SUM(B10:Q10)
A11: I Modular / portable power | B11: =SUMIFS('Cable Schedule'!$W$2:$W$5696,'Cable Schedule'!$B$2:$B$5696,"I",'Cable Schedule'!$I$2:$I$5696,"MV 15 kV") | C11: =SUMIFS('Cable Schedule'!$W$2:$W$5696,'Cable Schedule'!$B$2:$B$5696,"I",'Cable Schedule'!$I$2:$I$5696,"MV 5 kV") | D11: =SUMIFS('Cable Schedule'!$W$2:$W$5696,'Cable Schedule'!$B$2:$B$5696,"I",'Cable Schedule'!$I$2:$I$5696,"MV 25 kV") | E11: =SUMIFS('Cable Schedule'!$W$2:$W$5696,'Cable Schedule'!$B$2:$B$5696,"I",'Cable Schedule'!$I$2:$I$5696,"MV 35 kV") | F11: =SUMIFS('Cable Schedule'!$W$2:$W$5696,'Cable Schedule'!$B$2:$B$5696,"I",'Cable Schedule'!$I$2:$I$5696,"HV 230 kV") | G11: =SUMIFS('Cable Schedule'!$W$2:$W$5696,'Cable Schedule'!$B$2:$B$5696,"I",'Cable Schedule'!$I$2:$I$5696,"LV 600 V") | H11: =SUMIFS('Cable Schedule'!$W$2:$W$5696,'Cable Schedule'!$B$2:$B$5696,"I",'Cable Schedule'!$I$2:$I$5696,"Control") | I11: =SUMIFS('Cable Schedule'!$W$2:$W$5696,'Cable Schedule'!$B$2:$B$5696,"I",'Cable Schedule'!$I$2:$I$5696,"Instrumentation") | J11: =SUMIFS('Cable Schedule'!$W$2:$W$5696,'Cable Schedule'!$B$2:$B$5696,"I",'Cable Schedule'!$I$2:$I$5696,"Fire alarm") | K11: =SUMIFS('Cable Schedule'!$W$2:$W$5696,'Cable Schedule'!$B$2:$B$5696,"I",'Cable Schedule'!$I$2:$I$5696,"Fibre / data") | L11: =SUMIFS('Cable Schedule'!$W$2:$W$5696,'Cable Schedule'!$B$2:$B$5696,"I",'Cable Schedule'!$I$2:$I$5696,"DC 2 kV") | M11: =SUMIFS('Cable Schedule'!$W$2:$W$5696,'Cable Schedule'!$B$2:$B$5696,"I",'Cable Schedule'!$I$2:$I$5696,"Portable MV") | N11: =SUMIFS('Cable Schedule'!$W$2:$W$5696,'Cable Schedule'!$B$2:$B$5696,"I",'Cable Schedule'!$I$2:$I$5696,"Portable LV") | O11: =SUMIFS('Cable Schedule'!$W$2:$W$5696,'Cable Schedule'!$B$2:$B$5696,"I",'Cable Schedule'!$I$2:$I$5696,"Building wire") | P11: =SUMIFS('Cable Schedule'!$W$2:$W$5696,'Cable Schedule'!$B$2:$B$5696,"I",'Cable Schedule'!$I$2:$I$5696,"Grounding") | Q11: =SUMIFS('Cable Schedule'!$W$2:$W$5696,'Cable Schedule'!$B$2:$B$5696,"I",'Cable Schedule'!$I$2:$I$5696,"Overhead") | R11: =SUM(B11:Q11)
A12: J GT inlet chilling | B12: =SUMIFS('Cable Schedule'!$W$2:$W$5696,'Cable Schedule'!$B$2:$B$5696,"J",'Cable Schedule'!$I$2:$I$5696,"MV 15 kV") | C12: =SUMIFS('Cable Schedule'!$W$2:$W$5696,'Cable Schedule'!$B$2:$B$5696,"J",'Cable Schedule'!$I$2:$I$5696,"MV 5 kV") | D12: =SUMIFS('Cable Schedule'!$W$2:$W$5696,'Cable Schedule'!$B$2:$B$5696,"J",'Cable Schedule'!$I$2:$I$5696,"MV 25 kV") | E12: =SUMIFS('Cable Schedule'!$W$2:$W$5696,'Cable Schedule'!$B$2:$B$5696,"J",'Cable Schedule'!$I$2:$I$5696,"MV 35 kV") | F12: =SUMIFS('Cable Schedule'!$W$2:$W$5696,'Cable Schedule'!$B$2:$B$5696,"J",'Cable Schedule'!$I$2:$I$5696,"HV 230 kV") | G12: =SUMIFS('Cable Schedule'!$W$2:$W$5696,'Cable Schedule'!$B$2:$B$5696,"J",'Cable Schedule'!$I$2:$I$5696,"LV 600 V") | H12: =SUMIFS('Cable Schedule'!$W$2:$W$5696,'Cable Schedule'!$B$2:$B$5696,"J",'Cable Schedule'!$I$2:$I$5696,"Control") | I12: =SUMIFS('Cable Schedule'!$W$2:$W$5696,'Cable Schedule'!$B$2:$B$5696,"J",'Cable Schedule'!$I$2:$I$5696,"Instrumentation") | J12: =SUMIFS('Cable Schedule'!$W$2:$W$5696,'Cable Schedule'!$B$2:$B$5696,"J",'Cable Schedule'!$I$2:$I$5696,"Fire alarm") | K12: =SUMIFS('Cable Schedule'!$W$2:$W$5696,'Cable Schedule'!$B$2:$B$5696,"J",'Cable Schedule'!$I$2:$I$5696,"Fibre / data") | L12: =SUMIFS('Cable Schedule'!$W$2:$W$5696,'Cable Schedule'!$B$2:$B$5696,"J",'Cable Schedule'!$I$2:$I$5696,"DC 2 kV") | M12: =SUMIFS('Cable Schedule'!$W$2:$W$5696,'Cable Schedule'!$B$2:$B$5696,"J",'Cable Schedule'!$I$2:$I$5696,"Portable MV") | N12: =SUMIFS('Cable Schedule'!$W$2:$W$5696,'Cable Schedule'!$B$2:$B$5696,"J",'Cable Schedule'!$I$2:$I$5696,"Portable LV") | O12: =SUMIFS('Cable Schedule'!$W$2:$W$5696,'Cable Schedule'!$B$2:$B$5696,"J",'Cable Schedule'!$I$2:$I$5696,"Building wire") | P12: =SUMIFS('Cable Schedule'!$W$2:$W$5696,'Cable Schedule'!$B$2:$B$5696,"J",'Cable Schedule'!$I$2:$I$5696,"Grounding") | Q12: =SUMIFS('Cable Schedule'!$W$2:$W$5696,'Cable Schedule'!$B$2:$B$5696,"J",'Cable Schedule'!$I$2:$I$5696,"Overhead") | R12: =SUM(B12:Q12)
A13: K Fuel supply (adjacent market) | B13: =SUMIFS('Cable Schedule'!$W$2:$W$5696,'Cable Schedule'!$B$2:$B$5696,"K",'Cable Schedule'!$I$2:$I$5696,"MV 15 kV") | C13: =SUMIFS('Cable Schedule'!$W$2:$W$5696,'Cable Schedule'!$B$2:$B$5696,"K",'Cable Schedule'!$I$2:$I$5696,"MV 5 kV") | D13: =SUMIFS('Cable Schedule'!$W$2:$W$5696,'Cable Schedule'!$B$2:$B$5696,"K",'Cable Schedule'!$I$2:$I$5696,"MV 25 kV") | E13: =SUMIFS('Cable Schedule'!$W$2:$W$5696,'Cable Schedule'!$B$2:$B$5696,"K",'Cable Schedule'!$I$2:$I$5696,"MV 35 kV") | F13: =SUMIFS('Cable Schedule'!$W$2:$W$5696,'Cable Schedule'!$B$2:$B$5696,"K",'Cable Schedule'!$I$2:$I$5696,"HV 230 kV") | G13: =SUMIFS('Cable Schedule'!$W$2:$W$5696,'Cable Schedule'!$B$2:$B$5696,"K",'Cable Schedule'!$I$2:$I$5696,"LV 600 V") | H13: =SUMIFS('Cable Schedule'!$W$2:$W$5696,'Cable Schedule'!$B$2:$B$5696,"K",'Cable Schedule'!$I$2:$I$5696,"Control") | I13: =SUMIFS('Cable Schedule'!$W$2:$W$5696,'Cable Schedule'!$B$2:$B$5696,"K",'Cable Schedule'!$I$2:$I$5696,"Instrumentation") | J13: =SUMIFS('Cable Schedule'!$W$2:$W$5696,'Cable Schedule'!$B$2:$B$5696,"K",'Cable Schedule'!$I$2:$I$5696,"Fire alarm") | K13: =SUMIFS('Cable Schedule'!$W$2:$W$5696,'Cable Schedule'!$B$2:$B$5696,"K",'Cable Schedule'!$I$2:$I$5696,"Fibre / data") | L13: =SUMIFS('Cable Schedule'!$W$2:$W$5696,'Cable Schedule'!$B$2:$B$5696,"K",'Cable Schedule'!$I$2:$I$5696,"DC 2 kV") | M13: =SUMIFS('Cable Schedule'!$W$2:$W$5696,'Cable Schedule'!$B$2:$B$5696,"K",'Cable Schedule'!$I$2:$I$5696,"Portable MV") | N13: =SUMIFS('Cable Schedule'!$W$2:$W$5696,'Cable Schedule'!$B$2:$B$5696,"K",'Cable Schedule'!$I$2:$I$5696,"Portable LV") | O13: =SUMIFS('Cable Schedule'!$W$2:$W$5696,'Cable Schedule'!$B$2:$B$5696,"K",'Cable Schedule'!$I$2:$I$5696,"Building wire") | P13: =SUMIFS('Cable Schedule'!$W$2:$W$5696,'Cable Schedule'!$B$2:$B$5696,"K",'Cable Schedule'!$I$2:$I$5696,"Grounding") | Q13: =SUMIFS('Cable Schedule'!$W$2:$W$5696,'Cable Schedule'!$B$2:$B$5696,"K",'Cable Schedule'!$I$2:$I$5696,"Overhead") | R13: =SUM(B13:Q13)
A14: Total | B14: =SUM(B3:B13) | C14: =SUM(C3:C13) | D14: =SUM(D3:D13) | E14: =SUM(E3:E13) | F14: =SUM(F3:F13) | G14: =SUM(G3:G13) | H14: =SUM(H3:H13) | I14: =SUM(I3:I13) | ... R14: =SUM(R3:R13)
A15: Total (miles) | R15: =R14/5280
A17: Schedule rows | B17: =COUNTIF('Cable Schedule'!B2:B5696,"?")
A18: Cables (count) | B18: =SUM('Cable Schedule'!AA2:AA5696)
A20: Device count behind the schedule (typical for each equipment class)
A21: Analog instruments | B21: 5981
A22: Discrete devices | B22: 6285
A23: Thermocouples | B23: 832
A24: RTDs | B24: 450
A25: Solenoids | B25: 544
A26: LV motors | B26: 722
A27: Motor-operated valves | B27: 269

Sheet Load List
A1: Load (to) | B1: Tag | C1: Zone | D1: Service | E1: Voltage (V) | F1: Load (kW) | G1: Current (A) | H1: Source (from) | I1: Product | J1: Size | K1: Sets
A2: Air compressors AC-A/B/C | B2: AC-A/B/C | C2: A | D2: Motor 1 of 3, 250 kW | E2: 480 | F2: 250 | G2: 353.8 | H2: R3: ST auxiliary electrical e-house (40 x 65 ft) | I2: LV 600 V | J2: 4/0 | K2: 2
A3: Air compressors AC-A/B/C | B3: AC-A/B/C | C3: A | D3: Motor 2 of 3, 250 kW | E3: 480 | F3: 250 | G3: 353.8 | H3: R3: ST auxiliary electrical e-house (40 x 65 ft) | I3: LV 600 V | J3: 4/0 | K3: 2
A4: Air compressors AC-A/B/C | B4: AC-A/B/C | C4: A | D4: Motor 3 of 3, 250 kW | E4: 480 | F4: 250 | G4: 353.8 | H4: R3: ST auxiliary electrical e-house (40 x 65 ft) | I4: LV 600 V | J4: 4/0 | K4: 2
A5: BFP-1A/B: boiler feed pumps (13.8 kV DOL) | B5: BFP-1 | C5: A | D5: Motor 1 of 4, 15 kW | E5: 480 | F5: 15 | G5: 21.2 | H5: R2A: unit / HRSG electrical e-house (32 x 40 ft) | I5: LV 600 V | J5: 6 | K5: 1
A6: BFP-1A/B: boiler feed pumps (13.8 kV DOL) | B6: BFP-1 | C6: A | D6: Motor 2 of 4, 15 kW | E6: 480 | F6: 15 | G6: 21.2 | H6: R2A: unit / HRSG electrical e-house (32 x 40 ft) | I6: LV 600 V | J6: 6 | K6: 1
A7: BFP-1A/B: boiler feed pumps (13.8 kV DOL) | B7: BFP-1 | C7: A | D7: Motor 3 of 4, 15 kW | E7: 480 | F7: 15 | G7: 21.2 | H7: R2A: unit / HRSG electrical e-house (32 x 40 ft) | I7: LV 600 V | J7: 6 | K7: 1
A8: BFP-1A/B: boiler feed pumps (13.8 kV DOL) | B8: BFP-1 | C8: A | D8: Motor 4 of 4, 15 kW | E8: 480 | F8: 15 | G8: 21.2 | H8: R2A: unit / HRSG electrical e-house (32 x 40 ft) | I8: LV 600 V | J8: 6 | K8: 1
A9: BFP-2A/B: boiler feed pumps (13.8 kV DOL) | B9: BFP-2 | C9: A | D9: Motor 1 of 4, 15 kW | E9: 480 | F9: 15 | G9: 21.2 | H9: R2B: unit / HRSG electrical e-house (32 x 40 ft) | I9: LV 600 V | J9: 6 | K9: 1
A10: BFP-2A/B: boiler feed pumps (13.8 kV DOL) | B10: BFP-2 | C10: A | D10: Motor 2 of 4, 15 kW | E10: 480 | F10: 15 | G10: 21.2 | H10: R2B: unit / HRSG electrical e-house (32 x 40 ft) | I10: LV 600 V | J10: 6 | K10: 1
A11: BFP-2A/B: boiler feed pumps (13.8 kV DOL) | B11: BFP-2 | C11: A | D11: Motor 3 of 4, 15 kW | E11: 480 | F11: 15 | G11: 21.2 | H11: R2B: unit / HRSG electrical e-house (32 x 40 ft) | I11: LV 600 V | J11: 6 | K11: 1
A12: BFP-2A/B: boiler feed pumps (13.8 kV DOL) | B12: BFP-2 | C12: A | D12: Motor 4 of 4, 15 kW | E12: 480 | F12: 15 | G12: 21.2 | H12: R2B: unit / HRSG electrical e-house (32 x 40 ft) | I12: LV 600 V | J12: 6 | K12: 1
A13: BFP-3A/B: boiler feed pumps (13.8 kV DOL) | B13: BFP-3 | C13: A | D13: Motor 1 of 4, 15 kW | E13: 480 | F13: 15 | G13: 21.2 | H13: R2C: unit / HRSG electrical e-house (32 x 40 ft) | I13: LV 600 V | J13: 6 | K13: 1
... A32: EHC-ST: ST electro-hydraulic control power unit | B32: EHC-ST | C32: A | D32: Motor 2 of 2, 37 kW | E32: 480 | F32: 37 | G32: 52.4 | H32: R3: ST auxiliary electrical e-house (40 x 65 ft) | I32: LV 600 V | J32: 4 | K32: 1
A33: FH-1 stair tower | C33: A | D33: Area / platform lighting circuit 1 (8 fixtures) | E33: 480 | F33: 3 | G33: 5 | H33: R1 MCC-GT1 | I33: LV 600 V | J33: 10 | K33: 1
A34: FH-1: GT inlet filter house on its own frame | B34: FH-1 | C34: A | D34: Motor 1 of 2, 15 kW | E34: 480 | F34: 15 | G34: 21.2 | H34: R1 MCC-GT1 | I34: LV 600 V | J34: 6 | K34: 1
A35: FH-1: GT inlet filter house on its own frame | B35: FH-1 | C35: A | D35: Motor 2 of 2, 15 kW | E35: 480 | F35: 15 | G35: 21.2 | H35: R1 MCC-GT1 | I35: LV 600 V | J35: 6 | K35: 1
A36: FH-1: GT inlet filter house on its own frame | B36: FH-1 | C36: A | D36: Area / platform lighting circuit 1 (12 fixtures) | E36: 480 | F36: 3 | G36: 5 | H36: R1 MCC-GT1 | I36: LV 600 V | J36: 10 | K36: 1
A37: FH-2 stair tower | C37: A | D37: Area / platform lighting circuit 1 (8 fixtures) | E37: 480 | F37: 3 | G37: 5 | H37: R1 MCC-GT2 | I37: LV 600 V | J37: 10 | K37: 1
A38: FH-2: GT inlet filter house on its own frame | B38: FH-2 | C38: A | D38: Motor 1 of 2, 15 kW | E38: 480 | F38: 15 | G38: 21.2 | H38: R1 MCC-GT2 | I38: LV 600 V | J38: 4 | K38: 1
A39: FH-2: GT inlet filter house on its own frame | B39: FH-2 | C39: A | D39: Motor 2 of 2, 15 kW | E39: 480 | F39: 15 | G39: 21.2 | H39: R1 MCC-GT2 | I39: LV 600 V | J39: 4 | K39: 1
A40: FH-2: GT inlet filter house on its own frame | B40: FH-2 | C40: A | D40: Area / platform lighting circuit 1 (12 fixtures) | E40: 480 | F40: 3 | G40: 5 | H40: R1 MCC-GT2 | I40: LV 600 V | J40: 10 | K40: 1
A41: FH-3 stair tower | C41: A | D41: Area / platform lighting circuit 1 (8 fixtures) | E41: 480 | F41: 3 | G41: 5 | H41: R1 MCC-GT3 | I41: LV 600 V | J41: 8 | K41: 1
A42: FH-3: GT inlet filter house on its own frame | B42: FH-3 | C42: A | D42: Motor 1 of 2, 15 kW | E42: 480 | F42: 15 | G42: 21.2 | H42: R1 MCC-GT3 | I42: LV 600 V | J42: 4 | K42: 1
A43: FH-3: GT inlet filter house on its own frame | B43: FH-3 | C43: A | D43: Motor 2 of 2, 15 kW | E43: 480 | F43: 15 | G43: 21.2 | H43: R1 MCC-GT3 | I43: LV 600 V | J43: 4 | K43: 1
A44: FH-3: GT inlet filter house on its own frame | B44: FH-3 | C44: A | D44: Area / platform lighting circuit 1 (12 fixtures) | E44: 480 | F44: 3 | G44: 5 | H44: R1 MCC-GT3 | I44: LV 600 V | J44: 10 | K44: 1
A45: FS-GT1: CO2 fire-suppression skid | B45: FS-GT1 | C45: A | D45: LV power feeder | E45: 480 | F45: 150 | G45: 212.3 | H45: R1 MCC-GT1 | I45: LV 600 V | J45: 350 kcmil | K45: 1
A46: FS-GT2: CO2 fire-suppression skid | B46: FS-GT2 | C46: A | D46: LV power feeder | E46: 480 | F46: 150 | G46: 212.3 | H46: R1 MCC-GT2 | I46: LV 600 V | J46: 350 kcmil | K46: 1
A47: FS-GT3: CO2 fire-suppression skid | B47: FS-GT3 | C47: A | D47: LV power feeder | E47: 480 | F47: 150 | G47: 212.3 | H47: R1 MCC-GT3 | I47: LV 600 V | J47: 350 kcmil | K47: 1
A48: GFM-1: GT1 gas fuel module (stop / control valves, final strainer) | B48: GFM-1 | C48: A | D48: LV power feeder | E48: 480 | F48: 15 | G48: 21.2 | H48: R1 MCC-GT1 | I48: LV 600 V | J48: 8 | K48: 1
A49: GFM-2: GT2 gas fuel module (stop / control valves, final strainer) | B49: GFM-2 | C49: A | D49: LV power feeder | E49: 480 | F49: 15 | G49: 21.2 | H49: R1 MCC-GT2 | I49: LV 600 V | J49: 6 | K49: 1
A50: GFM-3: GT3 gas fuel module (stop / control valves, final strainer) | B50: GFM-3 | C50: A | D50: LV power feeder | E50: 480 | F50: 15 | G50: 21.2 | H50: R1 MCC-GT3 | I50: LV 600 V | J50: 4 | K50: 1
A51: GSC-ST: gland-steam condenser and exhausters | B51: GSC-ST | C51: A | D51: Motor 1 of 2, 30 kW | E51: 480 | F51: 30 | G51: 42.5 | H51: R3: ST auxiliary electrical e-house (40 x 65 ft) | I51: LV 600 V | J51: 6 | K51: 1
A52: GSC-ST: gland-steam condenser and exhausters | B52: GSC-ST | C52: A | D52: Motor 2 of 2, 30 kW | E52: 480 | F52: 30 | G52: 42.5 | H52: R3: ST auxiliary electrical e-house (40 x 65 ft) | I52: LV 600 V | J52: 6 | K52: 1
A53: GSU-1 firewall | C53: A | D53: Motor 1 of 6, 2 kW | E53: 480 | F53: 2 | G53: 2.8 | H53: R2A: unit / HRSG electrical e-house (32 x 40 ft) | I53: LV 600 V | J53: 10 | K53: 1
A54: GSU-1 firewall | C54: A | D54: Motor 2 of 6, 2 kW | E54: 480 | F54: 2 | G54: 2.8 | H54: R2A: unit / HRSG electrical e-house (32 x 40 ft) | I54: LV 600 V | J54: 10 | K54: 1
A55: GSU-1 firewall | C55: A | D55: Motor 3 of 6, 2 kW | E55: 480 | F55: 2 | G55: 2.8 | H55: R2A: unit / HRSG electrical e-house (32 x 40 ft) | I55: LV 600 V | J55: 10 | K55: 1
A56: GSU-1 firewall | C56: A | D56: Motor 4 of 6, 2 kW | E56: 480 | F56: 2 | G56: 2.8 | H56: R2A: unit / HRSG electrical e-house (32 x 40 ft) | I56: LV 600 V | J56: 10 | K56: 1
A57: GSU-1 firewall | C57: A | D57: Motor 5 of 6, 2 kW | E57: 480 | F57: 2 | G57: 2.8 | H57: R2A: unit / HRSG electrical e-house (32 x 40 ft) | I57: LV 600 V | J57: 10 | K57: 1
A58: GSU-1 firewall | C58: A | D58: Motor 6 of 6, 2 kW | E58: 480 | F58: 2 | G58: 2.8 | H58: R2A: unit / HRSG electrical e-house (32 x 40 ft) | I58: LV 600 V | J58: 10 | K58: 1
A59: GSU-1: 21/230 kV generator step-up transformer | B59: GSU-1 | C59: A | D59: Motor 1 of 6, 2 kW | E59: 480 | F59: 2 | G59: 2.8 | H59: R2A: unit / HRSG electrical e-house (32 x 40 ft) | I59: LV 600 V | J59: 10 | K59: 1
A60: GSU-1: 21/230 kV generator step-up transformer | B60: GSU-1 | C60: A | D60: Motor 2 of 6, 2 kW | E60: 480 | F60: 2 | G60: 2.8 | H60: R2A: unit / HRSG electrical e-house (32 x 40 ft) | I60: LV 600 V | J60: 10 | K60: 1
A61: GSU-1: 21/230 kV generator step-up transformer | B61: GSU-1 | C61: A | D61: Motor 3 of 6, 2 kW | E61: 480 | F61: 2 | G61: 2.8 | H61: R2A: unit / HRSG electrical e-house (32 x 40 ft) | I61: LV 600 V | J61: 10 | K61: 1
A62: GSU-1: 21/230 kV generator step-up transformer | B62: GSU-1 | C62: A | D62: Motor 4 of 6, 2 kW | E62: 480 | F62: 2 | G62: 2.8 | H62: R2A: unit / HRSG electrical e-house (32 x 40 ft) | I62: LV 600 V | J62: 10 | K62: 1
A63: GSU-1: 21/230 kV generator step-up transformer | B63: GSU-1 | C63: A | D63: Motor 5 of 6, 2 kW | E63: 480 | F63: 2 | G63: 2.8 | H63: R2A: unit / HRSG electrical e-house (32 x 40 ft) | I63: LV 600 V | J63: 10 | K63: 1
A64: GSU-1: 21/230 kV generator step-up transformer | B64: GSU-1 | C64: A | D64: Motor 6 of 6, 2 kW | E64: 480 | F64: 2 | G64: 2.8 | H64: R2A: unit / HRSG electrical e-house (32 x 40 ft) | I64: LV 600 V | J64: 10 | K64: 1
A65: GSU-2 firewall | C65: A | D65: Motor 1 of 6, 2 kW | E65: 480 | F65: 2 | G65: 2.8 | H65: R2B: unit / HRSG electrical e-house (32 x 40 ft) | I65: LV 600 V | J65: 10 | K65: 1
A66: GSU-2 firewall | C66: A | D66: Motor 2 of 6, 2 kW | E66: 480 | F66: 2 | G66: 2.8 | H66: R2B: unit / HRSG electrical e-house (32 x 40 ft) | I66: LV 600 V | J66: 10 | K66: 1
A67: GSU-2 firewall | C67: A | D67: Motor 3 of 6, 2 kW | E67: 480 | F67: 2 | G67: 2.8 | H67: R2B: unit / HRSG electrical e-house (32 x 40 ft) | I67: LV 600 V | J67: 10 | K67: 1
A68: GSU-2 firewall | C68: A | D68: Motor 4 of 6, 2 kW | E68: 480 | F68: 2 | G68: 2.8 | H68: R2B: unit / HRSG electrical e-house (32 x 40 ft) | I68: LV 600 V | J68: 10 | K68: 1
A69: GSU-2 firewall | C69: A | D69: Motor 5 of 6, 2 kW | E69: 480 | F69: 2 | G69: 2.8 | H69: R2B: unit / HRSG electrical e-house (32 x 40 ft) | I69: LV 600 V | J69: 10 | K69: 1
A70: GSU-2 firewall | C70: A | D70: Motor 6 of 6, 2 kW | E70: 480 | F70: 2 | G70: 2.8 | H70: R2B: unit / HRSG electrical e-house (32 x 40 ft) | I70: LV 600 V | J70: 10 | K70: 1
A71: GSU-2: 21/230 kV generator step-up transformer | B71: GSU-2 | C71: A | D71: Motor 1 of 6, 2 kW | E71: 480 | F71: 2 | G71: 2.8 | H71: R2B: unit / HRSG electrical e-house (32 x 40 ft) | I71: LV 600 V | J71: 10 | K71: 1
A72: GSU-2: 21/230 kV generator step-up transformer | B72: GSU-2 | C72: A | D72: Motor 2 of 6, 2 kW | E72: 480 | F72: 2 | G72: 2.8 | H72: R2B: unit / HRSG electrical e-house (32 x 40 ft) | I72: LV 600 V | J72: 10 | K72: 1
A73: GSU-2: 21/230 kV generator step-up transformer | B73: GSU-2 | C73: A | D73: Motor 3 of 6, 2 kW | E73: 480 | F73: 2 | G73: 2.8 | H73: R2B: unit / HRSG electrical e-house (32 x 40 ft) | I73: LV 600 V | J73: 10 | K73: 1
A74: GSU-2: 21/230 kV generator step-up transformer | B74: GSU-2 | C74: A | D74: Motor 4 of 6, 2 kW | E74: 480 | F74: 2 | G74: 2.8 | H74: R2B: unit / HRSG electrical e-house (32 x 40 ft) | I74: LV 600 V | J74: 10 | K74: 1
A75: GSU-2: 21/230 kV generator step-up transformer | B75: GSU-2 | C75: A | D75: Motor 5 of 6, 2 kW | E75: 480 | F75: 2 | G75: 2.8 | H75: R2B: unit / HRSG electrical e-house (32 x 40 ft) | I75: LV 600 V | J75: 10 | K75: 1
A76: GSU-2: 21/230 kV generator step-up transformer | B76: GSU-2 | C76: A | D76: Motor 6 of 6, 2 kW | E76: 480 | F76: 2 | G76: 2.8 | H76: R2B: unit / HRSG electrical e-house (32 x 40 ft) | I76: LV 600 V | J76: 10 | K76: 1
A77: GSU-3 firewall | C77: A | D77: Motor 1 of 6, 2 kW | E77: 480 | F77: 2 | G77: 2.8 | H77: R2C: unit / HRSG electrical e-house (32 x 40 ft) | I77: LV 600 V | J77: 10 | K77: 1
A78: GSU-3 firewall | C78: A | D78: Motor 2 of 6, 2 kW | E78: 480 | F78: 2 | G78: 2.8 | H78: R2C: unit / HRSG electrical e-house (32 x 40 ft) | I78: LV 600 V | J78: 10 | K78: 1
A79: GSU-3 firewall | C79: A | D79: Motor 3 of 6, 2 kW | E79: 480 | F79: 2 | G79: 2.8 | H79: R2C: unit / HRSG electrical e-house (32 x 40 ft) | I79: LV 600 V | J79: 10 | K79: 1
A80: GSU-3 firewall | C80: A | D80: Motor 4 of 6, 2 kW | E80: 480 | F80: 2 | G80: 2.8 | H80: R2C: unit / HRSG electrical e-house (32 x 40 ft) | I80: LV 600 V | J80: 10 | K80: 1
A81: GSU-3 firewall | C81: A | D81: Motor 5 of 6, 2 kW | E81: 480 | F81: 2 | G81: 2.8 | H81: R2C: unit / HRSG electrical e-house (32 x 40 ft) | I81: LV 600 V | J81: 10 | K81: 1
A82: GSU-3 firewall | C82: A | D82: Motor 6 of 6, 2 kW | E82: 480 | F82: 2 | G82: 2.8 | H82: R2C: unit / HRSG electrical e-house (32 x 40 ft) | I82: LV 600 V | J82: 10 | K82: 1
A83: GSU-3: 21/230 kV generator step-up transformer | B83: GSU-3 | C83: A | D83: Motor 1 of 6, 2 kW | E83: 480 | F83: 2 | G83: 2.8 | H83: R2C: unit / HRSG electrical e-house (32 x 40 ft) | I83: LV 600 V | J83: 10 | K83: 1
A84: GSU-3: 21/230 kV generator step-up transformer | B84: GSU-3 | C84: A | D84: Motor 2 of 6, 2 kW | E84: 480 | F84: 2 | G84: 2.8 | H84: R2C: unit / HRSG electrical e-house (32 x 40 ft) | I84: LV 600 V | J84: 10 | K84: 1
A85: GSU-3: 21/230 kV generator step-up transformer | B85: GSU-3 | C85: A | D85: Motor 3 of 6, 2 kW | E85: 480 | F85: 2 | G85: 2.8 | H85: R2C: unit / HRSG electrical e-house (32 x 40 ft) | I85: LV 600 V | J85: 10 | K85: 1
A86: GSU-3: 21/230 kV generator step-up transformer | B86: GSU-3 | C86: A | D86: Motor 4 of 6, 2 kW | E86: 480 | F86: 2 | G86: 2.8 | H86: R2C: unit / HRSG electrical e-house (32 x 40 ft) | I86: LV 600 V | J86: 10 | K86: 1
A87: GSU-3: 21/230 kV generator step-up transformer | B87: GSU-3 | C87: A | D87: Motor 5 of 6, 2 kW | E87: 480 | F87: 2 | G87: 2.8 | H87: R2C: unit / HRSG electrical e-house (32 x 40 ft) | I87: LV 600 V | J87: 10 | K87: 1
A88: GSU-3: 21/230 kV generator step-up transformer | B88: GSU-3 | C88: A | D88: Motor 6 of 6, 2 kW | E88: 480 | F88: 2 | G88: 2.8 | H88: R2C: unit / HRSG electrical e-house (32 x 40 ft) | I88: LV 600 V | J88: 10 | K88: 1
A89: GSU-ST firewall | C89: A | D89: Motor 1 of 6, 2 kW | E89: 480 | F89: 2 | G89: 2.8 | H89: R3: ST auxiliary electrical e-house (40 x 65 ft) | I89: LV 600 V | J89: 10 | K89: 1
A90: GSU-ST firewall | C90: A | D90: Motor 2 of 6, 2 kW | E90: 480 | F90: 2 | G90: 2.8 | H90: R3: ST auxiliary electrical e-house (40 x 65 ft) | I90: LV 600 V | J90: 10 | K90: 1
A91: GSU-ST firewall | C91: A | D91: Motor 3 of 6, 2 kW | E91: 480 | F91: 2 | G91: 2.8 | H91: R3: ST auxiliary electrical e-house (40 x 65 ft) | I91: LV 600 V | J91: 10 | K91: 1
A92: GSU-ST firewall | C92: A | D92: Motor 4 of 6, 2 kW | E92: 480 | F92: 2 | G92: 2.8 | H92: R3: ST auxiliary electrical e-house (40 x 65 ft) | I92: LV 600 V | J92: 10 | K92: 1
A93: GSU-ST firewall | C93: A | D93: Motor 5 of 6, 2 kW | E93: 480 | F93: 2 | G93: 2.8 | H93: R3: ST auxiliary electrical e-house (40 x 65 ft) | I93: LV 600 V | J93: 10 | K93: 1
A94: GSU-ST firewall | C94: A | D94: Motor 6 of 6, 2 kW | E94: 480 | F94: 2 | G94: 2.8 | H94: R3: ST auxiliary electrical e-house (40 x 65 ft) | I94: LV 600 V | J94: 10 | K94: 1
A95: GSU-ST: 21/230 kV (one ST GSU, baseline) | B95: GSU-ST | C95: A | D95: Motor 1 of 6, 2 kW | E95: 480 | F95: 2 | G95: 2.8 | H95: R3: ST auxiliary electrical e-house (40 x 65 ft) | I95: LV 600 V | J95: 10 | K95: 1
A96: GSU-ST: 21/230 kV (one ST GSU, baseline) | B96: GSU-ST | C96: A | D96: Motor 2 of 6, 2 kW | E96: 480 | F96: 2 | G96: 2.8 | H96: R3: ST auxiliary electrical e-house (40 x 65 ft) | I96: LV 600 V | J96: 10 | K96: 1
A97: GSU-ST: 21/230 kV (one ST GSU, baseline) | B97: GSU-ST | C97: A | D97: Motor 3 of 6, 2 kW | E97: 480 | F97: 2 | G97: 2.8 | H97: R3: ST auxiliary electrical e-house (40 x 65 ft) | I97: LV 600 V | J97: 10 | K97: 1
A98: GSU-ST: 21/230 kV (one ST GSU, baseline) | B98: GSU-ST | C98: A | D98: Motor 4 of 6, 2 kW | E98: 480 | F98: 2 | G98: 2.8 | H98: R3: ST auxiliary electrical e-house (40 x 65 ft) | I98: LV 600 V | J98: 10 | K98: 1
A99: GSU-ST: 21/230 kV (one ST GSU, baseline) | B99: GSU-ST | C99: A | D99: Motor 5 of 6, 2 kW | E99: 480 | F99: 2 | G99: 2.8 | H99: R3: ST auxiliary electrical e-house (40 x 65 ft) | I99: LV 600 V | J99: 10 | K99: 1
A100: GSU-ST: 21/230 kV (one ST GSU, baseline) | B100: GSU-ST | C100: A | D100: Motor 6 of 6, 2 kW | E100: 480 | F100: 2 | G100: 2.8 | H100: R3: ST auxiliary electrical e-house (40 x 65 ft) | I100: LV 600 V | J100: 10 | K100: 1
A101: GT1 aux: lube oil, hydraulics, enclosure fans | B101: GT1 aux | C101: A | D101: Motor 1 of 12, 45 kW | E101: 480 | F101: 45 | G101: 63.7 | H101: R1 MCC-GT1 | I101: LV 600 V | J101: 2 | K101: 1
A102: GT1 aux: lube oil, hydraulics, enclosure fans | B102: GT1 aux | C102: A | D102: Motor 2 of 12, 45 kW | E102: 480 | F102: 45 | G102: 63.7 | H102: R1 MCC-GT1 | I102: LV 600 V | J102: 2 | K102: 1
A103: GT1 aux: lube oil, hydraulics, enclosure fans | B103: GT1 aux | C103: A | D103: Motor 3 of 12, 45 kW | E103: 480 | F103: 45 | G103: 63.7 | H103: R1 MCC-GT1 | I103: LV 600 V | J103: 2 | K103: 1
A104: GT1 aux: lube oil, hydraulics, enclosure fans | B104: GT1 aux | C104: A | D104: Motor 4 of 12, 45 kW | E104: 480 | F104: 45 | G104: 63.7 | H104: R1 MCC-GT1 | I104: LV 600 V | J104: 2 | K104: 1
A105: GT1 aux: lube oil, hydraulics, enclosure fans | B105: GT1 aux | C105: A | D105: Motor 5 of 12, 45 kW | E105: 480 | F105: 45 | G105: 63.7 | H105: R1 MCC-GT1 | I105: LV 600 V | J105: 2 | K105: 1
A106: GT1 aux: lube oil, hydraulics, enclosure fans | B106: GT1 aux | C106: A | D106: Motor 6 of 12, 45 kW | E106: 480 | F106: 45 | G106: 63.7 | H106: R1 MCC-GT1 | I106: LV 600 V | J106: 2 | K106: 1
... A220: HRSG 1 + SCR (3P reheat, horizontal) | B220: HRSG-1 | C220: A | D220: 480 V welding receptacle 4 | E220: 480 | F220: 60 | G220: 76 | H220: R2A: unit / HRSG electrical e-house (32 x 40 ft) | I220: LV 600 V | J220: 2 | K220: 1
A221: HRSG 1 blowdown tank (continuous / intermittent) | C221: A | D221: MOV 1: power | E221: 480 | F221: 2.5 | G221: 3.5 | H221: R2A: unit / HRSG electrical e-house (32 x 40 ft) | I221: LV 600 V | J221: 10 | K221: 1
A222: HRSG 1 blowdown tank (continuous / intermittent) | C222: A | D222: MOV 2: power | E222: 480 | F222: 2.5 | G222: 3.5 | H222: R2A: unit / HRSG electrical e-house (32 x 40 ft) | I222: LV 600 V | J222: 10 | K222: 1
A223: HRSG 1 blowdown tank (continuous / intermittent) | C223: A | D223: MOV 3: power | E223: 480 | F223: 2.5 | G223: 3.5 | H223: R2A: unit / HRSG electrical e-house (32 x 40 ft) | I223: LV 600 V | J223: 10 | K223: 1
A224: HRSG 1 blowdown tank (continuous / intermittent) | C224: A | D224: MOV 4: power | E224: 480 | F224: 2.5 | G224: 3.5 | H224: R2A: unit / HRSG electrical e-house (32 x 40 ft) | I224: LV 600 V | J224: 10 | K224: 1
A225: HRSG 1 blowdown tank (continuous / intermittent) | C225: A | D225: LV power feeder | E225: 480 | F225: 10 | G225: 14.2 | H225: R2A: unit / HRSG electrical e-house (32 x 40 ft) | I225: LV 600 V | J225: 10 | K225: 1
A226: HRSG 1 chemical feed skid (phosphate / amine) | C226: A | D226: Motor 1 of 6, 2 kW | E226: 480 | F226: 2 | G226: 2.8 | H226: R2A: unit / HRSG electrical e-house (32 x 40 ft) | I226: LV 600 V | J226: 10 | K226: 1
A227: HRSG 1 chemical feed skid (phosphate / amine) | C227: A | D227: Motor 2 of 6, 2 kW | E227: 480 | F227: 2 | G227: 2.8 | H227: R2A: unit / HRSG electrical e-house (32 x 40 ft) | I227: LV 600 V | J227: 10 | K227: 1
A228: HRSG 1 chemical feed skid (phosphate / amine) | C228: A | D228: Motor 3 of 6, 2 kW | E228: 480 | F228: 2 | G228: 2.8 | H228: R2A: unit / HRSG electrical e-house (32 x 40 ft) | I228: LV 600 V | J228: 10 | K228: 1
A229: HRSG 1 chemical feed skid (phosphate / amine) | C229: A | D229: Motor 4 of 6, 2 kW | E229: 480 | F229: 2 | G229: 2.8 | H229: R2A: unit / HRSG electrical e-house (32 x 40 ft) | I229: LV 600 V | J229: 10 | K229: 1
A230: HRSG 1 chemical feed skid (phosphate / amine) | C230: A | D230: Motor 5 of 6, 2 kW | E230: 480 | F230: 2 | G230: 2.8 | H230: R2A: unit / HRSG electrical e-house (32 x 40 ft) | I230: LV 600 V | J230: 10 | K230: 1
A231: HRSG 1 chemical feed skid (phosphate / amine) | C231: A | D231: Motor 6 of 6, 2 kW | E231: 480 | F231: 2 | G231: 2.8 | H231: R2A: unit / HRSG electrical e-house (32 x 40 ft) | I231: LV 600 V | J231: 10 | K231: 1
...
