Workbook

Sheet Cover
A1: CABLE SCHEDULE
A2: Combined Cycle Power Plant with Post-Combustion CCS, Gas Metering / LNG and Modular RICE Plant
A4: Document No. | B4: CCPP-E-CS-0001
A5: Revision | B5: C (Preliminary - issued for review, NOT FOR CONSTRUCTION). Rev B: converted to US NEC practice - 13.8 kV / 480 V, AWG/kcmil, Type MC-HL armored cable. Rev C: CO2 compressor VFD line/output split; ACC fan local disconnects with flexible Machine Flex type VFD final drops.
A6: Date | B6: 2026-10-18
A7: Basis of layout | B7: Equipment positions from the 3D line-art model examples/powerplant.go (repo shardt87/ln, branch claude/powerplant-example). Coordinates in metres, site grid: X east, Y north, Z up. Lengths reported in metres and feet.
A8: Basis of ratings | B8: Representative ratings for a ~1x1 F-class CCGT (GT ~290 MVA, ST ~175 MVA), amine CCS train, 8 x 2.5 MVA containerised gas engines, 230 kV switchyard. Ratings are typical values, NOT taken from a specific project. See 'Design Basis'.
A9: Cable construction | B9: Power, VFD and control: 600 V and 15 kV Type MC-HL, Cu, XHHW-2 / EPR (MV-105) insulation, continuous corrugated welded aluminum armor (CCW) with PVC jacket - e.g. Southwire Armor-X (product named as an example of the construction only). Final drops to vibrating VFD-driven motors (ACC fans): flexible shielded VFD cable Type TC-ER with 3 symmetrical grounds - e.g. Southwire Machine Flex. Instrument: armored PLTC / ITC-HL. All tray-rated (-TC/-ER), sunlight resistant, UL 1685 / IEEE 1202 FT4. MC-HL with listed fittings is suitable for Class I Div 1 & 2 areas (gas metering, LNG, BOG) per NEC 501.10.
A11: Sheets
A12: Design Basis | B12: Global inputs: route slack, termination allowance, sag allowance, wastage, voltage drop limits, standards.
A13: Equipment | B13: Equipment / termination point list with site coordinates (from the 3D model).
A14: Cable Types | B14: Cable / conductor / busduct library: OD, ampacity, mV/A/m, mass, reel length.
A15: Raceways | B15: Trays, trenches, duct banks, busducts, OHL - elevation, correction factor and fill check.
A16: Cable Schedule | B16: One row per circuit. Route length, total length, running and design current, loading, voltage drop and check are all formulas.
A17: BOQ Summary | B17: Quantities by cable type (with wastage, reels, mass) and by system.
A18: References | B18: Public documents identified as references for typical arrangements, and cable product data.
A20: Legend
A21: Blue text | B21: Hard-coded input - edit these
A22: Black text | B22: Formula - do not overwrite
A23: Green text | B23: Lookup from another sheet
A24: Yellow fill | B24: Key assumption to be verified against vendor / project data
A26: Route length method | B26: M = Manhattan route along raceway: (|dX|+|dY| + rise from each end to raceway elevation) x (1+slack) + 2 x termination allowance. D = direct span (overhead conductors): 3D distance x (1+sag allowance). A value in 'Length Override' replaces the calculation (used for earth grids / bonds).
A27: Sizing | B27: Design current = running current x sizing factor: 1.25 for motors (NEC 430.22) and continuous loads (NEC 210.19 / 215.2), 1.15 for generator conductors (NEC 445.13), 1.00 for transformer secondaries / busduct. Allowable ampacity = base ampacity (NEC 310.16 75 C column for 600 V; NEC 311.60 for 15 kV) x raceway correction factor. Voltage drop uses NEC Ch. 9 Table 9 effective Z at 0.85 PF (AC) or Table 8 DC resistance.
A28: Limitations | B28: Preliminary sizing only. Short-circuit withstand (ICEA P-32-382), motor starting voltage dip, ground fault return path, detailed tray fill per NEC 392.22 and ampacity per NEC 392.80 / IEEE 835 (Neher-McGrath for duct banks) must be verified at detailed design. Raceway fill counts each cable on its primary raceway only.

Sheet Design Basis
A1: DESIGN BASIS - GLOBAL INPUTS
A3: Parameter | C3: Value | D3: Note
A4: Route slack / snaking allowance | C4: 0.1 | D4: Typical 5-15% on tray routes for bends, drops and snaking.
A5: Termination allowance per end (m) | C5: 3 | D5: Gland / connector, tail and dressing inside panel / terminal box.
A6: Overhead conductor sag allowance | C6: 0.03 | D6: Conductor length over chord for strung bus and line spans.
A7: Procurement wastage allowance | C7: 0.05 | D7: Applied in BOQ only.
A8: Ambient air design temperature (deg C) | C8: 40 | D8: Information - included in raceway correction factors (NEC 310.15(B) 0.88 for 75 C at 40 C).
A9: Earth thermal resistivity (RHO) | C9: 90 | D9: Information - included in duct bank factors (IEEE 835 / NEC 311.60, RHO 90).
A10: Feet per metre | C10: 3.28084 | D10: Unit conversion.
A12: System | B12: Nominal voltage | C12: Max steady-state voltage drop | D12: Note
A13: HV Overhead | B13: 230 kV | D13: Strung bus / OHL - checked for ampacity only.
A14: Busduct | B14: 18 / 19 kV IPB, 480 V LV busway | D14: Checked for ampacity only.
A15: MV Power | B15: 13.8 kV | C15: 0.03 | D15: Feeder volt drop, full load running.
A16: LV Power | B16: 480 V, 3-ph 3-wire + ground | C16: 0.03 | D16: NEC 215.2 / 210.19 informational notes: 3% feeder or branch, 5% total.
A17: DC Power | B17: 125 V DC / 120-208 V UPS | C17: 0.03 | D17: Battery / UPS to load.
A18: Control | B18: 120 V AC / 125 V DC | D18: Size by CT burden / voltage at coil - not checked here.
A19: Instrument | B19: 24 V DC / 4-20 mA / TC | D19: Not checked here.
A20: Fibre Optic | B20: - | D20: -
A21: Earthing | B21: - | D21: Size per IEEE 80 fault study.
A24: Design standards (reference)
A25: NFPA 70 (NEC) 2023: 310.16 / 311.60 ampacity, 330 Type MC, 392 cable tray, 430.22 motors, 445.13 generators, 501.10 Class I wiring, 725 PLTC, 727 ITC
A26: NEC Chapter 9 Tables 8 and 9: conductor DC resistance and AC effective impedance (voltage drop)
A27: UL 1569 Metal-Clad Cables; UL 2225 cables and fittings for hazardous locations (MC-HL)
A28: ICEA S-95-658 (NEMA WC70) 600 V cables; ICEA S-93-639 (NEMA WC74) 5-46 kV shielded power cables; ICEA S-73-532 control & instrument
A29: IEEE 835: Power cable ampacity tables; IEEE 525: Cable design and installation in substations
A30: IEEE 1202 / UL 1685: Vertical tray flame test (FT4)
A31: IEEE 738: Bare overhead conductor ampacity; IEEE C37.23: Metal-enclosed (isolated phase) bus
A32: IEEE 80: AC substation grounding

Sheet Equipment
A1: Tag | B1: Description | C1: Area | D1: X (m) | E1: Y (m) | F1: Z term. (m) | G1: Location in 3D model / basis
A2: SWY-B1 | B2: 230 kV bay 1 - RICE transformer bay (gantry dead-end) | C2: 10 | D2: 20 | E2: 137.5 | F2: 12.5 | G2: Gantry x=20
A3: SWY-B2 | B3: 230 kV bay 2 - bus coupler (gantry dead-end) | C3: 10 | D3: 40 | E3: 137.5 | F3: 12.5 | G3: Gantry x=40
A4: SWY-B3 | B4: 230 kV bay 3 - GT generator bay (gantry dead-end) | C4: 10 | D4: 60 | E4: 137.5 | F4: 12.5 | G4: Gantry x=60
A5: SWY-B4 | B5: 230 kV bay 4 - ST generator bay / line exit (gantry dead-end) | C5: 10 | D5: 80 | E5: 137.5 | F5: 12.5 | G5: Gantry x=80
A6: TWR-01 | B6: 230 kV transmission tower 1 (terminal) | C6: 10 | D6: 130 | E6: 137.5 | F6: 31.5 | G6: Tower x=130
A7: TWR-02 | B7: 230 kV transmission tower 2 (suspension) | C7: 10 | D7: 200 | E7: 152.5 | F7: 31.5 | G7: Tower x=200
A8: TWR-03 | B8: 230 kV transmission tower 3 (suspension) | C8: 10 | D8: 270 | E8: 167.5 | F8: 31.5 | G8: Tower x=270
A9: SWY-RB | B9: Switchyard relay & control building | C9: 10 | D9: 95 | E9: 128 | F9: 0.5 | G9: Not drawn - assumed
A10: RICE-TX-HV | B10: RICE step-up transformer 13.8/230 kV 22 MVA - HV bushings | C10: 50 | D10: 19 | E10: 107.5 | F10: 8 | G10: Transformer at (14-20,105-110)
A11: RICE-TX-LV | B11: RICE step-up transformer 13.8/230 kV 22 MVA - LV cable box | C11: 50 | D11: 14.5 | E11: 107.5 | F11: 2 | G11: Transformer at (14-20,105-110)
A12: GEN-GT | B12: Gas turbine generator ~290 MVA, 19 kV - line terminals | C12: 20 | D12: 58 | E12: 18 | F12: 4 | G12: GT generator box (52-64,10-18)
A13: GEN-ST | B13: Steam turbine generator ~175 MVA, 18 kV - line terminals | C13: 20 | D13: 60 | E13: 46 | F13: 6 | G13: ST hall north wall
... A153: EG-SWY | B153: Switchyard earth grid (nearest riser) | C153: 10 | D153: 50 | E153: 137.5 | F153: -0.8 | G153: Buried

Sheet Cable Types
A1: Code | B1: Description | C1: Category | D1: Conductors / cables per run | E1: OD (mm) | F1: Base ampacity per run (A) | G1: mV/A/m (3-ph line, or 1-ph/DC loop) | H1: Mass (kg/m per conductor) | I1: Std reel length (m) | J1: Basis
A2: ACSR-DRAKE | B2: ACSR 795 kcmil 'Drake' 26/7, 1 per phase | C2: HV Overhead | D2: 3 | E2: 28.1 | F2: 900 | H2: 1.628 | I2: 2000 | J2: IEEE 738 typical (40 C ambient, 75 C conductor, 2 ft/s wind)
A3: ACSR-DRAKE-2B | B3: ACSR 795 kcmil 'Drake' 26/7, twin bundle per phase | C3: HV Overhead | D3: 6 | E3: 28.1 | F3: 1800 | H3: 1.628 | I3: 2000 | J3: IEEE 738 typical (40 C ambient, 75 C conductor, 2 ft/s wind)
A4: SW-7/16-EHS | B4: Shield wire 7/16" EHS galvanized steel | C4: HV Overhead | D4: 1 | E4: 11.1 | H4: 0.595 | I4: 3000 | J4: IEEE 738 typical (40 C ambient, 75 C conductor, 2 ft/s wind)
A5: OPGW-24 | B5: OPGW 24-fiber shield wire | C5: HV Overhead | D5: 1 | E5: 14 | H5: 0.62 | I5: 4000 | J5: IEEE 738 typical (40 C ambient, 75 C conductor, 2 ft/s wind)
A6: IPB-10K | B6: Isolated phase bus 24 kV, 10 kA (per phase metre) | C6: Busduct | D6: 3 | F6: 10000 | H6: 160 | J6: Vendor nominal rating (IEEE C37.23 / UL 857)
A7: IPB-7K | B7: Isolated phase bus 24 kV, 7 kA (per phase metre) | C7: Busduct | D7: 3 | F7: 7000 | H7: 120 | J7: Vendor nominal rating (IEEE C37.23 / UL 857)
A8: IPB-3K | B8: Isolated phase tap bus 24 kV, 3 kA (per phase metre) | C8: Busduct | D8: 3 | F8: 3000 | H8: 70 | J8: Vendor nominal rating (IEEE C37.23 / UL 857)
A9: LVBD-4000 | B9: 600 V busway 4000 A, Cu, 3-ph + ground, outdoor feeder | C9: Busduct | D9: 1 | F9: 4000 | H9: 45 | J9: Vendor nominal rating (IEEE C37.23 / UL 857)
A10: LVBD-2500 | B10: 600 V busway 2500 A, Cu, 3-ph + ground, outdoor feeder | C10: Busduct | D10: 1 | F10: 2500 | H10: 30 | J10: Vendor nominal rating (IEEE C37.23 / UL 857)
A11: MV-1C-2-NGR | B11: 15 kV MV-105 1/C #2 AWG Cu EPR 133% shielded, Type MC-HL, CCW Al armor (Armor-X type), PVC jkt | C11: MV Power | D11: 1 | E11: 33 | F11: 195 | H11: 1.6 | I11: 300 | J11: NEC 311.60(C) 15 kV Cu 90 C in air, 40 C ambient (approx.); VD from R cos + X sin at 0.85 PF
A12: MV-3C-2 | B12: 15 kV MV-105 3/C #2 AWG Cu EPR 133% shielded + GC, Type MC-HL, CCW Al armor (Armor-X type), PVC jkt | C12: MV Power | D12: 1 | E12: 61 | F12: 165 | G12: 1.068 | H12: 4 | I12: 300 | J12: NEC 311.60(C) 15 kV Cu 90 C in air, 40 C ambient (approx.); VD from R cos + X sin at 0.85 PF
A13: MV-3C-1/0 | B13: 15 kV MV-105 3/C 1/0 AWG Cu EPR 133% shielded + GC, Type MC-HL, CCW Al armor (Armor-X type), PVC jkt | C13: MV Power | D13: 1 | E13: 66 | F13: 215 | G13: 0.716 | H13: 5.3 | I13: 300 | J13: NEC 311.60(C) 15 kV Cu 90 C in air, 40 C ambient (approx.); VD from R cos + X sin at 0.85 PF
A14: MV-3C-4/0 | B14: 15 kV MV-105 3/C 4/0 AWG Cu EPR 133% shielded + GC, Type MC-HL, CCW Al armor (Armor-X type), PVC jkt | C14: MV Power | D14: 1 | E14: 76 | F14: 310 | G14: 0.426 | H14: 8 | I14: 300 | J14: NEC 311.60(C) 15 kV Cu 90 C in air, 40 C ambient (approx.); VD from R cos + X sin at 0.85 PF
A15: MV-3C-500 | B15: 15 kV MV-105 3/C 500 kcmil Cu EPR 133% shielded + GC, Type MC-HL, CCW Al armor (Armor-X type), PVC jkt | C15: MV Power | D15: 1 | E15: 94 | F15: 515 | G15: 0.256 | H15: 15.5 | I15: 300 | J15: NEC 311.60(C) 15 kV Cu 90 C in air, 40 C ambient (approx.); VD from R cos + X sin at 0.85 PF
A16: MV-1C-500-TPX | B16: 15 kV MV-105 1/C 500 kcmil Cu EPR 133% shielded, Type MC-HL, CCW Al armor (Armor-X type), PVC jkt, triplexed set | C16: MV Power | D16: 3 | E16: 41 | F16: 585 | G16: 0.256 | H16: 4.4 | I16: 300 | J16: NEC 311.60(C) 15 kV Cu 90 C in air, 40 C ambient (approx.); VD from R cos + X sin at 0.85 PF
A17: MV-1C-750-TPX | B17: 15 kV MV-105 1/C 750 kcmil Cu EPR 133% shielded, Type MC-HL, CCW Al armor (Armor-X type), PVC jkt, triplexed set | C17: MV Power | D17: 3 | E17: 46 | F17: 740 | G17: 0.21 | H17: 6.2 | I17: 300 | J17: NEC 311.60(C) 15 kV Cu 90 C in air, 40 C ambient (approx.); VD from R cos + X sin at 0.85 PF
A18: MV-1C-1000-TPX | B18: 15 kV MV-105 1/C 1000 kcmil Cu EPR 133% shielded, Type MC-HL, CCW Al armor (Armor-X type), PVC jkt, triplexed set | C18: MV Power | D18: 3 | E18: 51 | F18: 860 | G18: 0.188 | H18: 7.9 | I18: 300 | J18: NEC 311.60(C) 15 kV Cu 90 C in air, 40 C ambient (approx.); VD from R cos + X sin at 0.85 PF
A19: LV-3C-10 | B19: 600 V 3/C #10 AWG + G Cu XHHW-2, Type MC-HL, CCW Al armor (Armor-X type), PVC jkt | C19: LV Power | D19: 1 | E19: 20 | F19: 35 | G19: 6.251 | H19: 0.6 | I19: 600 | J19: NEC 310.16 Cu 75 C column (termination limit); NEC 392.80(A)(1); VD NEC Ch.9 Table 9, 0.85 PF
A20: LV-3C-6 | B20: 600 V 3/C #6 AWG + G Cu XHHW-2, Type MC-HL, CCW Al armor (Armor-X type), PVC jkt | C20: LV Power | D20: 1 | E20: 24 | F20: 65 | G20: 2.557 | H20: 0.95 | I20: 600 | J20: NEC 310.16 Cu 75 C column (termination limit); NEC 392.80(A)(1); VD NEC Ch.9 Table 9, 0.85 PF
A21: LV-3C-2 | B21: 600 V 3/C #2 AWG + G Cu XHHW-2, Type MC-HL, CCW Al armor (Armor-X type), PVC jkt | C21: LV Power | D21: 1 | E21: 31 | F21: 115 | G21: 1.08 | H21: 1.8 | I21: 600 | J21: NEC 310.16 Cu 75 C column (termination limit); NEC 392.80(A)(1); VD NEC Ch.9 Table 9, 0.85 PF
A22: LV-3C-1/0 | B22: 600 V 3/C 1/0 AWG + G Cu XHHW-2, Type MC-HL, CCW Al armor (Armor-X type), PVC jkt | C22: LV Power | D22: 1 | E22: 37 | F22: 150 | G22: 0.682 | H22: 2.6 | I22: 300 | J22: NEC 310.16 Cu 75 C column (termination limit); NEC 392.80(A)(1); VD NEC Ch.9 Table 9, 0.85 PF
A23: LV-3C-4/0 | B23: 600 V 3/C 4/0 AWG + G Cu XHHW-2, Type MC-HL, CCW Al armor (Armor-X type), PVC jkt | C23: LV Power | D23: 1 | E23: 47 | F23: 230 | G23: 0.392 | H23: 4.6 | I23: 300 | J23: NEC 310.16 Cu 75 C column (termination limit); NEC 392.80(A)(1); VD NEC Ch.9 Table 9, 0.85 PF
... A31: LV-1C-500 | B31: 600 V 1/C 500 kcmil Cu XHHW-2, Type MC-HL, CCW Al armor (Armor-X type), PVC jkt (+/- pair) | C31: DC Power | D31: 2 | E31: 34 | F31: 465 | G31: 0.169 | H31: 3.3 | I31: 300 | J31: NEC 310.16 75 C (1/C in tray: 392.80(A)(2), 75% of 310.17); VD NEC Ch.9 Table 8 DC loop
A32: CTL-7C-12 | B32: 600 V 7/C #12 AWG Cu XHHW-2 control, Type MC-HL, CCW Al armor (Armor-X type), PVC jkt | C32: Control | D32: 1 | E32: 19 | H32: 0.6 | I32: 600 | J32: Not current-rated here
A33: CTL-12C-14 | B33: 600 V 12/C #14 AWG Cu XHHW-2 control, Type MC-HL, CCW Al armor (Armor-X type), PVC jkt | C33: Control | D33: 1 | E33: 21 | H33: 0.7 | I33: 600 | J33: Not current-rated here
A34: CTL-25C-14 | B34: 600 V 25/C #14 AWG Cu XHHW-2 control, Type MC-HL, CCW Al armor (Armor-X type), PVC jkt | C34: Control | D34: 1 | E34: 27 | H34: 1.1 | I34: 600 | J34: Not current-rated here
A35: CTL-12C-10 | B35: 600 V 12/C #10 AWG Cu XHHW-2 control (CT circuits), Type MC-HL, CCW Al armor (Armor-X type), PVC jkt | C35: Control | D35: 1 | E35: 27 | H35: 1.2 | I35: 600 | J35: Not current-rated here
A36: INS-1TSP-16 | B36: 300 V 1 TSP #16 AWG, PLTC/ITC-HL, CCW armor, PVC jkt (IS blue) | C36: Instrument | D36: 1 | E36: 13 | H36: 0.25 | I36: 600 | J36: Not current-rated here
A37: INS-2TSP-16 | B37: 300 V 2 TSP #16 AWG, PLTC/ITC-HL, CCW armor, PVC jkt (IS blue) | C37: Instrument | D37: 1 | E37: 16 | H37: 0.35 | I37: 600 | J37: Not current-rated here
A38: INS-12TSP-18 | B38: 300 V 12 TSP #18 AWG indiv. + overall shield, PLTC/ITC-HL, CCW armor | C38: Instrument | D38: 1 | E38: 30 | H38: 0.9 | I38: 600 | J38: Not current-rated here
A39: INS-24TSP-18 | B39: 300 V 24 TSP #18 AWG indiv. + overall shield, PLTC/ITC-HL, CCW armor | C39: Instrument | D39: 1 | E39: 38 | H39: 1.4 | I39: 600 | J39: Not current-rated here
A40: INS-TC-12P-KX | B40: 300 V 12 pair #16 AWG type KX thermocouple extension, ITC-HL, CCW armor | C40: Instrument | D40: 1 | E40: 30 | H40: 0.8 | I40: 600 | J40: Not current-rated here
A41: INS-RS485 | B41: 300 V 1 TSP #22 AWG 120 ohm RS-485, ITC-HL, CCW armor | C41: Instrument | D41: 1 | E41: 12 | H41: 0.2 | I41: 600 | J41: Not current-rated here
A42: FO-24SM | B42: 24-fiber single-mode OFCR, interlocked Al armor | C42: Fibre Optic | D42: 1 | E42: 19 | H42: 0.3 | I42: 2000 | J42: -
A43: FO-48SM | B43: 48-fiber single-mode OFCR, interlocked Al armor | C43: Fibre Optic | D43: 1 | E43: 21 | H43: 0.36 | I43: 2000 | J43: -
... A45: EB-CU-2/0 | B45: Green insulated Cu 2/0 AWG bonding jumper | C45: Earthing | D45: 1 | E45: 15 | H45: 0.62 | I45: 300 | J45: Size per IEEE 80 fault study

Sheet Cable Schedule
A1: CABLE SCHEDULE - CCPP-E-CS-0001 Rev C (PRELIMINARY) - US NEC practice, Type MC-HL armored cable | AI1: Calculation helpers (lookups - do not edit)
A2: Cable No. | B2: Area | C2: System | D2: Service / Function | E2: From Tag | F2: From Equipment | G2: To Tag | H2: To Equipment | I2: Cable Type | J2: Cable Description | K2: Parallel Runs | L2: Raceway | M2: Route Method | N2: Length Override (m) | O2: Route Length / Run (m) | P2: Route Length / Run (ft) | Q2: Total Conductor Length (m) | R2: Total Conductor Length (ft) | S2: System Voltage (V) | T2: Phases | U2: Load (kW / kVA) | V2: PF x Eff. | W2: Running Current (A) | X2: Sizing Factor | Y2: Design Current (A) | Z2: Allowable Ampacity / Run (A) | AA2: Total Capacity (A) | AB2: Loading (%) | AC2: Volt Drop (%) | AD2: VD Limit (%) | AE2: Check | AF2: Cable Area (mm2) | AG2: Notes | AI2: X from | AJ2: Y from | AK2: Z from | AL2: X to | AM2: Y to | AN2: Z to | AO2: Raceway Elev. | AP2: Correction | AQ2: Cond. / Run | AR2: OD (mm) | AS2: Base Ampacity (A) | AT2: mV/A/m
A3: 10-HV-001 | B3: 10 | C3: HV Overhead | D3: GT GSU 230 kV to bay 3 (strung) | E3: GSU-GT-HV | F3: =INDEX(Equipment!$B$2:$B$153,MATCH(E3,Equipment!$A$2:$A$153,0)) -> GT step-up transformer 19/230 kV 290 MVA - HV bushings | G3: SWY-B3 | H3: =INDEX(Equipment!$B$2:$B$153,MATCH(G3,Equipment!$A$2:$A$153,0)) -> 230 kV bay 3 - GT generator bay (gantry dead-end) | I3: ACSR-DRAKE | J3: =INDEX('Cable Types'!$B$2:$B$45,MATCH(I3,'Cable Types'!$A$2:$A$45,0)) -> ACSR 795 kcmil 'Drake' 26/7, 1 per phase | K3: 1 | L3: OHL | M3: D | O3: =IF(N3<>"",N3,IF(M3="D",ROUNDUP(SQRT((AL3-AI3)^2+(AM3-AJ3)^2+(AN3-AK3)^2)*(1+'Design Basis'!$C$6),0),ROUNDUP((ABS(AL3-AI3)+ABS(AM3-AJ3)+ABS(AO3-AK3)+ABS(AO3-AN3))*(1+'Design Basis'!$C$4)+2*'Design Basis'!$C$5,0))) -> 75 | P3: =ROUND(O3*'Design Basis'!$C$10,0) -> 246 | Q3: =O3*K3*AQ3 -> 225 | R3: =ROUND(Q3*'Design Basis'!$C$10,0) -> 738 | S3: 230000 | T3: 3 | U3: 290000 | V3: 1 | W3: =IF(OR(U3="",S3=""),"",IF(T3=3,U3*1000/(SQRT(3)*S3*V3),U3*1000/(S3*V3))) -> 727.96338 | X3: 1 | Y3: =IF(W3="","",W3*IF(X3="",1,X3)) -> 727.96338 | Z3: =IF(OR(AS3="",AP3=""),"",AS3*AP3) -> 900 | AA3: =IF(Z3="","",Z3*K3) -> 900 | AB3: =IF(OR(Y3="",AA3=""),"",Y3/AA3) -> 0.8088482 | AC3: =IF(OR(W3="",AT3=""),"",AT3*(W3/K3)*O3/1000/S3) | AD3: =IF(W3="","",IFERROR(IF(INDEX('Design Basis'!$C$13:$C$21,MATCH(C3,'Design Basis'!$A$13:$A$21,0))="","",INDEX('Design Basis'!$C$13:$C$21,MATCH(C3,'Design Basis'!$A$13:$A$21,0))),"")) | AE3: =IF(W3="","n/a",IF(AA3="","CHECK",IF(AND(AB3<=1,OR(AC3="",AD3="",AC3<=AD3)),"OK","CHECK"))) -> OK | AF3: =IF(AR3="","",K3*AQ3*PI()/4*AR3^2) -> 1860.4747 | AG3: Load in kVA | AI3: =INDEX(Equipment!$D$2:$D$153,MATCH(E3,Equipment!$A$2:$A$153,0)) -> 54 | AJ3: =INDEX(Equipment!$E$2:$E$153,MATCH(E3,Equipment!$A$2:$A$153,0)) -> 65.5 | AK3: =INDEX(Equipment!$F$2:$F$153,MATCH(E3,Equipment!$A$2:$A$153,0)) -> 10 | AL3: =INDEX(Equipment!$D$2:$D$153,MATCH(G3,Equipment!$A$2:$A$153,0)) -> 60 | AM3: =INDEX(Equipment!$E$2:$E$153,MATCH(G3,Equipment!$A$2:$A$153,0)) -> 137.5 | AN3: =INDEX(Equipment!$F$2:$F$153,MATCH(G3,Equipment!$A$2:$A$153,0)) -> 12.5 | AO3: =IF(INDEX(Raceways!$D$2:$D$18,MATCH(L3,Raceways!$A$2:$A$18,0))="",0,INDEX(Raceways!$D$2:$D$18,MATCH(L3,Raceways!$A$2:$A$18,0))) -> 0 | AP3: =IF(INDEX(Raceways!$I$2:$I$18,MATCH(L3,Raceways!$A$2:$A$18,0))="","",INDEX(Raceways!$I$2:$I$18,MATCH(L3,Raceways!$A$2:$A$18,0))) -> 1 | AQ3: =INDEX('Cable Types'!$D$2:$D$45,MATCH(I3,'Cable Types'!$A$2:$A$45,0)) -> 3 | AR3: =IF(INDEX('Cable Types'!$E$2:$E$45,MATCH(I3,'Cable Types'!$A$2:$A$45,0))="","",INDEX('Cable Types'!$E$2:$E$45,MATCH(I3,'Cable Types'!$A$2:$A$45,0))) -> 28.1 | AS3: =IF(INDEX('Cable Types'!$F$2:$F$45,MATCH(I3,'Cable Types'!$A$2:$A$45,0))="","",INDEX('Cable Types'!$F$2:$F$45,MATCH(I3,'Cable Types'!$A$2:$A$45,0))) -> 900 | AT3: =IF(INDEX('Cable Types'!$G$2:$G$45,MATCH(I3,'Cable Types'!$A$2:$A$45,0))="","",INDEX('Cable Types'!$G$2:$G$45,MATCH(I3,'Cable Types'!$A$2:$A$45,0)))
A4: 10-HV-002 | B4: 10 | C4: HV Overhead | D4: ST GSU 230 kV to bay 4 (strung) | E4: GSU-ST-HV | F4: =INDEX(Equipment!$B$2:$B$153,MATCH(E4,Equipment!$A$2:$A$153,0)) -> ST step-up transformer 18/230 kV 175 MVA - HV bushings | G4: SWY-B4 | H4: =INDEX(Equipment!$B$2:$B$153,MATCH(G4,Equipment!$A$2:$A$153,0)) -> 230 kV bay 4 - ST generator bay / line exit (gantry dead-end) | I4: ACSR-DRAKE | J4: =INDEX('Cable Types'!$B$2:$B$45,MATCH(I4,'Cable Types'!$A$2:$A$45,0)) -> ACSR 795 kcmil 'Drake' 26/7, 1 per phase | K4: 1 | L4: OHL | M4: D | O4: =IF(N4<>"",N4,IF(M4="D",ROUNDUP(SQRT((AL4-AI4)^2+(AM4-AJ4)^2+(AN4-AK4)^2)*(1+'Design Basis'!$C$6),0),ROUNDUP((ABS(AL4-AI4)+ABS(AM4-AJ4)+ABS(AO4-AK4)+ABS(AO4-AN4))*(1+'Design Basis'!$C$4)+2*'Design Basis'!$C$5,0))) -> 75 | P4: =ROUND(O4*'Design Basis'!$C$10,0) -> 246 | Q4: =O4*K4*AQ4 -> 225 | R4: =ROUND(Q4*'Design Basis'!$C$10,0) -> 738 | S4: 230000 | T4: 3 | U4: 175000 | V4: 1 | W4: =IF(OR(U4="",S4=""),"",IF(T4=3,U4*1000/(SQRT(3)*S4*V4),U4*1000/(S4*V4))) -> 439.28825 | X4: 1 | Y4: =IF(W4="","",W4*IF(X4="",1,X4)) -> 439.28825 | Z4: =IF(OR(AS4="",AP4=""),"",AS4*AP4) -> 900 | AA4: =IF(Z4="","",Z4*K4) -> 900 | AB4: =IF(OR(Y4="",AA4=""),"",Y4/AA4) -> 0.48809805 | AC4: =IF(OR(W4="",AT4=""),"",AT4*(W4/K4)*O4/1000/S4) | AD4: =IF(W4="","",IFERROR(IF(INDEX('Design Basis'!$C$13:$C$21,MATCH(C4,'Design Basis'!$A$13:$A$21,0))="","",INDEX('Design Basis'!$C$13:$C$21,MATCH(C4,'Design Basis'!$A$13:$A$21,0))),"")) | AE4: =IF(W4="","n/a",IF(AA4="","CHECK",IF(AND(AB4<=1,OR(AC4="",AD4="",AC4<=AD4)),"OK","CHECK"))) -> OK | AF4: =IF(AR4="","",K4*AQ4*PI()/4*AR4^2) -> 1860.4747 | AG4: Load in kVA | AI4: =INDEX(Equipment!$D$2:$D$153,MATCH(E4,Equipment!$A$2:$A$153,0)) -> 74 | AJ4: =INDEX(Equipment!$E$2:$E$153,MATCH(E4,Equipment!$A$2:$A$153,0)) -> 65.5 | AK4: =INDEX(Equipment!$F$2:$F$153,MATCH(E4,Equipment!$A$2:$A$153,0)) -> 10 | AL4: =INDEX(Equipment!$D$2:$D$153,MATCH(G4,Equipment!$A$2:$A$153,0)) -> 80 | AM4: =INDEX(Equipment!$E$2:$E$153,MATCH(G4,Equipment!$A$2:$A$153,0)) -> 137.5 | AN4: =INDEX(Equipment!$F$2:$F$153,MATCH(G4,Equipment!$A$2:$A$153,0)) -> 12.5 | AO4: =IF(INDEX(Raceways!$D$2:$D$18,MATCH(L4,Raceways!$A$2:$A$18,0))="",0,INDEX(Raceways!$D$2:$D$18,MATCH(L4,Raceways!$A$2:$A$18,0))) -> 0 | AP4: =IF(INDEX(Raceways!$I$2:$I$18,MATCH(L4,Raceways!$A$2:$A$18,0))="","",INDEX(Raceways!$I$2:$I$18,MATCH(L4,Raceways!$A$2:$A$18,0))) -> 1 | AQ4: =INDEX('Cable Types'!$D$2:$D$45,MATCH(I4,'Cable Types'!$A$2:$A$45,0)) -> 3 | AR4: =IF(INDEX('Cable Types'!$E$2:$E$45,MATCH(I4,'Cable Types'!$A$2:$A$45,0))="","",INDEX('Cable Types'!$E$2:$E$45,MATCH(I4,'Cable Types'!$A$2:$A$45,0))) -> 28.1 | AS4: =IF(INDEX('Cable Types'!$F$2:$F$45,MATCH(I4,'Cable Types'!$A$2:$A$45,0))="","",INDEX('Cable Types'!$F$2:$F$45,MATCH(I4,'Cable Types'!$A$2:$A$45,0))) -> 900 | AT4: =IF(INDEX('Cable Types'!$G$2:$G$45,MATCH(I4,'Cable Types'!$A$2:$A$45,0))="","",INDEX('Cable Types'!$G$2:$G$45,MATCH(I4,'Cable Types'!$A$2:$A$45,0)))
A5: 10-HV-003 | B5: 10 | C5: HV Overhead | D5: RICE transformer 230 kV to bay 1 (strung) | E5: RICE-TX-HV | F5: =INDEX(Equipment!$B$2:$B$153,MATCH(E5,Equipment!$A$2:$A$153,0)) -> RICE step-up transformer 13.8/230 kV 22 MVA - HV bushings | G5: SWY-B1 | H5: =INDEX(Equipment!$B$2:$B$153,MATCH(G5,Equipment!$A$2:$A$153,0)) -> 230 kV bay 1 - RICE transformer bay (gantry dead-end) | I5: ACSR-DRAKE | J5: =INDEX('Cable Types'!$B$2:$B$45,MATCH(I5,'Cable Types'!$A$2:$A$45,0)) -> ACSR 795 kcmil 'Drake' 26/7, 1 per phase | K5: 1 | L5: OHL | M5: D | O5: =IF(N5<>"",N5,IF(M5="D",ROUNDUP(SQRT((AL5-AI5)^2+(AM5-AJ5)^2+(AN5-AK5)^2)*(1+'Design Basis'!$C$6),0),ROUNDUP((ABS(AL5-AI5)+ABS(AM5-AJ5)+ABS(AO5-AK5)+ABS(AO5-AN5))*(1+'Design Basis'!$C$4)+2*'Design Basis'!$C$5,0))) -> 32 | P5: =ROUND(O5*'Design Basis'!$C$10,0) -> 105 | Q5: =O5*K5*AQ5 -> 96 | R5: =ROUND(Q5*'Design Basis'!$C$10,0) -> 315 | S5: 230000 | T5: 3 | U5: 22000 | V5: 1 | W5: =IF(OR(U5="",S5=""),"",IF(T5=3,U5*1000/(SQRT(3)*S5*V5),U5*1000/(S5*V5))) -> 55.224808 | X5: 1 | Y5: =IF(W5="","",W5*IF(X5="",1,X5)) -> 55.224808 | Z5: =IF(OR(AS5="",AP5=""),"",AS5*AP5) -> 900 | AA5: =IF(Z5="","",Z5*K5) -> 900 | AB5: =IF(OR(Y5="",AA5=""),"",Y5/AA5) -> 0.061360898 | AC5: =IF(OR(W5="",AT5=""),"",AT5*(W5/K5)*O5/1000/S5) | AD5: =IF(W5="","",IFERROR(IF(INDEX('Design Basis'!$C$13:$C$21,MATCH(C5,'Design Basis'!$A$13:$A$21,0))="","",INDEX('Design Basis'!$C$13:$C$21,MATCH(C5,'Design Basis'!$A$13:$A$21,0))),"")) | AE5: =IF(W5="","n/a",IF(AA5="","CHECK",IF(AND(AB5<=1,OR(AC5="",AD5="",AC5<=AD5)),"OK","CHECK"))) -> OK | AF5: =IF(AR5="","",K5*AQ5*PI()/4*AR5^2) -> 1860.4747 | AG5: Load in kVA | AI5: =INDEX(Equipment!$D$2:$D$153,MATCH(E5,Equipment!$A$2:$A$153,0)) -> 19 | AJ5: =INDEX(Equipment!$E$2:$E$153,MATCH(E5,Equipment!$A$2:$A$153,0)) -> 107.5 | AK5: =INDEX(Equipment!$F$2:$F$153,MATCH(E5,Equipment!$A$2:$A$153,0)) -> 8 | AL5: =INDEX(Equipment!$D$2:$D$153,MATCH(G5,Equipment!$A$2:$A$153,0)) -> 20 | AM5: =INDEX(Equipment!$E$2:$E$153,MATCH(G5,Equipment!$A$2:$A$153,0)) -> 137.5 | AN5: =INDEX(Equipment!$F$2:$F$153,MATCH(G5,Equipment!$A$2:$A$153,0)) -> 12.5 | AO5: =IF(INDEX(Raceways!$D$2:$D$18,MATCH(L5,Raceways!$A$2:$A$18,0))="",0,INDEX(Raceways!$D$2:$D$18,MATCH(L5,Raceways!$A$2:$A$18,0))) -> 0 | AP5: =IF(INDEX(Raceways!$I$2:$I$18,MATCH(L5,Raceways!$A$2:$A$18,0))="","",INDEX(Raceways!$I$2:$I$18,MATCH(L5,Raceways!$A$2:$A$18,0))) -> 1 | AQ5: =INDEX('Cable Types'!$D$2:$D$45,MATCH(I5,'Cable Types'!$A$2:$A$45,0)) -> 3 | AR5: =IF(INDEX('Cable Types'!$E$2:$E$45,MATCH(I5,'Cable Types'!$A$2:$A$45,0))="","",INDEX('Cable Types'!$E$2:$E$45,MATCH(I5,'Cable Types'!$A$2:$A$45,0))) -> 28.1 | AS5: =IF(INDEX('Cable Types'!$F$2:$F$45,MATCH(I5,'Cable Types'!$A$2:$A$45,0))="","",INDEX('Cable Types'!$F$2:$F$45,MATCH(I5,'Cable Types'!$A$2:$A$45,0))) -> 900 | AT5: =IF(INDEX('Cable Types'!$G$2:$G$45,MATCH(I5,'Cable Types'!$A$2:$A$45,0))="","",INDEX('Cable Types'!$G$2:$G$45,MATCH(I5,'Cable Types'!$A$2:$A$45,0)))
A6: 10-HV-004 | B6: 10 | C6: HV Overhead | D6: Strung main bus bay 1 - bay 2 | E6: SWY-B1 | F6: =INDEX(Equipment!$B$2:$B$153,MATCH(E6,Equipment!$A$2:$A$153,0)) -> 230 kV bay 1 - RICE transformer bay (gantry dead-end) | G6: SWY-B2 | H6: =INDEX(Equipment!$B$2:$B$153,MATCH(G6,Equipment!$A$2:$A$153,0)) -> 230 kV bay 2 - bus coupler (gantry dead-end) | I6: ACSR-DRAKE-2B | J6: =INDEX('Cable Types'!$B$2:$B$45,MATCH(I6,'Cable Types'!$A$2:$A$45,0)) -> ACSR 795 kcmil 'Drake' 26/7, twin bundle per phase | K6: 1 | L6: OHL | M6: D | O6: =IF(N6<>"",N6,IF(M6="D",ROUNDUP(SQRT((AL6-AI6)^2+(AM6-AJ6)^2+(AN6-AK6)^2)*(1+'Design Basis'!$C$6),0),ROUNDUP((ABS(AL6-AI6)+ABS(AM6-AJ6)+ABS(AO6-AK6)+ABS(AO6-AN6))*(1+'Design Basis'!$C$4)+2*'Design Basis'!$C$5,0))) -> 21 | P6: =ROUND(O6*'Design Basis'!$C$10,0) -> 69 | Q6: =O6*K6*AQ6 -> 126 | R6: =ROUND(Q6*'Design Basis'!$C$10,0) -> 413 | S6: 230000 | T6: 3 | U6: 487000 | V6: 1 | W6: =IF(OR(U6="",S6=""),"",IF(T6=3,U6*1000/(SQRT(3)*S6*V6),U6*1000/(S6*V6))) -> 1222.4764 | X6: 1 | Y6: =IF(W6="","",W6*IF(X6="",1,X6)) -> 1222.4764 | Z6: =IF(OR(AS6="",AP6=""),"",AS6*AP6) -> 1800 | AA6: =IF(Z6="","",Z6*K6) -> 1800 | AB6: =IF(OR(Y6="",AA6=""),"",Y6/AA6) -> 0.67915358 | AC6: =IF(OR(W6="",AT6=""),"",AT6*(W6/K6)*O6/1000/S6) | AD6: =IF(W6="","",IFERROR(IF(INDEX('Design Basis'!$C$13:$C$21,MATCH(C6,'Design Basis'!$A$13:$A$21,0))="","",INDEX('Design Basis'!$C$13:$C$21,MATCH(C6,'Design Basis'!$A$13:$A$21,0))),"")) | AE6: =IF(W6="","n/a",IF(AA6="","CHECK",IF(AND(AB6<=1,OR(AC6="",AD6="",AC6<=AD6)),"OK","CHECK"))) -> OK | AF6: =IF(AR6="","",K6*AQ6*PI()/4*AR6^2) -> 3720.9495 | AG6: Rated for total plant export | AI6: =INDEX(Equipment!$D$2:$D$153,MATCH(E6,Equipment!$A$2:$A$153,0)) -> 20 | AJ6: =INDEX(Equipment!$E$2:$E$153,MATCH(E6,Equipment!$A$2:$A$153,0)) -> 137.5 | AK6: =INDEX(Equipment!$F$2:$F$153,MATCH(E6,Equipment!$A$2:$A$153,0)) -> 12.5 | AL6: =INDEX(Equipment!$D$2:$D$153,MATCH(G6,Equipment!$A$2:$A$153,0)) -> 40 | AM6: =INDEX(Equipment!$E$2:$E$153,MATCH(G6,Equipment!$A$2:$A$153,0)) -> 137.5 | AN6: =INDEX(Equipment!$F$2:$F$153,MATCH(G6,Equipment!$A$2:$A$153,0)) -> 12.5 | AO6: =IF(INDEX(Raceways!$D$2:$D$18,MATCH(L6,Raceways!$A$2:$A$18,0))="",0,INDEX(Raceways!$D$2:$D$18,MATCH(L6,Raceways!$A$2:$A$18,0))) -> 0 | AP6: =IF(INDEX(Raceways!$I$2:$I$18,MATCH(L6,Raceways!$A$2:$A$18,0))="","",INDEX(Raceways!$I$2:$I$18,MATCH(L6,Raceways!$A$2:$A$18,0))) -> 1 | AQ6: =INDEX('Cable Types'!$D$2:$D$45,MATCH(I6,'Cable Types'!$A$2:$A$45,0)) -> 6 | AR6: =IF(INDEX('Cable Types'!$E$2:$E$45,MATCH(I6,'Cable Types'!$A$2:$A$45,0))="","",INDEX('Cable Types'!$E$2:$E$45,MATCH(I6,'Cable Types'!$A$2:$A$45,0))) -> 28.1 | AS6: =IF(INDEX('Cable Types'!$F$2:$F$45,MATCH(I6,'Cable Types'!$A$2:$A$45,0))="","",INDEX('Cable Types'!$F$2:$F$45,MATCH(I6,'Cable Types'!$A$2:$A$45,0))) -> 1800 | AT6: =IF(INDEX('Cable Types'!$G$2:$G$45,MATCH(I6,'Cable Types'!$A$2:$A$45,0))="","",INDEX('Cable Types'!$G$2:$G$45,MATCH(I6,'Cable Types'!$A$2:$A$45,0)))
A7: 10-HV-005 | B7: 10 | C7: HV Overhead | D7: Strung main bus bay 2 - bay 3 | E7: SWY-B2 | F7: =INDEX(Equipment!$B$2:$B$153,MATCH(E7,Equipment!$A$2:$A$153,0)) -> 230 kV bay 2 - bus coupler (gantry dead-end) | G7: SWY-B3 | H7: =INDEX(Equipment!$B$2:$B$153,MATCH(G7,Equipment!$A$2:$A$153,0)) -> 230 kV bay 3 - GT generator bay (gantry dead-end) | I7: ACSR-DRAKE-2B | J7: =INDEX('Cable Types'!$B$2:$B$45,MATCH(I7,'Cable Types'!$A$2:$A$45,0)) -> ACSR 795 kcmil 'Drake' 26/7, twin bundle per phase | K7: 1 | L7: OHL | M7: D | O7: =IF(N7<>"",N7,IF(M7="D",ROUNDUP(SQRT((AL7-AI7)^2+(AM7-AJ7)^2+(AN7-AK7)^2)*(1+'Design Basis'!$C$6),0),ROUNDUP((ABS(AL7-AI7)+ABS(AM7-AJ7)+ABS(AO7-AK7)+ABS(AO7-AN7))*(1+'Design Basis'!$C$4)+2*'Design Basis'!$C$5,0))) -> 21 | P7: =ROUND(O7*'Design Basis'!$C$10,0) -> 69 | Q7: =O7*K7*AQ7 -> 126 | R7: =ROUND(Q7*'Design Basis'!$C$10,0) -> 413 | S7: 230000 | T7: 3 | U7: 487000 | V7: 1 | W7: =IF(OR(U7="",S7=""),"",IF(T7=3,U7*1000/(SQRT(3)*S7*V7),U7*1000/(S7*V7))) -> 1222.4764 | X7: 1 | Y7: =IF(W7="","",W7*IF(X7="",1,X7)) -> 1222.4764 | Z7: =IF(OR(AS7="",AP7=""),"",AS7*AP7) -> 1800 | AA7: =IF(Z7="","",Z7*K7) -> 1800 | AB7: =IF(OR(Y7="",AA7=""),"",Y7/AA7) -> 0.67915358 | AC7: =IF(OR(W7="",AT7=""),"",AT7*(W7/K7)*O7/1000/S7) | AD7: =IF(W7="","",IFERROR(IF(INDEX('Design Basis'!$C$13:$C$21,MATCH(C7,'Design Basis'!$A$13:$A$21,0))="","",INDEX('Design Basis'!$C$13:$C$21,MATCH(C7,'Design Basis'!$A$13:$A$21,0))),"")) | AE7: =IF(W7="","n/a",IF(AA7="","CHECK",IF(AND(AB7<=1,OR(AC7="",AD7="",AC7<=AD7)),"OK","CHECK"))) -> OK | AF7: =IF(AR7="","",K7*AQ7*PI()/4*AR7^2) -> 3720.9495 | AI7: =INDEX(Equipment!$D$2:$D$153,MATCH(E7,Equipment!$A$2:$A$153,0)) -> 40 | AJ7: =INDEX(Equipment!$E$2:$E$153,MATCH(E7,Equipment!$A$2:$A$153,0)) -> 137.5 | AK7: =INDEX(Equipment!$F$2:$F$153,MATCH(E7,Equipment!$A$2:$A$153,0)) -> 12.5 | AL7: =INDEX(Equipment!$D$2:$D$153,MATCH(G7,Equipment!$A$2:$A$153,0)) -> 60 | AM7: =INDEX(Equipment!$E$2:$E$153,MATCH(G7,Equipment!$A$2:$A$153,0)) -> 137.5 | AN7: =INDEX(Equipment!$F$2:$F$153,MATCH(G7,Equipment!$A$2:$A$153,0)) -> 12.5 | AO7: =IF(INDEX(Raceways!$D$2:$D$18,MATCH(L7,Raceways!$A$2:$A$18,0))="",0,INDEX(Raceways!$D$2:$D$18,MATCH(L7,Raceways!$A$2:$A$18,0))) -> 0 | AP7: =IF(INDEX(Raceways!$I$2:$I$18,MATCH(L7,Raceways!$A$2:$A$18,0))="","",INDEX(Raceways!$I$2:$I$18,MATCH(L7,Raceways!$A$2:$A$18,0))) -> 1 | AQ7: =INDEX('Cable Types'!$D$2:$D$45,MATCH(I7,'Cable Types'!$A$2:$A$45,0)) -> 6 | AR7: =IF(INDEX('Cable Types'!$E$2:$E$45,MATCH(I7,'Cable Types'!$A$2:$A$45,0))="","",INDEX('Cable Types'!$E$2:$E$45,MATCH(I7,'Cable Types'!$A$2:$A$45,0))) -> 28.1 | AS7: =IF(INDEX('Cable Types'!$F$2:$F$45,MATCH(I7,'Cable Types'!$A$2:$A$45,0))="","",INDEX('Cable Types'!$F$2:$F$45,MATCH(I7,'Cable Types'!$A$2:$A$45,0))) -> 1800 | AT7: =IF(INDEX('Cable Types'!$G$2:$G$45,MATCH(I7,'Cable Types'!$A$2:$A$45,0))="","",INDEX('Cable Types'!$G$2:$G$45,MATCH(I7,'Cable Types'!$A$2:$A$45,0)))
A8: 10-HV-006 | B8: 10 | C8: HV Overhead | D8: Strung main bus bay 3 - bay 4 | E8: SWY-B3 | F8: =INDEX(Equipment!$B$2:$B$153,MATCH(E8,Equipment!$A$2:$A$153,0)) -> 230 kV bay 3 - GT generator bay (gantry dead-end) | G8: SWY-B4 | H8: =INDEX(Equipment!$B$2:$B$153,MATCH(G8,Equipment!$A$2:$A$153,0)) -> 230 kV bay 4 - ST generator bay / line exit (gantry dead-end) | I8: ACSR-DRAKE-2B | J8: =INDEX('Cable Types'!$B$2:$B$45,MATCH(I8,'Cable Types'!$A$2:$A$45,0)) -> ACSR 795 kcmil 'Drake' 26/7, twin bundle per phase | K8: 1 | L8: OHL | M8: D | O8: =IF(N8<>"",N8,IF(M8="D",ROUNDUP(SQRT((AL8-AI8)^2+(AM8-AJ8)^2+(AN8-AK8)^2)*(1+'Design Basis'!$C$6),0),ROUNDUP((ABS(AL8-AI8)+ABS(AM8-AJ8)+ABS(AO8-AK8)+ABS(AO8-AN8))*(1+'Design Basis'!$C$4)+2*'Design Basis'!$C$5,0))) -> 21 | P8: =ROUND(O8*'Design Basis'!$C$10,0) -> 69 | Q8: =O8*K8*AQ8 -> 126 | R8: =ROUND(Q8*'Design Basis'!$C$10,0) -> 413 | S8: 230000 | T8: 3 | U8: 487000 | V8: 1 | W8: =IF(OR(U8="",S8=""),"",IF(T8=3,U8*1000/(SQRT(3)*S8*V8),U8*1000/(S8*V8))) -> 1222.4764 | X8: 1 | Y8: =IF(W8="","",W8*IF(X8="",1,X8)) -> 1222.4764 | Z8: =IF(OR(AS8="",AP8=""),"",AS8*AP8) -> 1800 | AA8: =IF(Z8="","",Z8*K8) -> 1800 | AB8: =IF(OR(Y8="",AA8=""),"",Y8/AA8) -> 0.67915358 | AC8: =IF(OR(W8="",AT8=""),"",AT8*(W8/K8)*O8/1000/S8) | AD8: =IF(W8="","",IFERROR(IF(INDEX('Design Basis'!$C$13:$C$21,MATCH(C8,'Design Basis'!$A$13:$A$21,0))="","",INDEX('Design Basis'!$C$13:$C$21,MATCH(C8,'Design Basis'!$A$13:$A$21,0))),"")) | AE8: =IF(W8="","n/a",IF(AA8="","CHECK",IF(AND(AB8<=1,OR(AC8="",AD8="",AC8<=AD8)),"OK","CHECK"))) -> OK | AF8: =IF(AR8="","",K8*AQ8*PI()/4*AR8^2) -> 3720.9495 | AI8: =INDEX(Equipment!$D$2:$D$153,MATCH(E8,Equipment!$A$2:$A$153,0)) -> 60 | AJ8: =INDEX(Equipment!$E$2:$E$153,MATCH(E8,Equipment!$A$2:$A$153,0)) -> 137.5 | AK8: =INDEX(Equipment!$F$2:$F$153,MATCH(E8,Equipment!$A$2:$A$153,0)) -> 12.5 | AL8: =INDEX(Equipment!$D$2:$D$153,MATCH(G8,Equipment!$A$2:$A$153,0)) -> 80 | AM8: =INDEX(Equipment!$E$2:$E$153,MATCH(G8,Equipment!$A$2:$A$153,0)) -> 137.5 | AN8: =INDEX(Equipment!$F$2:$F$153,MATCH(G8,Equipment!$A$2:$A$153,0)) -> 12.5 | AO8: =IF(INDEX(Raceways!$D$2:$D$18,MATCH(L8,Raceways!$A$2:$A$18,0))="",0,INDEX(Raceways!$D$2:$D$18,MATCH(L8,Raceways!$A$2:$A$18,0))) -> 0 | AP8: =IF(INDEX(Raceways!$I$2:$I$18,MATCH(L8,Raceways!$A$2:$A$18,0))="","",INDEX(Raceways!$I$2:$I$18,MATCH(L8,Raceways!$A$2:$A$18,0))) -> 1 | AQ8: =INDEX('Cable Types'!$D$2:$D$45,MATCH(I8,'Cable Types'!$A$2:$A$45,0)) -> 6 | AR8: =IF(INDEX('Cable Types'!$E$2:$E$45,MATCH(I8,'Cable Types'!$A$2:$A$45,0))="","",INDEX('Cable Types'!$E$2:$E$45,MATCH(I8,'Cable Types'!$A$2:$A$45,0))) -> 28.1 | AS8: =IF(INDEX('Cable Types'!$F$2:$F$45,MATCH(I8,'Cable Types'!$A$2:$A$45,0))="","",INDEX('Cable Types'!$F$2:$F$45,MATCH(I8,'Cable Types'!$A$2:$A$45,0))) -> 1800 | AT8: =IF(INDEX('Cable Types'!$G$2:$G$45,MATCH(I8,'Cable Types'!$A$2:$A$45,0))="","",INDEX('Cable Types'!$G$2:$G$45,MATCH(I8,'Cable Types'!$A$2:$A$45,0)))
A9: 10-HV-007 | B9: 10 | C9: HV Overhead | D9: Outgoing 230 kV line: bay 4 to terminal tower T1 | E9: SWY-B4 | F9: =INDEX(Equipment!$B$2:$B$153,MATCH(E9,Equipment!$A$2:$A$153,0)) -> 230 kV bay 4 - ST generator bay / line exit (gantry dead-end) | G9: TWR-01 | H9: =INDEX(Equipment!$B$2:$B$153,MATCH(G9,Equipment!$A$2:$A$153,0)) -> 230 kV transmission tower 1 (terminal) | I9: ACSR-DRAKE-2B | J9: =INDEX('Cable Types'!$B$2:$B$45,MATCH(I9,'Cable Types'!$A$2:$A$45,0)) -> ACSR 795 kcmil 'Drake' 26/7, twin bundle per phase | K9: 1 | L9: OHL | M9: D | O9: =IF(N9<>"",N9,IF(M9="D",ROUNDUP(SQRT((AL9-AI9)^2+(AM9-AJ9)^2+(AN9-AK9)^2)*(1+'Design Basis'!$C$6),0),ROUNDUP((ABS(AL9-AI9)+ABS(AM9-AJ9)+ABS(AO9-AK9)+ABS(AO9-AN9))*(1+'Design Basis'!$C$4)+2*'Design Basis'!$C$5,0))) -> 56 | P9: =ROUND(O9*'Design Basis'!$C$10,0) -> 184 | Q9: =O9*K9*AQ9 -> 336 | R9: =ROUND(Q9*'Design Basis'!$C$10,0) -> 1102 | S9: 230000 | T9: 3 | U9: 487000 | V9: 1 | W9: =IF(OR(U9="",S9=""),"",IF(T9=3,U9*1000/(SQRT(3)*S9*V9),U9*1000/(S9*V9))) -> 1222.4764 | X9: 1 | Y9: =IF(W9="","",W9*IF(X9="",1,X9)) -> 1222.4764 | Z9: =IF(OR(AS9="",AP9=""),"",AS9*AP9) -> 1800 | AA9: =IF(Z9="","",Z9*K9) -> 1800 | AB9: =IF(OR(Y9="",AA9=""),"",Y9/AA9) -> 0.67915358 | AC9: =IF(OR(W9="",AT9=""),"",AT9*(W9/K9)*O9/1000/S9) | AD9: =IF(W9="","",IFERROR(IF(INDEX('Design Basis'!$C$13:$C$21,MATCH(C9,'Design Basis'!$A$13:$A$21,0))="","",INDEX('Design Basis'!$C$13:$C$21,MATCH(C9,'Design Basis'!$A$13:$A$21,0))),"")) | AE9: =IF(W9="","n/a",IF(AA9="","CHECK",IF(AND(AB9<=1,OR(AC9="",AD9="",AC9<=AD9)),"OK","CHECK"))) -> OK | AF9: =IF(AR9="","",K9*AQ9*PI()/4*AR9^2) -> 3720.9495 | AI9: =INDEX(Equipment!$D$2:$D$153,MATCH(E9,Equipment!$A$2:$A$153,0)) -> 80 | AJ9: =INDEX(Equipment!$E$2:$E$153,MATCH(E9,Equipment!$A$2:$A$153,0)) -> 137.5 | AK9: =INDEX(Equipment!$F$2:$F$153,MATCH(E9,Equipment!$A$2:$A$153,0)) -> 12.5 | AL9: =INDEX(Equipment!$D$2:$D$153,MATCH(G9,Equipment!$A$2:$A$153,0)) -> 130 | AM9: =INDEX(Equipment!$E$2:$E$153,MATCH(G9,Equipment!$A$2:$A$153,0)) -> 137.5 | AN9: =INDEX(Equipment!$F$2:$F$153,MATCH(G9,Equipment!$A$2:$A$153,0)) -> 31.5 | AO9: =IF(INDEX(Raceways!$D$2:$D$18,MATCH(L9,Raceways!$A$2:$A$18,0))="",0,INDEX(Raceways!$D$2:$D$18,MATCH(L9,Raceways!$A$2:$A$18,0))) -> 0 | AP9: =IF(INDEX(Raceways!$I$2:$I$18,MATCH(L9,Raceways!$A$2:$A$18,0))="","",INDEX(Raceways!$I$2:$I$18,MATCH(L9,Raceways!$A$2:$A$18,0))) -> 1 | AQ9: =INDEX('Cable Types'!$D$2:$D$45,MATCH(I9,'Cable Types'!$A$2:$A$45,0)) -> 6 | AR9: =IF(INDEX('Cable Types'!$E$2:$E$45,MATCH(I9,'Cable Types'!$A$2:$A$45,0))="","",INDEX('Cable Types'!$E$2:$E$45,MATCH(I9,'Cable Types'!$A$2:$A$45,0))) -> 28.1 | AS9: =IF(INDEX('Cable Types'!$F$2:$F$45,MATCH(I9,'Cable Types'!$A$2:$A$45,0))="","",INDEX('Cable Types'!$F$2:$F$45,MATCH(I9,'Cable Types'!$A$2:$A$45,0))) -> 1800 | AT9: =IF(INDEX('Cable Types'!$G$2:$G$45,MATCH(I9,'Cable Types'!$A$2:$A$45,0))="","",INDEX('Cable Types'!$G$2:$G$45,MATCH(I9,'Cable Types'!$A$2:$A$45,0)))
A10: 10-HV-008 | B10: 10 | C10: HV Overhead | D10: Outgoing 230 kV line span T1 - T2 | E10: TWR-01 | F10: =INDEX(Equipment!$B$2:$B$153,MATCH(E10,Equipment!$A$2:$A$153,0)) -> 230 kV transmission tower 1 (terminal) | G10: TWR-02 | H10: =INDEX(Equipment!$B$2:$B$153,MATCH(G10,Equipment!$A$2:$A$153,0)) -> 230 kV transmission tower 2 (suspension) | I10: ACSR-DRAKE-2B | J10: =INDEX('Cable Types'!$B$2:$B$45,MATCH(I10,'Cable Types'!$A$2:$A$45,0)) -> ACSR 795 kcmil 'Drake' 26/7, twin bundle per phase | K10: 1 | L10: OHL | M10: D | O10: =IF(N10<>"",N10,IF(M10="D",ROUNDUP(SQRT((AL10-AI10)^2+(AM10-AJ10)^2+(AN10-AK10)^2)*(1+'Design Basis'!$C$6),0),ROUNDUP((ABS(AL10-AI10)+ABS(AM10-AJ10)+ABS(AO10-AK10)+ABS(AO10-AN10))*(1+'Design Basis'!$C$4)+2*'Design Basis'!$C$5,0))) -> 74 | P10: =ROUND(O10*'Design Basis'!$C$10,0) -> 243 | Q10: =O10*K10*AQ10 -> 444 | R10: =ROUND(Q10*'Design Basis'!$C$10,0) -> 1457 | S10: 230000 | T10: 3 | U10: 487000 | V10: 1 | W10: =IF(OR(U10="",S10=""),"",IF(T10=3,U10*1000/(SQRT(3)*S10*V10),U10*1000/(S10*V10))) -> 1222.4764 | X10: 1 | Y10: =IF(W10="","",W10*IF(X10="",1,X10)) -> 1222.4764 | Z10: =IF(OR(AS10="",AP10=""),"",AS10*AP10) -> 1800 | AA10: =IF(Z10="","",Z10*K10) -> 1800 | AB10: =IF(OR(Y10="",AA10=""),"",Y10/AA10) -> 0.67915358 | AC10: =IF(OR(W10="",AT10=""),"",AT10*(W10/K10)*O10/1000/S10) | AD10: =IF(W10="","",IFERROR(IF(INDEX('Design Basis'!$C$13:$C$21,MATCH(C10,'Design Basis'!$A$13:$A$21,0))="","",INDEX('Design Basis'!$C$13:$C$21,MATCH(C10,'Design Basis'!$A$13:$A$21,0))),"")) | AE10: =IF(W10="","n/a",IF(AA10="","CHECK",IF(AND(AB10<=1,OR(AC10="",AD10="",AC10<=AD10)),"OK","CHECK"))) -> OK | AF10: =IF(AR10="","",K10*AQ10*PI()/4*AR10^2) -> 3720.9495 | AI10: =INDEX(Equipment!$D$2:$D$153,MATCH(E10,Equipment!$A$2:$A$153,0)) -> 130 | AJ10: =INDEX(Equipment!$E$2:$E$153,MATCH(E10,Equipment!$A$2:$A$153,0)) -> 137.5 | AK10: =INDEX(Equipment!$F$2:$F$153,MATCH(E10,Equipment!$A$2:$A$153,0)) -> 31.5 | AL10: =INDEX(Equipment!$D$2:$D$153,MATCH(G10,Equipment!$A$2:$A$153,0)) -> 200 | AM10: =INDEX(Equipment!$E$2:$E$153,MATCH(G10,Equipment!$A$2:$A$153,0)) -> 152.5 | AN10: =INDEX(Equipment!$F$2:$F$153,MATCH(G10,Equipment!$A$2:$A$153,0)) -> 31.5 | AO10: =IF(INDEX(Raceways!$D$2:$D$18,MATCH(L10,Raceways!$A$2:$A$18,0))="",0,INDEX(Raceways!$D$2:$D$18,MATCH(L10,Raceways!$A$2:$A$18,0))) -> 0 | AP10: =IF(INDEX(Raceways!$I$2:$I$18,MATCH(L10,Raceways!$A$2:$A$18,0))="","",INDEX(Raceways!$I$2:$I$18,MATCH(L10,Raceways!$A$2:$A$18,0))) -> 1 | AQ10: =INDEX('Cable Types'!$D$2:$D$45,MATCH(I10,'Cable Types'!$A$2:$A$45,0)) -> 6 | AR10: =IF(INDEX('Cable Types'!$E$2:$E$45,MATCH(I10,'Cable Types'!$A$2:$A$45,0))="","",INDEX('Cable Types'!$E$2:$E$45,MATCH(I10,'Cable Types'!$A$2:$A$45,0))) -> 28.1 | AS10: =IF(INDEX('Cable Types'!$F$2:$F$45,MATCH(I10,'Cable Types'!$A$2:$A$45,0))="","",INDEX('Cable Types'!$F$2:$F$45,MATCH(I10,'Cable Types'!$A$2:$A$45,0))) -> 1800 | AT10: =IF(INDEX('Cable Types'!$G$2:$G$45,MATCH(I10,'Cable Types'!$A$2:$A$45,0))="","",INDEX('Cable Types'!$G$2:$G$45,MATCH(I10,'Cable Types'!$A$2:$A$45,0)))
A11: 10-HV-009 | B11: 10 | C11: HV Overhead | D11: Outgoing 230 kV line span T2 - T3 | E11: TWR-02 | F11: =INDEX(Equipment!$B$2:$B$153,MATCH(E11,Equipment!$A$2:$A$153,0)) -> 230 kV transmission tower 2 (suspension) | G11: TWR-03 | H11: =INDEX(Equipment!$B$2:$B$153,MATCH(G11,Equipment!$A$2:$A$153,0)) -> 230 kV transmission tower 3 (suspension) | I11: ACSR-DRAKE-2B | J11: =INDEX('Cable Types'!$B$2:$B$45,MATCH(I11,'Cable Types'!$A$2:$A$45,0)) -> ACSR 795 kcmil 'Drake' 26/7, twin bundle per phase | K11: 1 | L11: OHL | M11: D | O11: =IF(N11<>"",N11,IF(M11="D",ROUNDUP(SQRT((AL11-AI11)^2+(AM11-AJ11)^2+(AN11-AK11)^2)*(1+'Design Basis'!$C$6),0),ROUNDUP((ABS(AL11-AI11)+ABS(AM11-AJ11)+ABS(AO11-AK11)+ABS(AO11-AN11))*(1+'Design Basis'!$C$4)+2*'Design Basis'!$C$5,0))) -> 74 | P11: =ROUND(O11*'Design Basis'!$C$10,0) -> 243 | Q11: =O11*K11*AQ11 -> 444 | R11: =ROUND(Q11*'Design Basis'!$C$10,0) -> 1457 | S11: 230000 | T11: 3 | U11: 487000 | V11: 1 | W11: =IF(OR(U11="",S11=""),"",IF(T11=3,U11*1000/(SQRT(3)*S11*V11),U11*1000/(S11*V11))) -> 1222.4764 | X11: 1 | Y11: =IF(W11="","",W11*IF(X11="",1,X11)) -> 1222.4764 | Z11: =IF(OR(AS11="",AP11=""),"",AS11*AP11) -> 1800 | AA11: =IF(Z11="","",Z11*K11) -> 1800 | AB11: =IF(OR(Y11="",AA11=""),"",Y11/AA11) -> 0.67915358 | AC11: =IF(OR(W11="",AT11=""),"",AT11*(W11/K11)*O11/1000/S11) | AD11: =IF(W11="","",IFERROR(IF(INDEX('Design Basis'!$C$13:$C$21,MATCH(C11,'Design Basis'!$A$13:$A$21,0))="","",INDEX('Design Basis'!$C$13:$C$21,MATCH(C11,'Design Basis'!$A$13:$A$21,0))),"")) | AE11: =IF(W11="","n/a",IF(AA11="","CHECK",IF(AND(AB11<=1,OR(AC11="",AD11="",AC11<=AD11)),"OK","CHECK"))) -> OK | AF11: =IF(AR11="","",K11*AQ11*PI()/4*AR11^2) -> 3720.9495 | AI11: =INDEX(Equipment!$D$2:$D$153,MATCH(E11,Equipment!$A$2:$A$153,0)) -> 200 | AJ11: =INDEX(Equipment!$E$2:$E$153,MATCH(E11,Equipment!$A$2:$A$153,0)) -> 152.5 | AK11: =INDEX(Equipment!$F$2:$F$153,MATCH(E11,Equipment!$A$2:$A$153,0)) -> 31.5 | AL11: =INDEX(Equipment!$D$2:$D$153,MATCH(G11,Equipment!$A$2:$A$153,0)) -> 270 | AM11: =INDEX(Equipment!$E$2:$E$153,MATCH(G11,Equipment!$A$2:$A$153,0)) -> 167.5 | AN11: =INDEX(Equipment!$F$2:$F$153,MATCH(G11,Equipment!$A$2:$A$153,0)) -> 31.5 | AO11: =IF(INDEX(Raceways!$D$2:$D$18,MATCH(L11,Raceways!$A$2:$A$18,0))="",0,INDEX(Raceways!$D$2:$D$18,MATCH(L11,Raceways!$A$2:$A$18,0))) -> 0 | AP11: =IF(INDEX(Raceways!$I$2:$I$18,MATCH(L11,Raceways!$A$2:$A$18,0))="","",INDEX(Raceways!$I$2:$I$18,MATCH(L11,Raceways!$A$2:$A$18,0))) -> 1 | AQ11: =INDEX('Cable Types'!$D$2:$D$45,MATCH(I11,'Cable Types'!$A$2:$A$45,0)) -> 6 | AR11: =IF(INDEX('Cable Types'!$E$2:$E$45,MATCH(I11,'Cable Types'!$A$2:$A$45,0))="","",INDEX('Cable Types'!$E$2:$E$45,MATCH(I11,'Cable Types'!$A$2:$A$45,0))) -> 28.1 | AS11: =IF(INDEX('Cable Types'!$F$2:$F$45,MATCH(I11,'Cable Types'!$A$2:$A$45,0))="","",INDEX('Cable Types'!$F$2:$F$45,MATCH(I11,'Cable Types'!$A$2:$A$45,0))) -> 1800 | AT11: =IF(INDEX('Cable Types'!$G$2:$G$45,MATCH(I11,'Cable Types'!$A$2:$A$45,0))="","",INDEX('Cable Types'!$G$2:$G$45,MATCH(I11,'Cable Types'!$A$2:$A$45,0)))
A12: 10-HV-010 | B12: 10 | C12: HV Overhead | D12: Switchyard shield wires (2 off) bay 1 - bay 4 | E12: SWY-B1 | F12: =INDEX(Equipment!$B$2:$B$153,MATCH(E12,Equipment!$A$2:$A$153,0)) -> 230 kV bay 1 - RICE transformer bay (gantry dead-end) | G12: SWY-B4 | H12: =INDEX(Equipment!$B$2:$B$153,MATCH(G12,Equipment!$A$2:$A$153,0)) -> 230 kV bay 4 - ST generator bay / line exit (gantry dead-end) | I12: SW-7/16-EHS | J12: =INDEX('Cable Types'!$B$2:$B$45,MATCH(I12,'Cable Types'!$A$2:$A$45,0)) -> Shield wire 7/16" EHS galvanized steel | K12: 2 | L12: OHL | M12: D | O12: =IF(N12<>"",N12,IF(M12="D",ROUNDUP(SQRT((AL12-AI12)^2+(AM12-AJ12)^2+(AN12-AK12)^2)*(1+'Design Basis'!$C$6),0),ROUNDUP((ABS(AL12-AI12)+ABS(AM12-AJ12)+ABS(AO12-AK12)+ABS(AO12-AN12))*(1+'Design Basis'!$C$4)+2*'Design Basis'!$C$5,0))) -> 62 | P12: =ROUND(O12*'Design Basis'!$C$10,0) -> 203 | Q12: =O12*K12*AQ12 -> 124 | R12: =ROUND(Q12*'Design Basis'!$C$10,0) -> 407 | W12: =IF(OR(U12="",S12=""),"",IF(T12=3,U12*1000/(SQRT(3)*S12*V12),U12*1000/(S12*V12))) | Y12: =IF(W12="","",W12*IF(X12="",1,X12)) | Z12: =IF(OR(AS12="",AP12=""),"",AS12*AP12) | AA12: =IF(Z12="","",Z12*K12) | AB12: =IF(OR(Y12="",AA12=""),"",Y12/AA12) | AC12: =IF(OR(W12="",AT12=""),"",AT12*(W12/K12)*O12/1000/S12) | AD12: =IF(W12="","",IFERROR(IF(INDEX('Design Basis'!$C$13:$C$21,MATCH(C12,'Design Basis'!$A$13:$A$21,0))="","",INDEX('Design Basis'!$C$13:$C$21,MATCH(C12,'Design Basis'!$A$13:$A$21,0))),"")) | AE12: =IF(W12="","n/a",IF(AA12="","CHECK",IF(AND(AB12<=1,OR(AC12="",AD12="",AC12<=AD12)),"OK","CHECK"))) -> n/a | AF12: =IF(AR12="","",K12*AQ12*PI()/4*AR12^2) -> 193.53782 | AG12: Lightning shielding over gantries | AI12: =INDEX(Equipment!$D$2:$D$153,MATCH(E12,Equipment!$A$2:$A$153,0)) -> 20 | AJ12: =INDEX(Equipment!$E$2:$E$153,MATCH(E12,Equipment!$A$2:$A$153,0)) -> 137.5 | AK12: =INDEX(Equipment!$F$2:$F$153,MATCH(E12,Equipment!$A$2:$A$153,0)) -> 12.5 | AL12: =INDEX(Equipment!$D$2:$D$153,MATCH(G12,Equipment!$A$2:$A$153,0)) -> 80 | AM12: =INDEX(Equipment!$E$2:$E$153,MATCH(G12,Equipment!$A$2:$A$153,0)) -> 137.5 | AN12: =INDEX(Equipment!$F$2:$F$153,MATCH(G12,Equipment!$A$2:$A$153,0)) -> 12.5 | AO12: =IF(INDEX(Raceways!$D$2:$D$18,MATCH(L12,Raceways!$A$2:$A$18,0))="",0,INDEX(Raceways!$D$2:$D$18,MATCH(L12,Raceways!$A$2:$A$18,0))) -> 0 | AP12: =IF(INDEX(Raceways!$I$2:$I$18,MATCH(L12,Raceways!$A$2:$A$18,0))="","",INDEX(Raceways!$I$2:$I$18,MATCH(L12,Raceways!$A$2:$A$18,0))) -> 1 | AQ12: =INDEX('Cable Types'!$D$2:$D$45,MATCH(I12,'Cable Types'!$A$2:$A$45,0)) -> 1 | AR12: =IF(INDEX('Cable Types'!$E$2:$E$45,MATCH(I12,'Cable Types'!$A$2:$A$45,0))="","",INDEX('Cable Types'!$E$2:$E$45,MATCH(I12,'Cable Types'!$A$2:$A$45,0))) -> 11.1 | AS12: =IF(INDEX('Cable Types'!$F$2:$F$45,MATCH(I12,'Cable Types'!$A$2:$A$45,0))="","",INDEX('Cable Types'!$F$2:$F$45,MATCH(I12,'Cable Types'!$A$2:$A$45,0))) | AT12: =IF(INDEX('Cable Types'!$G$2:$G$45,MATCH(I12,'Cable Types'!$A$2:$A$45,0))="","",INDEX('Cable Types'!$G$2:$G$45,MATCH(I12,'Cable Types'!$A$2:$A$45,0)))
A13: 10-HV-011 | B13: 10 | C13: HV Overhead | D13: Line OPGW: bay 4 to T3 (teleprotection / SCADA) | E13: SWY-B4 | F13: =INDEX(Equipment!$B$2:$B$153,MATCH(E13,Equipment!$A$2:$A$153,0)) -> 230 kV bay 4 - ST generator bay / line exit (gantry dead-end) | G13: TWR-03 | H13: =INDEX(Equipment!$B$2:$B$153,MATCH(G13,Equipment!$A$2:$A$153,0)) -> 230 kV transmission tower 3 (suspension) | I13: OPGW-24 | J13: =INDEX('Cable Types'!$B$2:$B$45,MATCH(I13,'Cable Types'!$A$2:$A$45,0)) -> OPGW 24-fiber shield wire | K13: 1 | L13: OHL | M13: D | O13: =IF(N13<>"",N13,IF(M13="D",ROUNDUP(SQRT((AL13-AI13)^2+(AM13-AJ13)^2+(AN13-AK13)^2)*(1+'Design Basis'!$C$6),0),ROUNDUP((ABS(AL13-AI13)+ABS(AM13-AJ13)+ABS(AO13-AK13)+ABS(AO13-AN13))*(1+'Design Basis'!$C$4)+2*'Design Basis'!$C$5,0))) -> 200 | P13: =ROUND(O13*'Design Basis'!$C$10,0) -> 656 | Q13: =O13*K13*AQ13 -> 200 | R13: =ROUND(Q13*'Design Basis'!$C$10,0) -> 656 | W13: =IF(OR(U13="",S13=""),"",IF(T13=3,U13*1000/(SQRT(3)*S13*V13),U13*1000/(S13*V13))) | Y13: =IF(W13="","",W13*IF(X13="",1,X13)) | Z13: =IF(OR(AS13="",AP13=""),"",AS13*AP13) | AA13: =IF(Z13="","",Z13*K13) | AB13: =IF(OR(Y13="",AA13=""),"",Y13/AA13) | AC13: =IF(OR(W13="",AT13=""),"",AT13*(W13/K13)*O13/1000/S13) | AD13: =IF(W13="","",IFERROR(IF(INDEX('Design Basis'!$C$13:$C$21,MATCH(C13,'Design Basis'!$A$13:$A$21,0))="","",INDEX('Design Basis'!$C$13:$C$21,MATCH(C13,'Design Basis'!$A$13:$A$21,0))),"")) | AE13: =IF(W13="","n/a",IF(AA13="","CHECK",IF(AND(AB13<=1,OR(AC13="",AD13="",AC13<=AD13)),"OK","CHECK"))) -> n/a | AF13: =IF(AR13="","",K13*AQ13*PI()/4*AR13^2) -> 153.93804 | AG13: Chord length bay 4 -> T3; refine per tower spotting | AI13: =INDEX(Equipment!$D$2:$D$153,MATCH(E13,Equipment!$A$2:$A$153,0)) -> 80 | AJ13: =INDEX(Equipment!$E$2:$E$153,MATCH(E13,Equipment!$A$2:$A$153,0)) -> 137.5 | AK13: =INDEX(Equipment!$F$2:$F$153,MATCH(E13,Equipment!$A$2:$A$153,0)) -> 12.5 | AL13: =INDEX(Equipment!$D$2:$D$153,MATCH(G13,Equipment!$A$2:$A$153,0)) -> 270 | AM13: =INDEX(Equipment!$E$2:$E$153,MATCH(G13,Equipment!$A$2:$A$153,0)) -> 167.5 | AN13: =INDEX(Equipment!$F$2:$F$153,MATCH(G13,Equipment!$A$2:$A$153,0)) -> 31.5 | AO13: =IF(INDEX(Raceways!$D$2:$D$18,MATCH(L13,Raceways!$A$2:$A$18,0))="",0,INDEX(Raceways!$D$2:$D$18,MATCH(L13,Raceways!$A$2:$A$18,0))) -> 0 | AP13: =IF(INDEX(Raceways!$I$2:$I$18,MATCH(L13,Raceways!$A$2:$A$18,0))="","",INDEX(Raceways!$I$2:$I$18,MATCH(L13,Raceways!$A$2:$A$18,0))) -> 1 | AQ13: =INDEX('Cable Types'!$D$2:$D$45,MATCH(I13,'Cable Types'!$A$2:$A$45,0)) -> 1 | AR13: =IF(INDEX('Cable Types'!$E$2:$E$45,MATCH(I13,'Cable Types'!$A$2:$A$45,0))="","",INDEX('Cable Types'!$E$2:$E$45,MATCH(I13,'Cable Types'!$A$2:$A$45,0))) -> 14 | AS13: =IF(INDEX('Cable Types'!$F$2:$F$45,MATCH(I13,'Cable Types'!$A$2:$A$45,0))="","",INDEX('Cable Types'!$F$2:$F$45,MATCH(I13,'Cable Types'!$A$2:$A$45,0))) | AT13: =IF(INDEX('Cable Types'!$G$2:$G$45,MATCH(I13,'Cable Types'!$A$2:$A$45,0))="","",INDEX('Cable Types'!$G$2:$G$45,MATCH(I13,'Cable Types'!$A$2:$A$45,0)))
A14: 20-IPB-001 | B14: 20 | C14: Busduct | D14: GT generator main IPB to GSU-GT LV | E14: GEN-GT | F14: =INDEX(Equipment!$B$2:$B$153,MATCH(E14,Equipment!$A$2:$A$153,0)) -> Gas turbine generator ~290 MVA, 19 kV - line terminals | G14: GSU-GT-LV | H14: =INDEX(Equipment!$B$2:$B$153,MATCH(G14,Equipment!$A$2:$A$153,0)) -> GT step-up transformer - LV bushings / marshalling box | I14: IPB-10K | J14: =INDEX('Cable Types'!$B$2:$B$45,MATCH(I14,'Cable Types'!$A$2:$A$45,0)) -> Isolated phase bus 24 kV, 10 kA (per phase metre) | K14: 1 | L14: IPB-GT | M14: M | O14: =IF(N14<>"",N14,IF(M14="D",ROUNDUP(SQRT((AL14-AI14)^2+(AM14-AJ14)^2+(AN14-AK14)^2)*(1+'Design Basis'!$C$6),0),ROUNDUP((ABS(AL14-AI14)+ABS(AM14-AJ14)+ABS(AO14-AK14)+ABS(AO14-AN14))*(1+'Design Basis'!$C$4)+2*'Design Basis'!$C$5,0))) -> 58 | P14: =ROUND(O14*'Design Basis'!$C$10,0) -> 190 | Q14: =O14*K14*AQ14 -> 174 | R14: =ROUND(Q14*'Design Basis'!$C$10,0) -> 571 | S14: 19000 | T14: 3 | U14: 290000 | V14: 1 | W14: =IF(OR(U14="",S14=""),"",IF(T14=3,U14*1000/(SQRT(3)*S14*V14),U14*1000/(S14*V14))) -> 8812.1883 | X14: 1 | Y14: =IF(W14="","",W14*IF(X14="",1,X14)) -> 8812.1883 | Z14: =IF(OR(AS14="",AP14=""),"",AS14*AP14) -> 10000 | AA14: =IF(Z14="","",Z14*K14) -> 10000 | AB14: =IF(OR(Y14="",AA14=""),"",Y14/AA14) -> 0.88121883 | AC14: =IF(OR(W14="",AT14=""),"",AT14*(W14/K14)*O14/1000/S14) | AD14: =IF(W14="","",IFERROR(IF(INDEX('Design Basis'!$C$13:$C$21,MATCH(C14,'Design Basis'!$A$13:$A$21,0))="","",INDEX('Design Basis'!$C$13:$C$21,MATCH(C14,'Design Basis'!$A$13:$A$21,0))),"")) | AE14: =IF(W14="","n/a",IF(AA14="","CHECK",IF(AND(AB14<=1,OR(AC14="",AD14="",AC14<=AD14)),"OK","CHECK"))) -> OK | AF14: =IF(AR14="","",K14*AQ14*PI()/4*AR14^2) | AG14: Includes GCB if fitted | AI14: =INDEX(Equipment!$D$2:$D$153,MATCH(E14,Equipment!$A$2:$A$153,0)) -> 58 | AJ14: =INDEX(Equipment!$E$2:$E$153,MATCH(E14,Equipment!$A$2:$A$153,0)) -> 18 | AK14: =INDEX(Equipment!$F$2:$F$153,MATCH(E14,Equipment!$A$2:$A$153,0)) -> 4 | AL14: =INDEX(Equipment!$D$2:$D$153,MATCH(G14,Equipment!$A$2:$A$153,0)) -> 54 | AM14: =INDEX(Equipment!$E$2:$E$153,MATCH(G14,Equipment!$A$2:$A$153,0)) -> 60 | AN14: =INDEX(Equipment!$F$2:$F$153,MATCH(G14,Equipment!$A$2:$A$153,0)) -> 4.5 | AO14: =IF(INDEX(Raceways!$D$2:$D$18,MATCH(L14,Raceways!$A$2:$A$18,0))="",0,INDEX(Raceways!$D$2:$D$18,MATCH(L14,Raceways!$A$2:$A$18,0))) -> 4 | AP14: =IF(INDEX(Raceways!$I$2:$I$18,MATCH(L14,Raceways!$A$2:$A$18,0))="","",INDEX(Raceways!$I$2:$I$18,MATCH(L14,Raceways!$A$2:$A$18,0))) -> 1 | AQ14: =INDEX('Cable Types'!$D$2:$D$45,MATCH(I14,'Cable Types'!$A$2:$A$45,0)) -> 3 | AR14: =IF(INDEX('Cable Types'!$E$2:$E$45,MATCH(I14,'Cable Types'!$A$2:$A$45,0))="","",INDEX('Cable Types'!$E$2:$E$45,MATCH(I14,'Cable Types'!$A$2:$A$45,0))) | AS14: =IF(INDEX('Cable Types'!$F$2:$F$45,MATCH(I14,'Cable Types'!$A$2:$A$45,0))="","",INDEX('Cable Types'!$F$2:$F$45,MATCH(I14,'Cable Types'!$A$2:$A$45,0))) -> 10000 | AT14: =IF(INDEX('Cable Types'!$G$2:$G$45,MATCH(I14,'Cable Types'!$A$2:$A$45,0))="","",INDEX('Cable Types'!$G$2:$G$45,MATCH(I14,'Cable Types'!$A$2:$A$45,0)))
A15: 20-IPB-002 | B15: 20 | C15: Busduct | D15: GT IPB tap to UAT-1 | E15: GEN-GT | F15: =INDEX(Equipment!$B$2:$B$153,MATCH(E15,Equipment!$A$2:$A$153,0)) -> Gas turbine generator ~290 MVA, 19 kV - line terminals | G15: UAT-1 | H15: =INDEX(Equipment!$B$2:$B$153,MATCH(G15,Equipment!$A$2:$A$153,0)) -> Unit auxiliary transformer 1, 19/13.8 kV 45 MVA | I15: IPB-3K | J15: =INDEX('Cable Types'!$B$2:$B$45,MATCH(I15,'Cable Types'!$A$2:$A$45,0)) -> Isolated phase tap bus 24 kV, 3 kA (per phase metre) | K15: 1 | L15: IPB-GT | M15: M | O15: =IF(N15<>"",N15,IF(M15="D",ROUNDUP(SQRT((AL15-AI15)^2+(AM15-AJ15)^2+(AN15-AK15)^2)*(1+'Design Basis'!$C$6),0),ROUNDUP((ABS(AL15-AI15)+ABS(AM15-AJ15)+ABS(AO15-AK15)+ABS(AO15-AN15))*(1+'Design Basis'!$C$4)+2*'Design Basis'!$C$5,0))) -> 74 | P15: =ROUND(O15*'Design Basis'!$C$10,0) -> 243 | Q15: =O15*K15*AQ15 -> 222 | R15: =ROUND(Q15*'Design Basis'!$C$10,0) -> 728 | S15: 19000 | T15: 3 | U15: 45000 | V15: 1 | W15: =IF(OR(U15="",S15=""),"",IF(T15=3,U15*1000/(SQRT(3)*S15*V15),U15*1000/(S15*V15))) -> 1367.4085 | X15: 1 | Y15: =IF(W15="","",W15*IF(X15="",1,X15)) -> 1367.4085 | Z15: =IF(OR(AS15="",AP15=""),"",AS15*AP15) -> 3000 | AA15: =IF(Z15="","",Z15*K15) -> 3000 | AB15: =IF(OR(Y15="",AA15=""),"",Y15/AA15) -> 0.45580284 | AC15: =IF(OR(W15="",AT15=""),"",AT15*(W15/K15)*O15/1000/S15) | AD15: =IF(W15="","",IFERROR(IF(INDEX('Design Basis'!$C$13:$C$21,MATCH(C15,'Design Basis'!$A$13:$A$21,0))="","",INDEX('Design Basis'!$C$13:$C$21,MATCH(C15,'Design Basis'!$A$13:$A$21,0))),"")) | AE15: =IF(W15="","n/a",IF(AA15="","CHECK",IF(AND(AB15<=1,OR(AC15="",AD15="",AC15<=AD15)),"OK","CHECK"))) -> OK | AF15: =IF(AR15="","",K15*AQ15*PI()/4*AR15^2) | AI15: =INDEX(Equipment!$D$2:$D$153,MATCH(E15,Equipment!$A$2:$A$153,0)) -> 58 | AJ15: =INDEX(Equipment!$E$2:$E$153,MATCH(E15,Equipment!$A$2:$A$153,0)) -> 18 | AK15: =INDEX(Equipment!$F$2:$F$153,MATCH(E15,Equipment!$A$2:$A$153,0)) -> 4 | AL15: =INDEX(Equipment!$D$2:$D$153,MATCH(G15,Equipment!$A$2:$A$153,0)) -> 44 | AM15: =INDEX(Equipment!$E$2:$E$153,MATCH(G15,Equipment!$A$2:$A$153,0)) -> 64 | AN15: =INDEX(Equipment!$F$2:$F$153,MATCH(G15,Equipment!$A$2:$A$153,0)) -> 3 | AO15: =IF(INDEX(Raceways!$D$2:$D$18,MATCH(L15,Raceways!$A$2:$A$18,0))="",0,INDEX(Raceways!$D$2:$D$18,MATCH(L15,Raceways!$A$2:$A$18,0))) -> 4 | AP15: =IF(INDEX(Raceways!$I$2:$I$18,MATCH(L15,Raceways!$A$2:$A$18,0))="","",INDEX(Raceways!$I$2:$I$18,MATCH(L15,Raceways!$A$2:$A$18,0))) -> 1 | AQ15: =INDEX('Cable Types'!$D$2:$D$45,MATCH(I15,'Cable Types'!$A$2:$A$45,0)) -> 3 | AR15: =IF(INDEX('Cable Types'!$E$2:$E$45,MATCH(I15,'Cable Types'!$A$2:$A$45,0))="","",INDEX('Cable Types'!$E$2:$E$45,MATCH(I15,'Cable Types'!$A$2:$A$45,0))) | AS15: =IF(INDEX('Cable Types'!$F$2:$F$45,MATCH(I15,'Cable Types'!$A$2:$A$45,0))="","",INDEX('Cable Types'!$F$2:$F$45,MATCH(I15,'Cable Types'!$A$2:$A$45,0))) -> 3000 | AT15: =IF(INDEX('Cable Types'!$G$2:$G$45,MATCH(I15,'Cable Types'!$A$2:$A$45,0))="","",INDEX('Cable Types'!$G$2:$G$45,MATCH(I15,'Cable Types'!$A$2:$A$45,0)))
A16: 20-IPB-003 | B16: 20 | C16: Busduct | D16: ST generator main IPB to GSU-ST LV | E16: GEN-ST | F16: =INDEX(Equipment!$B$2:$B$153,MATCH(E16,Equipment!$A$2:$A$153,0)) -> Steam turbine generator ~175 MVA, 18 kV - line terminals | G16: GSU-ST-LV | H16: =INDEX(Equipment!$B$2:$B$153,MATCH(G16,Equipment!$A$2:$A$153,0)) -> ST step-up transformer - LV bushings / marshalling box | I16: IPB-7K | J16: =INDEX('Cable Types'!$B$2:$B$45,MATCH(I16,'Cable Types'!$A$2:$A$45,0)) -> Isolated phase bus 24 kV, 7 kA (per phase metre) | K16: 1 | L16: IPB-ST | M16: M | O16: =IF(N16<>"",N16,IF(M16="D",ROUNDUP(SQRT((AL16-AI16)^2+(AM16-AJ16)^2+(AN16-AK16)^2)*(1+'Design Basis'!$C$6),0),ROUNDUP((ABS(AL16-AI16)+ABS(AM16-AJ16)+ABS(AO16-AK16)+ABS(AO16-AN16))*(1+'Design Basis'!$C$4)+2*'Design Basis'!$C$5,0))) -> 40 | P16: =ROUND(O16*'Design Basis'!$C$10,0) -> 131 | Q16: =O16*K16*AQ16 -> 120 | R16: =ROUND(Q16*'Design Basis'!$C$10,0) -> 394 | S16: 18000 | T16: 3 | U16: 175000 | V16: 1 | W16: =IF(OR(U16="",S16=""),"",IF(T16=3,U16*1000/(SQRT(3)*S16*V16),U16*1000/(S16*V16))) -> 5613.1276 | X16: 1 | Y16: =IF(W16="","",W16*IF(X16="",1,X16)) -> 5613.1276 | Z16: =IF(OR(AS16="",AP16=""),"",AS16*AP16) -> 7000 | AA16: =IF(Z16="","",Z16*K16) -> 7000 | AB16: =IF(OR(Y16="",AA16=""),"",Y16/AA16) -> 0.80187537 | AC16: =IF(OR(W16="",AT16=""),"",AT16*(W16/K16)*O16/1000/S16) | AD16: =IF(W16="","",IFERROR(IF(INDEX('Design Basis'!$C$13:$C$21,MATCH(C16,'Design Basis'!$A$13:$A$21,0))="","",INDEX('Design Basis'!$C$13:$C$21,MATCH(C16,'Design Basis'!$A$13:$A$21,0))),"")) | AE16: =IF(W16="","n/a",IF(AA16="","CHECK",IF(AND(AB16<=1,OR(AC16="",AD16="",AC16<=AD16)),"OK","CHECK"))) -> OK | AF16: =IF(AR16="","",K16*AQ16*PI()/4*AR16^2) | AI16: =INDEX(Equipment!$D$2:$D$153,MATCH(E16,Equipment!$A$2:$A$153,0)) -> 60 | AJ16: =INDEX(Equipment!$E$2:$E$153,MATCH(E16,Equipment!$A$2:$A$153,0)) -> 46 | AK16: =INDEX(Equipment!$F$2:$F$153,MATCH(E16,Equipment!$A$2:$A$153,0)) -> 6 | AL16: =INDEX(Equipment!$D$2:$D$153,MATCH(G16,Equipment!$A$2:$A$153,0)) -> 74 | AM16: =INDEX(Equipment!$E$2:$E$153,MATCH(G16,Equipment!$A$2:$A$153,0)) -> 60 | AN16: =INDEX(Equipment!$F$2:$F$153,MATCH(G16,Equipment!$A$2:$A$153,0)) -> 4.5 | AO16: =IF(INDEX(Raceways!$D$2:$D$18,MATCH(L16,Raceways!$A$2:$A$18,0))="",0,INDEX(Raceways!$D$2:$D$18,MATCH(L16,Raceways!$A$2:$A$18,0))) -> 4 | AP16: =IF(INDEX(Raceways!$I$2:$I$18,MATCH(L16,Raceways!$A$2:$A$18,0))="","",INDEX(Raceways!$I$2:$I$18,MATCH(L16,Raceways!$A$2:$A$18,0))) -> 1 | AQ16: =INDEX('Cable Types'!$D$2:$D$45,MATCH(I16,'Cable Types'!$A$2:$A$45,0)) -> 3 | AR16: =IF(INDEX('Cable Types'!$E$2:$E$45,MATCH(I16,'Cable Types'!$A$2:$A$45,0))="","",INDEX('Cable Types'!$E$2:$E$45,MATCH(I16,'Cable Types'!$A$2:$A$45,0))) | AS16: =IF(INDEX('Cable Types'!$F$2:$F$45,MATCH(I16,'Cable Types'!$A$2:$A$45,0))="","",INDEX('Cable Types'!$F$2:$F$45,MATCH(I16,'Cable Types'!$A$2:$A$45,0))) -> 7000 | AT16: =IF(INDEX('Cable Types'!$G$2:$G$45,MATCH(I16,'Cable Types'!$A$2:$A$45,0))="","",INDEX('Cable Types'!$G$2:$G$45,MATCH(I16,'Cable Types'!$A$2:$A$45,0)))
A17: 20-IPB-004 | B17: 20 | C17: Busduct | D17: ST IPB tap to UAT-2 | E17: GEN-ST | F17: =INDEX(Equipment!$B$2:$B$153,MATCH(E17,Equipment!$A$2:$A$153,0)) -> Steam turbine generator ~175 MVA, 18 kV - line terminals | G17: UAT-2 | H17: =INDEX(Equipment!$B$2:$B$153,MATCH(G17,Equipment!$A$2:$A$153,0)) -> Unit auxiliary transformer 2, 18/13.8 kV 30 MVA (feeds CCS) | I17: IPB-3K | J17: =INDEX('Cable Types'!$B$2:$B$45,MATCH(I17,'Cable Types'!$A$2:$A$45,0)) -> Isolated phase tap bus 24 kV, 3 kA (per phase metre) | K17: 1 | L17: IPB-ST | M17: M | O17: =IF(N17<>"",N17,IF(M17="D",ROUNDUP(SQRT((AL17-AI17)^2+(AM17-AJ17)^2+(AN17-AK17)^2)*(1+'Design Basis'!$C$6),0),ROUNDUP((ABS(AL17-AI17)+ABS(AM17-AJ17)+ABS(AO17-AK17)+ABS(AO17-AN17))*(1+'Design Basis'!$C$4)+2*'Design Basis'!$C$5,0))) -> 58 | P17: =ROUND(O17*'Design Basis'!$C$10,0) -> 190 | Q17: =O17*K17*AQ17 -> 174 | R17: =ROUND(Q17*'Design Basis'!$C$10,0) -> 571 | S17: 18000 | T17: 3 | U17: 30000 | V17: 1 | W17: =IF(OR(U17="",S17=""),"",IF(T17=3,U17*1000/(SQRT(3)*S17*V17),U17*1000/(S17*V17))) -> 962.25045 | X17: 1 | Y17: =IF(W17="","",W17*IF(X17="",1,X17)) -> 962.25045 | Z17: =IF(OR(AS17="",AP17=""),"",AS17*AP17) -> 3000 | AA17: =IF(Z17="","",Z17*K17) -> 3000 | AB17: =IF(OR(Y17="",AA17=""),"",Y17/AA17) -> 0.32075015 | AC17: =IF(OR(W17="",AT17=""),"",AT17*(W17/K17)*O17/1000/S17) | AD17: =IF(W17="","",IFERROR(IF(INDEX('Design Basis'!$C$13:$C$21,MATCH(C17,'Design Basis'!$A$13:$A$21,0))="","",INDEX('Design Basis'!$C$13:$C$21,MATCH(C17,'Design Basis'!$A$13:$A$21,0))),"")) | AE17: =IF(W17="","n/a",IF(AA17="","CHECK",IF(AND(AB17<=1,OR(AC17="",AD17="",AC17<=AD17)),"OK","CHECK"))) -> OK | AF17: =IF(AR17="","",K17*AQ17*PI()/4*AR17^2) | AI17: =INDEX(Equipment!$D$2:$D$153,MATCH(E17,Equipment!$A$2:$A$153,0)) -> 60 | AJ17: =INDEX(Equipment!$E$2:$E$153,MATCH(E17,Equipment!$A$2:$A$153,0)) -> 46 | AK17: =INDEX(Equipment!$F$2:$F$153,MATCH(E17,Equipment!$A$2:$A$153,0)) -> 6 | AL17: =INDEX(Equipment!$D$2:$D$153,MATCH(G17,Equipment!$A$2:$A$153,0)) -> 86 | AM17: =INDEX(Equipment!$E$2:$E$153,MATCH(G17,Equipment!$A$2:$A$153,0)) -> 64 | AN17: =INDEX(Equipment!$F$2:$F$153,MATCH(G17,Equipment!$A$2:$A$153,0)) -> 3 | AO17: =IF(INDEX(Raceways!$D$2:$D$18,MATCH(L17,Raceways!$A$2:$A$18,0))="",0,INDEX(Raceways!$D$2:$D$18,MATCH(L17,Raceways!$A$2:$A$18,0))) -> 4 | AP17: =IF(INDEX(Raceways!$I$2:$I$18,MATCH(L17,Raceways!$A$2:$A$18,0))="","",INDEX(Raceways!$I$2:$I$18,MATCH(L17,Raceways!$A$2:$A$18,0))) -> 1 | AQ17: =INDEX('Cable Types'!$D$2:$D$45,MATCH(I17,'Cable Types'!$A$2:$A$45,0)) -> 3 | AR17: =IF(INDEX('Cable Types'!$E$2:$E$45,MATCH(I17,'Cable Types'!$A$2:$A$45,0))="","",INDEX('Cable Types'!$E$2:$E$45,MATCH(I17,'Cable Types'!$A$2:$A$45,0))) | AS17: =IF(INDEX('Cable Types'!$F$2:$F$45,MATCH(I17,'Cable Types'!$A$2:$A$45,0))="","",INDEX('Cable Types'!$F$2:$F$45,MATCH(I17,'Cable Types'!$A$2:$A$45,0))) -> 3000 | AT17: =IF(INDEX('Cable Types'!$G$2:$G$45,MATCH(I17,'Cable Types'!$A$2:$A$45,0))="","",INDEX('Cable Types'!$G$2:$G$45,MATCH(I17,'Cable Types'!$A$2:$A$45,0)))
A18: 20-MV-001 | B18: 20 | C18: MV Power | D18: GT generator neutral to NGR | E18: GEN-GT | F18: =INDEX(Equipment!$B$2:$B$153,MATCH(E18,Equipment!$A$2:$A$153,0)) -> Gas turbine generator ~290 MVA, 19 kV - line terminals | G18: NGR-GT | H18: =INDEX(Equipment!$B$2:$B$153,MATCH(G18,Equipment!$A$2:$A$153,0)) -> GT generator neutral grounding transformer cubicle | I18: MV-1C-2-NGR | J18: =INDEX('Cable Types'!$B$2:$B$45,MATCH(I18,'Cable Types'!$A$2:$A$45,0)) -> 15 kV MV-105 1/C #2 AWG Cu EPR 133% shielded, Type MC-HL, CCW Al armor (Armor-X type), PVC jkt | K18: 1 | L18: LOCAL | M18: M | O18: =IF(N18<>"",N18,IF(M18="D",ROUNDUP(SQRT((AL18-AI18)^2+(AM18-AJ18)^2+(AN18-AK18)^2)*(1+'Design Basis'!$C$6),0),ROUNDUP((ABS(AL18-AI18)+ABS(AM18-AJ18)+ABS(AO18-AK18)+ABS(AO18-AN18))*(1+'Design Basis'!$C$4)+2*'Design Basis'!$C$5,0))) -> 14 | P18: =ROUND(O18*'Design Basis'!$C$10,0) -> 46 | Q18: =O18*K18*AQ18 -> 14 | R18: =ROUND(Q18*'Design Basis'!$C$10,0) -> 46 | W18: =IF(OR(U18="",S18=""),"",IF(T18=3,U18*1000/(SQRT(3)*S18*V18),U18*1000/(S18*V18))) | Y18: =IF(W18="","",W18*IF(X18="",1,X18)) | Z18: =IF(OR(AS18="",AP18=""),"",AS18*AP18) -> 171.6 | AA18: =IF(Z18="","",Z18*K18) -> 171.6 | AB18: =IF(OR(Y18="",AA18=""),"",Y18/AA18) | AC18: =IF(OR(W18="",AT18=""),"",AT18*(W18/K18)*O18/1000/S18) | AD18: =IF(W18="","",IFERROR(IF(INDEX('Design Basis'!$C$13:$C$21,MATCH(C18,'Design Basis'!$A$13:$A$21,0))="","",INDEX('Design Basis'!$C$13:$C$21,MATCH(C18,'Design Basis'!$A$13:$A$21,0))),"")) | AE18: =IF(W18="","n/a",IF(AA18="","CHECK",IF(AND(AB18<=1,OR(AC18="",AD18="",AC18<=AD18)),"OK","CHECK"))) -> n/a | AF18: =IF(AR18="","",K18*AQ18*PI()/4*AR18^2) -> 855.2986 | AG18: Neutral - fault current limited by NGR | AI18: =INDEX(Equipment!$D$2:$D$153,MATCH(E18,Equipment!$A$2:$A$153,0)) -> 58 | AJ18: =INDEX(Equipment!$E$2:$E$153,MATCH(E18,Equipment!$A$2:$A$153,0)) -> 18 | AK18: =INDEX(Equipment!$F$2:$F$153,MATCH(E18,Equipment!$A$2:$A$153,0)) -> 4 | AL18: =INDEX(Equipment!$D$2:$D$153,MATCH(G18,Equipment!$A$2:$A$153,0)) -> 62 | AM18: =INDEX(Equipment!$E$2:$E$153,MATCH(G18,Equipment!$A$2:$A$153,0)) -> 18 | AN18: =INDEX(Equipment!$F$2:$F$153,MATCH(G18,Equipment!$A$2:$A$153,0)) -> 1 | AO18: =IF(INDEX(Raceways!$D$2:$D$18,MATCH(L18,Raceways!$A$2:$A$18,0))="",0,INDEX(Raceways!$D$2:$D$18,MATCH(L18,Raceways!$A$2:$A$18,0))) -> 1 | AP18: =IF(INDEX(Raceways!$I$2:$I$18,MATCH(L18,Raceways!$A$2:$A$18,0))="","",INDEX(Raceways!$I$2:$I$18,MATCH(L18,Raceways!$A$2:$A$18,0))) -> 0.88 | AQ18: =INDEX('Cable Types'!$D$2:$D$45,MATCH(I18,'Cable Types'!$A$2:$A$45,0)) -> 1 | AR18: =IF(INDEX('Cable Types'!$E$2:$E$45,MATCH(I18,'Cable Types'!$A$2:$A$45,0))="","",INDEX('Cable Types'!$E$2:$E$45,MATCH(I18,'Cable Types'!$A$2:$A$45,0))) -> 33 | AS18: =IF(INDEX('Cable Types'!$F$2:$F$45,MATCH(I18,'Cable Types'!$A$2:$A$45,0))="","",INDEX('Cable Types'!$F$2:$F$45,MATCH(I18,'Cable Types'!$A$2:$A$45,0))) -> 195 | AT18: =IF(INDEX('Cable Types'!$G$2:$G$45,MATCH(I18,'Cable Types'!$A$2:$A$45,0))="","",INDEX('Cable Types'!$G$2:$G$45,MATCH(I18,'Cable Types'!$A$2:$A$45,0)))
A19: 20-MV-002 | B19: 20 | C19: MV Power | D19: ST generator neutral to NGR | E19: GEN-ST | F19: =INDEX(Equipment!$B$2:$B$153,MATCH(E19,Equipment!$A$2:$A$153,0)) -> Steam turbine generator ~175 MVA, 18 kV - line terminals | G19: NGR-ST | H19: =INDEX(Equipment!$B$2:$B$153,MATCH(G19,Equipment!$A$2:$A$153,0)) -> ST generator neutral grounding transformer cubicle | I19: MV-1C-2-NGR | J19: =INDEX('Cable Types'!$B$2:$B$45,MATCH(I19,'Cable Types'!$A$2:$A$45,0)) -> 15 kV MV-105 1/C #2 AWG Cu EPR 133% shielded, Type MC-HL, CCW Al armor (Armor-X type), PVC jkt | K19: 1 | L19: LOCAL | M19: M | O19: =IF(N19<>"",N19,IF(M19="D",ROUNDUP(SQRT((AL19-AI19)^2+(AM19-AJ19)^2+(AN19-AK19)^2)*(1+'Design Basis'!$C$6),0),ROUNDUP((ABS(AL19-AI19)+ABS(AM19-AJ19)+ABS(AO19-AK19)+ABS(AO19-AN19))*(1+'Design Basis'!$C$4)+2*'Design Basis'!$C$5,0))) -> 16 | P19: =ROUND(O19*'Design Basis'!$C$10,0) -> 52 | Q19: =O19*K19*AQ19 -> 16 | R19: =ROUND(Q19*'Design Basis'!$C$10,0) -> 52 | W19: =IF(OR(U19="",S19=""),"",IF(T19=3,U19*1000/(SQRT(3)*S19*V19),U19*1000/(S19*V19))) | Y19: =IF(W19="","",W19*IF(X19="",1,X19)) | Z19: =IF(OR(AS19="",AP19=""),"",AS19*AP19) -> 171.6 | AA19: =IF(Z19="","",Z19*K19) -> 171.6 | AB19: =IF(OR(Y19="",AA19=""),"",Y19/AA19) | AC19: =IF(OR(W19="",AT19=""),"",AT19*(W19/K19)*O19/1000/S19) | AD19: =IF(W19="","",IFERROR(IF(INDEX('Design Basis'!$C$13:$C$21,MATCH(C19,'Design Basis'!$A$13:$A$21,0))="","",INDEX('Design Basis'!$C$13:$C$21,MATCH(C19,'Design Basis'!$A$13:$A$21,0))),"")) | AE19: =IF(W19="","n/a",IF(AA19="","CHECK",IF(AND(AB19<=1,OR(AC19="",AD19="",AC19<=AD19)),"OK","CHECK"))) -> n/a | AF19: =IF(AR19="","",K19*AQ19*PI()/4*AR19^2) -> 855.2986 | AG19: Neutral - fault current limited by NGR | AI19: =INDEX(Equipment!$D$2:$D$153,MATCH(E19,Equipment!$A$2:$A$153,0)) -> 60 | AJ19: =INDEX(Equipment!$E$2:$E$153,MATCH(E19,Equipment!$A$2:$A$153,0)) -> 46 | AK19: =INDEX(Equipment!$F$2:$F$153,MATCH(E19,Equipment!$A$2:$A$153,0)) -> 6 | AL19: =INDEX(Equipment!$D$2:$D$153,MATCH(G19,Equipment!$A$2:$A$153,0)) -> 64 | AM19: =INDEX(Equipment!$E$2:$E$153,MATCH(G19,Equipment!$A$2:$A$153,0)) -> 46 | AN19: =INDEX(Equipment!$F$2:$F$153,MATCH(G19,Equipment!$A$2:$A$153,0)) -> 1 | AO19: =IF(INDEX(Raceways!$D$2:$D$18,MATCH(L19,Raceways!$A$2:$A$18,0))="",0,INDEX(Raceways!$D$2:$D$18,MATCH(L19,Raceways!$A$2:$A$18,0))) -> 1 | AP19: =IF(INDEX(Raceways!$I$2:$I$18,MATCH(L19,Raceways!$A$2:$A$18,0))="","",INDEX(Raceways!$I$2:$I$18,MATCH(L19,Raceways!$A$2:$A$18,0))) -> 0.88 | AQ19: =INDEX('Cable Types'!$D$2:$D$45,MATCH(I19,'Cable Types'!$A$2:$A$45,0)) -> 1 | AR19: =IF(INDEX('Cable Types'!$E$2:$E$45,MATCH(I19,'Cable Types'!$A$2:$A$45,0))="","",INDEX('Cable Types'!$E$2:$E$45,MATCH(I19,'Cable Types'!$A$2:$A$45,0))) -> 33 | AS19: =IF(INDEX('Cable Types'!$F$2:$F$45,MATCH(I19,'Cable Types'!$A$2:$A$45,0))="","",INDEX('Cable Types'!$F$2:$F$45,MATCH(I19,'Cable Types'!$A$2:$A$45,0))) -> 195 | AT19: =IF(INDEX('Cable Types'!$G$2:$G$45,MATCH(I19,'Cable Types'!$A$2:$A$45,0))="","",INDEX('Cable Types'!$G$2:$G$45,MATCH(I19,'Cable Types'!$A$2:$A$45,0)))
A20: 70-MV-001 | B20: 70 | C20: MV Power | D20: UAT-1 to 13.8 kV main switchgear incomer | E20: UAT-1 | F20: =INDEX(Equipment!$B$2:$B$153,MATCH(E20,Equipment!$A$2:$A$153,0)) -> Unit auxiliary transformer 1, 19/13.8 kV 45 MVA | G20: MVS-1 | H20: =INDEX(Equipment!$B$2:$B$153,MATCH(G20,Equipment!$A$2:$A$153,0)) -> Main 13.8 kV switchboard (main electrical building) | I20: MV-1C-1000-TPX | J20: =INDEX('Cable Types'!$B$2:$B$45,MATCH(I20,'Cable Types'!$A$2:$A$45,0)) -> 15 kV MV-105 1/C 1000 kcmil Cu EPR 133% shielded, Type MC-HL, CCW Al armor (Armor-X type), PVC jkt, triplexed set | K20: 4 | L20: DB-03 | M20: M | O20: =IF(N20<>"",N20,IF(M20="D",ROUNDUP(SQRT((AL20-AI20)^2+(AM20-AJ20)^2+(AN20-AK20)^2)*(1+'Design Basis'!$C$6),0),ROUNDUP((ABS(AL20-AI20)+ABS(AM20-AJ20)+ABS(AO20-AK20)+ABS(AO20-AN20))*(1+'Design Basis'!$C$4)+2*'Design Basis'!$C$5,0))) -> 35 | P20: =ROUND(O20*'Design Basis'!$C$10,0) -> 115 | Q20: =O20*K20*AQ20 -> 420 | R20: =ROUND(Q20*'Design Basis'!$C$10,0) -> 1378 | S20: 13800 | T20: 3 | U20: 45000 | V20: 1 | W20: =IF(OR(U20="",S20=""),"",IF(T20=3,U20*1000/(SQRT(3)*S20*V20),U20*1000/(S20*V20))) -> 1882.6639 | X20: 1 | Y20: =IF(W20="","",W20*IF(X20="",1,X20)) -> 1882.6639 | Z20: =IF(OR(AS20="",AP20=""),"",AS20*AP20) -> 602 | AA20: =IF(Z20="","",Z20*K20) -> 2408 | AB20: =IF(OR(Y20="",AA20=""),"",Y20/AA20) -> 0.78183718 | AC20: =IF(OR(W20="",AT20=""),"",AT20*(W20/K20)*O20/1000/S20) -> 0.000224419 | AD20: =IF(W20="","",IFERROR(IF(INDEX('Design Basis'!$C$13:$C$21,MATCH(C20,'Design Basis'!$A$13:$A$21,0))="","",INDEX('Design Basis'!$C$13:$C$21,MATCH(C20,'Design Basis'!$A$13:$A$21,0))),"")) -> 0.03 | AE20: =IF(W20="","n/a",IF(AA20="","CHECK",IF(AND(AB20<=1,OR(AC20="",AD20="",AC20<=AD20)),"OK","CHECK"))) -> OK | AF20: =IF(AR20="","",K20*AQ20*PI()/4*AR20^2) -> 24513.847 | AG20: Transformer secondary - 4 triplexed sets | AI20: =INDEX(Equipment!$D$2:$D$153,MATCH(E20,Equipment!$A$2:$A$153,0)) -> 44 | AJ20: =INDEX(Equipment!$E$2:$E$153,MATCH(E20,Equipment!$A$2:$A$153,0)) -> 64 | AK20: =INDEX(Equipment!$F$2:$F$153,MATCH(E20,Equipment!$A$2:$A$153,0)) -> 3 | AL20: =INDEX(Equipment!$D$2:$D$153,MATCH(G20,Equipment!$A$2:$A$153,0)) -> 36 | AM20: =INDEX(Equipment!$E$2:$E$153,MATCH(G20,Equipment!$A$2:$A$153,0)) -> 52 | AN20: =INDEX(Equipment!$F$2:$F$153,MATCH(G20,Equipment!$A$2:$A$153,0)) -> 0.5 | AO20: =IF(INDEX(Raceways!$D$2:$D$18,MATCH(L20,Raceways!$A$2:$A$18,0))="",0,INDEX(Raceways!$D$2:$D$18,MATCH(L20,Raceways!$A$2:$A$18,0))) -> -1.2 | AP20: =IF(INDEX(Raceways!$I$2:$I$18,MATCH(L20,Raceways!$A$2:$A$18,0))="","",INDEX(Raceways!$I$2:$I$18,MATCH(L20,Raceways!$A$2:$A$18,0))) -> 0.7 | AQ20: =INDEX('Cable Types'!$D$2:$D$45,MATCH(I20,'Cable Types'!$A$2:$A$45,0)) -> 3 | AR20: =IF(INDEX('Cable Types'!$E$2:$E$45,MATCH(I20,'Cable Types'!$A$2:$A$45,0))="","",INDEX('Cable Types'!$E$2:$E$45,MATCH(I20,'Cable Types'!$A$2:$A$45,0))) -> 51 | AS20: =IF(INDEX('Cable Types'!$F$2:$F$45,MATCH(I20,'Cable Types'!$A$2:$A$45,0))="","",INDEX('Cable Types'!$F$2:$F$45,MATCH(I20,'Cable Types'!$A$2:$A$45,0))) -> 860 | AT20: =IF(INDEX('Cable Types'!$G$2:$G$45,MATCH(I20,'Cable Types'!$A$2:$A$45,0))="","",INDEX('Cable Types'!$G$2:$G$45,MATCH(I20,'Cable Types'!$A$2:$A$45,0))) -> 0.188
A21: 70-MV-002 | B21: 70 | C21: MV Power | D21: UAT-2 to CCS 13.8 kV switchgear incomer | E21: UAT-2 | F21: =INDEX(Equipment!$B$2:$B$153,MATCH(E21,Equipment!$A$2:$A$153,0)) -> Unit auxiliary transformer 2, 18/13.8 kV 30 MVA (feeds CCS) | G21: MVS-CCS | H21: =INDEX(Equipment!$B$2:$B$153,MATCH(G21,Equipment!$A$2:$A$153,0)) -> CCS 13.8 kV switchboard (CCS substation) | I21: MV-1C-750-TPX | J21: =INDEX('Cable Types'!$B$2:$B$45,MATCH(I21,'Cable Types'!$A$2:$A$45,0)) -> 15 kV MV-105 1/C 750 kcmil Cu EPR 133% shielded, Type MC-HL, CCW Al armor (Armor-X type), PVC jkt, triplexed set | K21: 3 | L21: TR-02 | M21: M | O21: =IF(N21<>"",N21,IF(M21="D",ROUNDUP(SQRT((AL21-AI21)^2+(AM21-AJ21)^2+(AN21-AK21)^2)*(1+'Design Basis'!$C$6),0),ROUNDUP((ABS(AL21-AI21)+ABS(AM21-AJ21)+ABS(AO21-AK21)+ABS(AO21-AN21))*(1+'Design Basis'!$C$4)+2*'Design Basis'!$C$5,0))) -> 121 | P21: =ROUND(O21*'Design Basis'!$C$10,0) -> 397 | Q21: =O21*K21*AQ21 -> 1089 | R21: =ROUND(Q21*'Design Basis'!$C$10,0) -> 3573 | S21: 13800 | T21: 3 | U21: 30000 | V21: 1 | W21: =IF(OR(U21="",S21=""),"",IF(T21=3,U21*1000/(SQRT(3)*S21*V21),U21*1000/(S21*V21))) -> 1255.1093 | X21: 1 | Y21: =IF(W21="","",W21*IF(X21="",1,X21)) -> 1255.1093 | Z21: =IF(OR(AS21="",AP21=""),"",AS21*AP21) -> 651.2 | AA21: =IF(Z21="","",Z21*K21) -> 1953.6 | AB21: =IF(OR(Y21="",AA21=""),"",Y21/AA21) -> 0.64245971 | AC21: =IF(OR(W21="",AT21=""),"",AT21*(W21/K21)*O21/1000/S21) -> 0.00077034606 | AD21: =IF(W21="","",IFERROR(IF(INDEX('Design Basis'!$C$13:$C$21,MATCH(C21,'Design Basis'!$A$13:$A$21,0))="","",INDEX('Design Basis'!$C$13:$C$21,MATCH(C21,'Design Basis'!$A$13:$A$21,0))),"")) -> 0.03 | AE21: =IF(W21="","n/a",IF(AA21="","CHECK",IF(AND(AB21<=1,OR(AC21="",AD21="",AC21<=AD21)),"OK","CHECK"))) -> OK | AF21: =IF(AR21="","",K21*AQ21*PI()/4*AR21^2) -> 14957.123 | AG21: Transformer secondary - 3 triplexed sets | AI21: =INDEX(Equipment!$D$2:$D$153,MATCH(E21,Equipment!$A$2:$A$153,0)) -> 86 | AJ21: =INDEX(Equipment!$E$2:$E$153,MATCH(E21,Equipment!$A$2:$A$153,0)) -> 64 | AK21: =INDEX(Equipment!$F$2:$F$153,MATCH(E21,Equipment!$A$2:$A$153,0)) -> 3 | AL21: =INDEX(Equipment!$D$2:$D$153,MATCH(G21,Equipment!$A$2:$A$153,0)) -> 178 | AM21: =INDEX(Equipment!$E$2:$E$153,MATCH(G21,Equipment!$A$2:$A$153,0)) -> 58 | AN21: =INDEX(Equipment!$F$2:$F$153,MATCH(G21,Equipment!$A$2:$A$153,0)) -> 0.5 | AO21: =IF(INDEX(Raceways!$D$2:$D$18,MATCH(L21,Raceways!$A$2:$A$18,0))="",0,INDEX(Raceways!$D$2:$D$18,MATCH(L21,Raceways!$A$2:$A$18,0))) -> 5 | AP21: =IF(INDEX(Raceways!$I$2:$I$18,MATCH(L21,Raceways!$A$2:$A$18,0))="","",INDEX(Raceways!$I$2:$I$18,MATCH(L21,Raceways!$A$2:$A$18,0))) -> 0.88 | AQ21: =INDEX('Cable Types'!$D$2:$D$45,MATCH(I21,'Cable Types'!$A$2:$A$45,0)) -> 3 | AR21: =IF(INDEX('Cable Types'!$E$2:$E$45,MATCH(I21,'Cable Types'!$A$2:$A$45,0))="","",INDEX('Cable Types'!$E$2:$E$45,MATCH(I21,'Cable Types'!$A$2:$A$45,0))) -> 46 | AS21: =IF(INDEX('Cable Types'!$F$2:$F$45,MATCH(I21,'Cable Types'!$A$2:$A$45,0))="","",INDEX('Cable Types'!$F$2:$F$45,MATCH(I21,'Cable Types'!$A$2:$A$45,0))) -> 740 | AT21: =IF(INDEX('Cable Types'!$G$2:$G$45,MATCH(I21,'Cable Types'!$A$2:$A$45,0))="","",INDEX('Cable Types'!$G$2:$G$45,MATCH(I21,'Cable Types'!$A$2:$A$45,0))) -> 0.21
A22: 70-MV-003 | B22: 70 | C22: MV Power | D22: MVS-1 / MVS-CCS bus tie | E22: MVS-1 | F22: =INDEX(Equipment!$B$2:$B$153,MATCH(E22,Equipment!$A$2:$A$153,0)) -> Main 13.8 kV switchboard (main electrical building) | G22: MVS-CCS | H22: =INDEX(Equipment!$B$2:$B$153,MATCH(G22,Equipment!$A$2:$A$153,0)) -> CCS 13.8 kV switchboard (CCS substation) | I22: MV-1C-500-TPX | J22: =INDEX('Cable Types'!$B$2:$B$45,MATCH(I22,'Cable Types'!$A$2:$A$45,0)) -> 15 kV MV-105 1/C 500 kcmil Cu EPR 133% shielded, Type MC-HL, CCW Al armor (Armor-X type), PVC jkt, triplexed set | K22: 1 | L22: TR-02 | M22: M | O22: =IF(N22<>"",N22,IF(M22="D",ROUNDUP(SQRT((AL22-AI22)^2+(AM22-AJ22)^2+(AN22-AK22)^2)*(1+'Design Basis'!$C$6),0),ROUNDUP((ABS(AL22-AI22)+ABS(AM22-AJ22)+ABS(AO22-AK22)+ABS(AO22-AN22))*(1+'Design Basis'!$C$4)+2*'Design Basis'!$C$5,0))) -> 179 | P22: =ROUND(O22*'Design Basis'!$C$10,0) -> 587 | Q22: =O22*K22*AQ22 -> 537 | R22: =ROUND(Q22*'Design Basis'!$C$10,0) -> 1762 | S22: 13800 | T22: 3 | U22: 10000 | V22: 1 | W22: =IF(OR(U22="",S22=""),"",IF(T22=3,U22*1000/(SQRT(3)*S22*V22),U22*1000/(S22*V22))) -> 418.36976 | X22: 1 | Y22: =IF(W22="","",W22*IF(X22="",1,X22)) -> 418.36976 | Z22: =IF(OR(AS22="",AP22=""),"",AS22*AP22) -> 514.8 | AA22: =IF(Z22="","",Z22*K22) -> 514.8 | AB22: =IF(OR(Y22="",AA22=""),"",Y22/AA22) -> 0.81268407 | AC22: =IF(OR(W22="",AT22=""),"",AT22*(W22/K22)*O22/1000/S22) -> 0.0013892301 | AD22: =IF(W22="","",IFERROR(IF(INDEX('Design Basis'!$C$13:$C$21,MATCH(C22,'Design Basis'!$A$13:$A$21,0))="","",INDEX('Design Basis'!$C$13:$C$21,MATCH(C22,'Design Basis'!$A$13:$A$21,0))),"")) -> 0.03 | AE22: =IF(W22="","n/a",IF(AA22="","CHECK",IF(AND(AB22<=1,OR(AC22="",AD22="",AC22<=AD22)),"OK","CHECK"))) -> OK | AF22: =IF(AR22="","",K22*AQ22*PI()/4*AR22^2) -> 3960.7629 | AI22: =INDEX(Equipment!$D$2:$D$153,MATCH(E22,Equipment!$A$2:$A$153,0)) -> 36 | AJ22: =INDEX(Equipment!$E$2:$E$153,MATCH(E22,Equipment!$A$2:$A$153,0)) -> 52 | AK22: =INDEX(Equipment!$F$2:$F$153,MATCH(E22,Equipment!$A$2:$A$153,0)) -> 0.5 | AL22: =INDEX(Equipment!$D$2:$D$153,MATCH(G22,Equipment!$A$2:$A$153,0)) -> 178 | AM22: =INDEX(Equipment!$E$2:$E$153,MATCH(G22,Equipment!$A$2:$A$153,0)) -> 58 | AN22: =INDEX(Equipment!$F$2:$F$153,MATCH(G22,Equipment!$A$2:$A$153,0)) -> 0.5 | AO22: =IF(INDEX(Raceways!$D$2:$D$18,MATCH(L22,Raceways!$A$2:$A$18,0))="",0,INDEX(Raceways!$D$2:$D$18,MATCH(L22,Raceways!$A$2:$A$18,0))) -> 5 | AP22: =IF(INDEX(Raceways!$I$2:$I$18,MATCH(L22,Raceways!$A$2:$A$18,0))="","",INDEX(Raceways!$I$2:$I$18,MATCH(L22,Raceways!$A$2:$A$18,0))) -> 0.88 | AQ22: =INDEX('Cable Types'!$D$2:$D$45,MATCH(I22,'Cable Types'!$A$2:$A$45,0)) -> 3 | AR22: =IF(INDEX('Cable Types'!$E$2:$E$45,MATCH(I22,'Cable Types'!$A$2:$A$45,0))="","",INDEX('Cable Types'!$E$2:$E$45,MATCH(I22,'Cable Types'!$A$2:$A$45,0))) -> 41 | AS22: =IF(INDEX('Cable Types'!$F$2:$F$45,MATCH(I22,'Cable Types'!$A$2:$A$45,0))="","",INDEX('Cable Types'!$F$2:$F$45,MATCH(I22,'Cable Types'!$A$2:$A$45,0))) -> 585 | AT22: =IF(INDEX('Cable Types'!$G$2:$G$45,MATCH(I22,'Cable Types'!$A$2:$A$45,0))="","",INDEX('Cable Types'!$G$2:$G$45,MATCH(I22,'Cable Types'!$A$2:$A$45,0))) -> 0.256
A23: 70-MV-004 | B23: 70 | C23: MV Power | D23: MVS-1 to GT LCI isolation transformer | E23: MVS-1 | F23: =INDEX(Equipment!$B$2:$B$153,MATCH(E23,Equipment!$A$2:$A$153,0)) -> Main 13.8 kV switchboard (main electrical building) | G23: LCI-TX | H23: =INDEX(Equipment!$B$2:$B$153,MATCH(G23,Equipment!$A$2:$A$153,0)) -> GT static starter (LCI) isolation transformer 8 MVA | I23: MV-3C-500 | J23: =INDEX('Cable Types'!$B$2:$B$45,MATCH(I23,'Cable Types'!$A$2:$A$45,0)) -> 15 kV MV-105 3/C 500 kcmil Cu EPR 133% shielded + GC, Type MC-HL, CCW Al armor (Armor-X type), PVC jkt | K23: 1 | L23: TR-01 | M23: M | O23: =IF(N23<>"",N23,IF(M23="D",ROUNDUP(SQRT((AL23-AI23)^2+(AM23-AJ23)^2+(AN23-AK23)^2)*(1+'Design Basis'!$C$6),0),ROUNDUP((ABS(AL23-AI23)+ABS(AM23-AJ23)+ABS(AO23-AK23)+ABS(AO23-AN23))*(1+'Design Basis'!$C$4)+2*'Design Basis'!$C$5,0))) -> 85 | P23: =ROUND(O23*'Design Basis'!$C$10,0) -> 279 | Q23: =O23*K23*AQ23 -> 85 | R23: =ROUND(Q23*'Design Basis'!$C$10,0) -> 279 | S23: 13800 | T23: 3 | U23: 8000 | V23: 1 | W23: =IF(OR(U23="",S23=""),"",IF(T23=3,U23*1000/(SQRT(3)*S23*V23),U23*1000/(S23*V23))) -> 334.69581 | X23: 1.25 | Y23: =IF(W23="","",W23*IF(X23="",1,X23)) -> 418.36976 | Z23: =IF(OR(AS23="",AP23=""),"",AS23*AP23) -> 453.2 | AA23: =IF(Z23="","",Z23*K23) -> 453.2 | AB23: =IF(OR(Y23="",AA23=""),"",Y23/AA23) -> 0.92314598 | AC23: =IF(OR(W23="",AT23=""),"",AT23*(W23/K23)*O23/1000/S23) -> 0.00052775223 | AD23: =IF(W23="","",IFERROR(IF(INDEX('Design Basis'!$C$13:$C$21,MATCH(C23,'Design Basis'!$A$13:$A$21,0))="","",INDEX('Design Basis'!$C$13:$C$21,MATCH(C23,'Design Basis'!$A$13:$A$21,0))),"")) -> 0.03 | AE23: =IF(W23="","n/a",IF(AA23="","CHECK",IF(AND(AB23<=1,OR(AC23="",AD23="",AC23<=AD23)),"OK","CHECK"))) -> OK | AF23: =IF(AR23="","",K23*AQ23*PI()/4*AR23^2) -> 6939.7782 | AI23: =INDEX(Equipment!$D$2:$D$153,MATCH(E23,Equipment!$A$2:$A$153,0)) -> 36 | AJ23: =INDEX(Equipment!$E$2:$E$153,MATCH(E23,Equipment!$A$2:$A$153,0)) -> 52 | AK23: =INDEX(Equipment!$F$2:$F$153,MATCH(E23,Equipment!$A$2:$A$153,0)) -> 0.5 | AL23: =INDEX(Equipment!$D$2:$D$153,MATCH(G23,Equipment!$A$2:$A$153,0)) -> 40 | AM23: =INDEX(Equipment!$E$2:$E$153,MATCH(G23,Equipment!$A$2:$A$153,0)) -> -6 | AN23: =INDEX(Equipment!$F$2:$F$153,MATCH(G23,Equipment!$A$2:$A$153,0)) -> 0.5 | AO23: =IF(INDEX(Raceways!$D$2:$D$18,MATCH(L23,Raceways!$A$2:$A$18,0))="",0,INDEX(Raceways!$D$2:$D$18,MATCH(L23,Raceways!$A$2:$A$18,0))) -> 5 | AP23: =IF(INDEX(Raceways!$I$2:$I$18,MATCH(L23,Raceways!$A$2:$A$18,0))="","",INDEX(Raceways!$I$2:$I$18,MATCH(L23,Raceways!$A$2:$A$18,0))) -> 0.88 | AQ23: =INDEX('Cable Types'!$D$2:$D$45,MATCH(I23,'Cable Types'!$A$2:$A$45,0)) -> 1 | AR23: =IF(INDEX('Cable Types'!$E$2:$E$45,MATCH(I23,'Cable Types'!$A$2:$A$45,0))="","",INDEX('Cable Types'!$E$2:$E$45,MATCH(I23,'Cable Types'!$A$2:$A$45,0))) -> 94 | AS23: =IF(INDEX('Cable Types'!$F$2:$F$45,MATCH(I23,'Cable Types'!$A$2:$A$45,0))="","",INDEX('Cable Types'!$F$2:$F$45,MATCH(I23,'Cable Types'!$A$2:$A$45,0))) -> 515 | AT23: =IF(INDEX('Cable Types'!$G$2:$G$45,MATCH(I23,'Cable Types'!$A$2:$A$45,0))="","",INDEX('Cable Types'!$G$2:$G$45,MATCH(I23,'Cable Types'!$A$2:$A$45,0))) -> 0.256
A24: 70-MV-005 | B24: 20 | C24: MV Power | D24: LCI output to GT generator (start-up) | E24: LCI-GT | F24: =INDEX(Equipment!$B$2:$B$153,MATCH(E24,Equipment!$A$2:$A$153,0)) -> GT static starter (LCI) cubicle | G24: GEN-GT | H24: =INDEX(Equipment!$B$2:$B$153,MATCH(G24,Equipment!$A$2:$A$153,0)) -> Gas turbine generator ~290 MVA, 19 kV - line terminals | I24: MV-1C-500-TPX | J24: =INDEX('Cable Types'!$B$2:$B$45,MATCH(I24,'Cable Types'!$A$2:$A$45,0)) -> 15 kV MV-105 1/C 500 kcmil Cu EPR 133% shielded, Type MC-HL, CCW Al armor (Armor-X type), PVC jkt, triplexed set | K24: 2 | L24: TR-01 | M24: M | O24: =IF(N24<>"",N24,IF(M24="D",ROUNDUP(SQRT((AL24-AI24)^2+(AM24-AJ24)^2+(AN24-AK24)^2)*(1+'Design Basis'!$C$6),0),ROUNDUP((ABS(AL24-AI24)+ABS(AM24-AJ24)+ABS(AO24-AK24)+ABS(AO24-AN24))*(1+'Design Basis'!$C$4)+2*'Design Basis'!$C$5,0))) -> 54 | P24: =ROUND(O24*'Design Basis'!$C$10,0) -> 177 | Q24: =O24*K24*AQ24 -> 324 | R24: =ROUND(Q24*'Design Basis'!$C$10,0) -> 1063 | S24: 6000 | T24: 3 | U24: 8000 | V24: 1 | W24: =IF(OR(U24="",S24=""),"",IF(T24=3,U24*1000/(SQRT(3)*S24*V24),U24*1000/(S24*V24))) -> 769.80036 | X24: 1 | Y24: =IF(W24="","",W24*IF(X24="",1,X24)) -> 769.80036 | Z24: =IF(OR(AS24="",AP24=""),"",AS24*AP24) -> 514.8 | AA24: =IF(Z24="","",Z24*K24) -> 1029.6 | AB24: =IF(OR(Y24="",AA24=""),"",Y24/AA24) -> 0.74766935 | AC24: =IF(OR(W24="",AT24=""),"",AT24*(W24/K24)*O24/1000/S24) -> 0.00088681001 | AD24: =IF(W24="","",IFERROR(IF(INDEX('Design Basis'!$C$13:$C$21,MATCH(C24,'Design Basis'!$A$13:$A$21,0))="","",INDEX('Design Basis'!$C$13:$C$21,MATCH(C24,'Design Basis'!$A$13:$A$21,0))),"")) -> 0.03 | AE24: =IF(W24="","n/a",IF(AA24="","CHECK",IF(AND(AB24<=1,OR(AC24="",AD24="",AC24<=AD24)),"OK","CHECK"))) -> OK | AF24: =IF(AR24="","",K24*AQ24*PI()/4*AR24^2) -> 7921.5259 | AG24: Variable frequency; LCI max output voltage assumed 6 kV | AI24: =INDEX(Equipment!$D$2:$D$153,MATCH(E24,Equipment!$A$2:$A$153,0)) -> 44 | AJ24: =INDEX(Equipment!$E$2:$E$153,MATCH(E24,Equipment!$A$2:$A$153,0)) -> -6 | AK24: =INDEX(Equipment!$F$2:$F$153,MATCH(E24,Equipment!$A$2:$A$153,0)) -> 0.5 | AL24: =INDEX(Equipment!$D$2:$D$153,MATCH(G24,Equipment!$A$2:$A$153,0)) -> 58 | AM24: =INDEX(Equipment!$E$2:$E$153,MATCH(G24,Equipment!$A$2:$A$153,0)) -> 18 | AN24: =INDEX(Equipment!$F$2:$F$153,MATCH(G24,Equipment!$A$2:$A$153,0)) -> 4 | AO24: =IF(INDEX(Raceways!$D$2:$D$18,MATCH(L24,Raceways!$A$2:$A$18,0))="",0,INDEX(Raceways!$D$2:$D$18,MATCH(L24,Raceways!$A$2:$A$18,0))) -> 5 | AP24: =IF(INDEX(Raceways!$I$2:$I$18,MATCH(L24,Raceways!$A$2:$A$18,0))="","",INDEX(Raceways!$I$2:$I$18,MATCH(L24,Raceways!$A$2:$A$18,0))) -> 0.88 | AQ24: =INDEX('Cable Types'!$D$2:$D$45,MATCH(I24,'Cable Types'!$A$2:$A$45,0)) -> 3 | AR24: =IF(INDEX('Cable Types'!$E$2:$E$45,MATCH(I24,'Cable Types'!$A$2:$A$45,0))="","",INDEX('Cable Types'!$E$2:$E$45,MATCH(I24,'Cable Types'!$A$2:$A$45,0))) -> 41 | AS24: =IF(INDEX('Cable Types'!$F$2:$F$45,MATCH(I24,'Cable Types'!$A$2:$A$45,0))="","",INDEX('Cable Types'!$F$2:$F$45,MATCH(I24,'Cable Types'!$A$2:$A$45,0))) -> 585 | AT24: =IF(INDEX('Cable Types'!$G$2:$G$45,MATCH(I24,'Cable Types'!$A$2:$A$45,0))="","",INDEX('Cable Types'!$G$2:$G$45,MATCH(I24,'Cable Types'!$A$2:$A$45,0))) -> 0.256
A25: 70-MV-006 | B25: 20 | C25: MV Power | D25: Boiler feed pump A | E25: MVS-1 | F25: =INDEX(Equipment!$B$2:$B$153,MATCH(E25,Equipment!$A$2:$A$153,0)) -> Main 13.8 kV switchboard (main electrical building) | G25: M-BFP-A | H25: =INDEX(Equipment!$B$2:$B$153,MATCH(G25,Equipment!$A$2:$A$153,0)) -> HP/IP boiler feed pump A motor 3.2 MW, 13.8 kV | I25: MV-3C-4/0 | J25: =INDEX('Cable Types'!$B$2:$B$45,MATCH(I25,'Cable Types'!$A$2:$A$45,0)) -> 15 kV MV-105 3/C 4/0 AWG Cu EPR 133% shielded + GC, Type MC-HL, CCW Al armor (Armor-X type), PVC jkt | K25: 1 | L25: TR-01 | M25: M | O25: =IF(N25<>"",N25,IF(M25="D",ROUNDUP(SQRT((AL25-AI25)^2+(AM25-AJ25)^2+(AN25-AK25)^2)*(1+'Design Basis'!$C$6),0),ROUNDUP((ABS(AL25-AI25)+ABS(AM25-AJ25)+ABS(AO25-AK25)+ABS(AO25-AN25))*(1+'Design Basis'!$C$4)+2*'Design Basis'!$C$5,0))) -> 138 | P25: =ROUND(O25*'Design Basis'!$C$10,0) -> 453 | Q25: =O25*K25*AQ25 -> 138 | R25: =ROUND(Q25*'Design Basis'!$C$10,0) -> 453 | S25: 13800 | T25: 3 | U25: 3200 | V25: 0.86 | W25: =IF(OR(U25="",S25=""),"",IF(T25=3,U25*1000/(SQRT(3)*S25*V25),U25*1000/(S25*V25))) -> 155.67247 | X25: 1.25 | Y25: =IF(W25="","",W25*IF(X25="",1,X25)) -> 194.59059 | Z25: =IF(OR(AS25="",AP25=""),"",AS25*AP25) -> 272.8 | AA25: =IF(Z25="","",Z25*K25) -> 272.8 | AB25: =IF(OR(Y25="",AA25=""),"",Y25/AA25) -> 0.7133086 | AC25: =IF(OR(W25="",AT25=""),"",AT25*(W25/K25)*O25/1000/S25) -> 0.00066316472 | AD25: =IF(W25="","",IFERROR(IF(INDEX('Design Basis'!$C$13:$C$21,MATCH(C25,'Design Basis'!$A$13:$A$21,0))="","",INDEX('Design Basis'!$C$13:$C$21,MATCH(C25,'Design Basis'!$A$13:$A$21,0))),"")) -> 0.03 | AE25: =IF(W25="","n/a",IF(AA25="","CHECK",IF(AND(AB25<=1,OR(AC25="",AD25="",AC25<=AD25)),"OK","CHECK"))) -> OK | AF25: =IF(AR25="","",K25*AQ25*PI()/4*AR25^2) -> 4536.4598 | AG25: Motor: 125% FLC (NEC 430.22) | AI25: =INDEX(Equipment!$D$2:$D$153,MATCH(E25,Equipment!$A$2:$A$153,0)) -> 36 | AJ25: =INDEX(Equipment!$E$2:$E$153,MATCH(E25,Equipment!$A$2:$A$153,0)) -> 52 | AK25: =INDEX(Equipment!$F$2:$F$153,MATCH(E25,Equipment!$A$2:$A$153,0)) -> 0.5 | AL25: =INDEX(Equipment!$D$2:$D$153,MATCH(G25,Equipment!$A$2:$A$153,0)) -> 86 | AM25: =INDEX(Equipment!$E$2:$E$153,MATCH(G25,Equipment!$A$2:$A$153,0)) -> -9 | AN25: =INDEX(Equipment!$F$2:$F$153,MATCH(G25,Equipment!$A$2:$A$153,0)) -> 0.5 | AO25: =IF(INDEX(Raceways!$D$2:$D$18,MATCH(L25,Raceways!$A$2:$A$18,0))="",0,INDEX(Raceways!$D$2:$D$18,MATCH(L25,Raceways!$A$2:$A$18,0))) -> 5 | AP25: =IF(INDEX(Raceways!$I$2:$I$18,MATCH(L25,Raceways!$A$2:$A$18,0))="","",INDEX(Raceways!$I$2:$I$18,MATCH(L25,Raceways!$A$2:$A$18,0))) -> 0.88 | AQ25: =INDEX('Cable Types'!$D$2:$D$45,MATCH(I25,'Cable Types'!$A$2:$A$45,0)) -> 1 | AR25: =IF(INDEX('Cable Types'!$E$2:$E$45,MATCH(I25,'Cable Types'!$A$2:$A$45,0))="","",INDEX('Cable Types'!$E$2:$E$45,MATCH(I25,'Cable Types'!$A$2:$A$45,0))) -> 76 | AS25: =IF(INDEX('Cable Types'!$F$2:$F$45,MATCH(I25,'Cable Types'!$A$2:$A$45,0))="","",INDEX('Cable Types'!$F$2:$F$45,MATCH(I25,'Cable Types'!$A$2:$A$45,0))) -> 310 | AT25: =IF(INDEX('Cable Types'!$G$2:$G$45,MATCH(I25,'Cable Types'!$A$2:$A$45,0))="","",INDEX('Cable Types'!$G$2:$G$45,MATCH(I25,'Cable Types'!$A$2:$A$45,0))) -> 0.426
A26: 70-MV-007 | B26: 20 | C26: MV Power | D26: Boiler feed pump B | E26: MVS-1 | F26: =INDEX(Equipment!$B$2:$B$153,MATCH(E26,Equipment!$A$2:$A$153,0)) -> Main 13.8 kV switchboard (main electrical building) | G26: M-BFP-B | H26: =INDEX(Equipment!$B$2:$B$153,MATCH(G26,Equipment!$A$2:$A$153,0)) -> HP/IP boiler feed pump B motor 3.2 MW, 13.8 kV | I26: MV-3C-4/0 | J26: =INDEX('Cable Types'!$B$2:$B$45,MATCH(I26,'Cable Types'!$A$2:$A$45,0)) -> 15 kV MV-105 3/C 4/0 AWG Cu EPR 133% shielded + GC, Type MC-HL, CCW Al armor (Armor-X type), PVC jkt | K26: 1 | L26: TR-01 | M26: M | O26: =IF(N26<>"",N26,IF(M26="D",ROUNDUP(SQRT((AL26-AI26)^2+(AM26-AJ26)^2+(AN26-AK26)^2)*(1+'Design Basis'!$C$6),0),ROUNDUP((ABS(AL26-AI26)+ABS(AM26-AJ26)+ABS(AO26-AK26)+ABS(AO26-AN26))*(1+'Design Basis'!$C$4)+2*'Design Basis'!$C$5,0))) -> 143 | P26: =ROUND(O26*'Design Basis'!$C$10,0) -> 469 | Q26: =O26*K26*AQ26 -> 143 | R26: =ROUND(Q26*'Design Basis'!$C$10,0) -> 469 | S26: 13800 | T26: 3 | U26: 3200 | V26: 0.86 | W26: =IF(OR(U26="",S26=""),"",IF(T26=3,U26*1000/(SQRT(3)*S26*V26),U26*1000/(S26*V26))) -> 155.67247 | X26: 1.25 | Y26: =IF(W26="","",W26*IF(X26="",1,X26)) -> 194.59059 | Z26: =IF(OR(AS26="",AP26=""),"",AS26*AP26) -> 272.8 | AA26: =IF(Z26="","",Z26*K26) -> 272.8 | AB26: =IF(OR(Y26="",AA26=""),"",Y26/AA26) -> 0.7133086 | AC26: =IF(OR(W26="",AT26=""),"",AT26*(W26/K26)*O26/1000/S26) -> 0.00068719242 | AD26: =IF(W26="","",IFERROR(IF(INDEX('Design Basis'!$C$13:$C$21,MATCH(C26,'Design Basis'!$A$13:$A$21,0))="","",INDEX('Design Basis'!$C$13:$C$21,MATCH(C26,'Design Basis'!$A$13:$A$21,0))),"")) -> 0.03 | AE26: =IF(W26="","n/a",IF(AA26="","CHECK",IF(AND(AB26<=1,OR(AC26="",AD26="",AC26<=AD26)),"OK","CHECK"))) -> OK | AF26: =IF(AR26="","",K26*AQ26*PI()/4*AR26^2) -> 4536.4598 | AI26: =INDEX(Equipment!$D$2:$D$153,MATCH(E26,Equipment!$A$2:$A$153,0)) -> 36 | AJ26: =INDEX(Equipment!$E$2:$E$153,MATCH(E26,Equipment!$A$2:$A$153,0)) -> 52 | AK26: =INDEX(Equipment!$F$2:$F$153,MATCH(E26,Equipment!$A$2:$A$153,0)) -> 0.5 | AL26: =INDEX(Equipment!$D$2:$D$153,MATCH(G26,Equipment!$A$2:$A$153,0)) -> 90 | AM26: =INDEX(Equipment!$E$2:$E$153,MATCH(G26,Equipment!$A$2:$A$153,0)) -> -9 | AN26: =INDEX(Equipment!$F$2:$F$153,MATCH(G26,Equipment!$A$2:$A$153,0)) -> 0.5 | AO26: =IF(INDEX(Raceways!$D$2:$D$18,MATCH(L26,Raceways!$A$2:$A$18,0))="",0,INDEX(Raceways!$D$2:$D$18,MATCH(L26,Raceways!$A$2:$A$18,0))) -> 5 | AP26: =IF(INDEX(Raceways!$I$2:$I$18,MATCH(L26,Raceways!$A$2:$A$18,0))="","",INDEX(Raceways!$I$2:$I$18,MATCH(L26,Raceways!$A$2:$A$18,0))) -> 0.88 | AQ26: =INDEX('Cable Types'!$D$2:$D$45,MATCH(I26,'Cable Types'!$A$2:$A$45,0)) -> 1 | AR26: =IF(INDEX('Cable Types'!$E$2:$E$45,MATCH(I26,'Cable Types'!$A$2:$A$45,0))="","",INDEX('Cable Types'!$E$2:$E$45,MATCH(I26,'Cable Types'!$A$2:$A$45,0))) -> 76 | AS26: =IF(INDEX('Cable Types'!$F$2:$F$45,MATCH(I26,'Cable Types'!$A$2:$A$45,0))="","",INDEX('Cable Types'!$F$2:$F$45,MATCH(I26,'Cable Types'!$A$2:$A$45,0))) -> 310 | AT26: =IF(INDEX('Cable Types'!$G$2:$G$45,MATCH(I26,'Cable Types'!$A$2:$A$45,0))="","",INDEX('Cable Types'!$G$2:$G$45,MATCH(I26,'Cable Types'!$A$2:$A$45,0))) -> 0.426
A27: 70-MV-008 | B27: 20 | C27: MV Power | D27: Condensate extraction pump A | E27: MVS-1 | F27: =INDEX(Equipment!$B$2:$B$153,MATCH(E27,Equipment!$A$2:$A$153,0)) -> Main 13.8 kV switchboard (main electrical building) | G27: M-CEP-A | H27: =INDEX(Equipment!$B$2:$B$153,MATCH(G27,Equipment!$A$2:$A$153,0)) -> Condensate extraction pump A motor 500 kW, 13.8 kV | I27: MV-3C-2 | J27: =INDEX('Cable Types'!$B$2:$B$45,MATCH(I27,'Cable Types'!$A$2:$A$45,0)) -> 15 kV MV-105 3/C #2 AWG Cu EPR 133% shielded + GC, Type MC-HL, CCW Al armor (Armor-X type), PVC jkt | K27: 1 | L27: TR-02 | M27: M | O27: =IF(N27<>"",N27,IF(M27="D",ROUNDUP(SQRT((AL27-AI27)^2+(AM27-AJ27)^2+(AN27-AK27)^2)*(1+'Design Basis'!$C$6),0),ROUNDUP((ABS(AL27-AI27)+ABS(AM27-AJ27)+ABS(AO27-AK27)+ABS(AO27-AN27))*(1+'Design Basis'!$C$4)+2*'Design Basis'!$C$5,0))) -> 82 | P27: =ROUND(O27*'Design Basis'!$C$10,0) -> 269 | Q27: =O27*K27*AQ27 -> 82 | R27: =ROUND(Q27*'Design Basis'!$C$10,0) -> 269 | S27: 13800 | T27: 3 | U27: 500 | V27: 0.82 | W27: =IF(OR(U27="",S27=""),"",IF(T27=3,U27*1000/(SQRT(3)*S27*V27),U27*1000/(S27*V27))) -> 25.510351 | X27: 1.25 | Y27: =IF(W27="","",W27*IF(X27="",1,X27)) -> 31.887939 | Z27: =IF(OR(AS27="",AP27=""),"",AS27*AP27) -> 145.2 | AA27: =IF(Z27="","",Z27*K27) -> 145.2 | AB27: =IF(OR(Y27="",AA27=""),"",Y27/AA27) -> 0.21961391 | AC27: =IF(OR(W27="",AT27=""),"",AT27*(W27/K27)*O27/1000/S27) -> 0.00016189091 | AD27: =IF(W27="","",IFERROR(IF(INDEX('Design Basis'!$C$13:$C$21,MATCH(C27,'Design Basis'!$A$13:$A$21,0))="","",INDEX('Design Basis'!$C$13:$C$21,MATCH(C27,'Design Basis'!$A$13:$A$21,0))),"")) -> 0.03 | AE27: =IF(W27="","n/a",IF(AA27="","CHECK",IF(AND(AB27<=1,OR(AC27="",AD27="",AC27<=AD27)),"OK","CHECK"))) -> OK | AF27: =IF(AR27="","",K27*AQ27*PI()/4*AR27^2) -> 2922.4666 | AG27: #2 AWG minimum for 15 kV / fault withstand | AI27: =INDEX(Equipment!$D$2:$D$153,MATCH(E27,Equipment!$A$2:$A$153,0)) -> 36 | AJ27: =INDEX(Equipment!$E$2:$E$153,MATCH(E27,Equipment!$A$2:$A$153,0)) -> 52 | AK27: =INDEX(Equipment!$F$2:$F$153,MATCH(E27,Equipment!$A$2:$A$153,0)) -> 0.5 | AL27: =INDEX(Equipment!$D$2:$D$153,MATCH(G27,Equipment!$A$2:$A$153,0)) -> 88 | AM27: =INDEX(Equipment!$E$2:$E$153,MATCH(G27,Equipment!$A$2:$A$153,0)) -> 44 | AN27: =INDEX(Equipment!$F$2:$F$153,MATCH(G27,Equipment!$A$2:$A$153,0)) -> 0.5 | AO27: =IF(INDEX(Raceways!$D$2:$D$18,MATCH(L27,Raceways!$A$2:$A$18,0))="",0,INDEX(Raceways!$D$2:$D$18,MATCH(L27,Raceways!$A$2:$A$18,0))) -> 5 | AP27: =IF(INDEX(Raceways!$I$2:$I$18,MATCH(L27,Raceways!$A$2:$A$18,0))="","",INDEX(Raceways!$I$2:$I$18,MATCH(L27,Raceways!$A$2:$A$18,0))) -> 0.88 | AQ27: =INDEX('Cable Types'!$D$2:$D$45,MATCH(I27,'Cable Types'!$A$2:$A$45,0)) -> 1 | AR27: =IF(INDEX('Cable Types'!$E$2:$E$45,MATCH(I27,'Cable Types'!$A$2:$A$45,0))="","",INDEX('Cable Types'!$E$2:$E$45,MATCH(I27,'Cable Types'!$A$2:$A$45,0))) -> 61 | AS27: =IF(INDEX('Cable Types'!$F$2:$F$45,MATCH(I27,'Cable Types'!$A$2:$A$45,0))="","",INDEX('Cable Types'!$F$2:$F$45,MATCH(I27,'Cable Types'!$A$2:$A$45,0))) -> 165 | AT27: =IF(INDEX('Cable Types'!$G$2:$G$45,MATCH(I27,'Cable Types'!$A$2:$A$45,0))="","",INDEX('Cable Types'!$G$2:$G$45,MATCH(I27,'Cable Types'!$A$2:$A$45,0))) -> 1.068
A28: 70-MV-009 | B28: 20 | C28: MV Power | D28: Condensate extraction pump B | E28: MVS-1 | F28: =INDEX(Equipment!$B$2:$B$153,MATCH(E28,Equipment!$A$2:$A$153,0)) -> Main 13.8 kV switchboard (main electrical building) | G28: M-CEP-B | H28: =INDEX(Equipment!$B$2:$B$153,MATCH(G28,Equipment!$A$2:$A$153,0)) -> Condensate extraction pump B motor 500 kW, 13.8 kV | I28: MV-3C-2 | J28: =INDEX('Cable Types'!$B$2:$B$45,MATCH(I28,'Cable Types'!$A$2:$A$45,0)) -> 15 kV MV-105 3/C #2 AWG Cu EPR 133% shielded + GC, Type MC-HL, CCW Al armor (Armor-X type), PVC jkt | K28: 1 | L28: TR-02 | M28: M | O28: =IF(N28<>"",N28,IF(M28="D",ROUNDUP(SQRT((AL28-AI28)^2+(AM28-AJ28)^2+(AN28-AK28)^2)*(1+'Design Basis'!$C$6),0),ROUNDUP((ABS(AL28-AI28)+ABS(AM28-AJ28)+ABS(AO28-AK28)+ABS(AO28-AN28))*(1+'Design Basis'!$C$4)+2*'Design Basis'!$C$5,0))) -> 86 | P28: =ROUND(O28*'Design Basis'!$C$10,0) -> 282 | Q28: =O28*K28*AQ28 -> 86 | R28: =ROUND(Q28*'Design Basis'!$C$10,0) -> 282 | S28: 13800 | T28: 3 | U28: 500 | V28: 0.82 | W28: =IF(OR(U28="",S28=""),"",IF(T28=3,U28*1000/(SQRT(3)*S28*V28),U28*1000/(S28*V28))) -> 25.510351 | X28: 1.25 | Y28: =IF(W28="","",W28*IF(X28="",1,X28)) -> 31.887939 | Z28: =IF(OR(AS28="",AP28=""),"",AS28*AP28) -> 145.2 | AA28: =IF(Z28="","",Z28*K28) -> 145.2 | AB28: =IF(OR(Y28="",AA28=""),"",Y28/AA28) -> 0.21961391 | AC28: =IF(OR(W28="",AT28=""),"",AT28*(W28/K28)*O28/1000/S28) -> 0.00016978802 | AD28: =IF(W28="","",IFERROR(IF(INDEX('Design Basis'!$C$13:$C$21,MATCH(C28,'Design Basis'!$A$13:$A$21,0))="","",INDEX('Design Basis'!$C$13:$C$21,MATCH(C28,'Design Basis'!$A$13:$A$21,0))),"")) -> 0.03 | AE28: =IF(W28="","n/a",IF(AA28="","CHECK",IF(AND(AB28<=1,OR(AC28="",AD28="",AC28<=AD28)),"OK","CHECK"))) -> OK | AF28: =IF(AR28="","",K28*AQ28*PI()/4*AR28^2) -> 2922.4666 | AI28: =INDEX(Equipment!$D$2:$D$153,MATCH(E28,Equipment!$A$2:$A$153,0)) -> 36 | AJ28: =INDEX(Equipment!$E$2:$E$153,MATCH(E28,Equipment!$A$2:$A$153,0)) -> 52 | AK28: =INDEX(Equipment!$F$2:$F$153,MATCH(E28,Equipment!$A$2:$A$153,0)) -> 0.5 | AL28: =INDEX(Equipment!$D$2:$D$153,MATCH(G28,Equipment!$A$2:$A$153,0)) -> 88 | AM28: =INDEX(Equipment!$E$2:$E$153,MATCH(G28,Equipment!$A$2:$A$153,0)) -> 41 | AN28: =INDEX(Equipment!$F$2:$F$153,MATCH(G28,Equipment!$A$2:$A$153,0)) -> 0.5 | AO28: =IF(INDEX(Raceways!$D$2:$D$18,MATCH(L28,Raceways!$A$2:$A$18,0))="",0,INDEX(Raceways!$D$2:$D$18,MATCH(L28,Raceways!$A$2:$A$18,0))) -> 5 | AP28: =IF(INDEX(Raceways!$I$2:$I$18,MATCH(L28,Raceways!$A$2:$A$18,0))="","",INDEX(Raceways!$I$2:$I$18,MATCH(L28,Raceways!$A$2:$A$18,0))) -> 0.88 | AQ28: =INDEX('Cable Types'!$D$2:$D$45,MATCH(I28,'Cable Types'!$A$2:$A$45,0)) -> 1 | AR28: =IF(INDEX('Cable Types'!$E$2:$E$45,MATCH(I28,'Cable Types'!$A$2:$A$45,0))="","",INDEX('Cable Types'!$E$2:$E$45,MATCH(I28,'Cable Types'!$A$2:$A$45,0))) -> 61 | AS28: =IF(INDEX('Cable Types'!$F$2:$F$45,MATCH(I28,'Cable Types'!$A$2:$A$45,0))="","",INDEX('Cable Types'!$F$2:$F$45,MATCH(I28,'Cable Types'!$A$2:$A$45,0))) -> 165 | AT28: =IF(INDEX('Cable Types'!$G$2:$G$45,MATCH(I28,'Cable Types'!$A$2:$A$45,0))="","",INDEX('Cable Types'!$G$2:$G$45,MATCH(I28,'Cable Types'!$A$2:$A$45,0))) -> 1.068
A29: 70-MV-010 | B29: 70 | C29: MV Power | D29: Main LV transformer LVT-1 | E29: MVS-1 | F29: =INDEX(Equipment!$B$2:$B$153,MATCH(E29,Equipment!$A$2:$A$153,0)) -> Main 13.8 kV switchboard (main electrical building) | G29: LVT-1 | H29: =INDEX(Equipment!$B$2:$B$153,MATCH(G29,Equipment!$A$2:$A$153,0)) -> Main LV transformer 13.8/0.48 kV 2.5 MVA | I29: MV-3C-1/0 | J29: =INDEX('Cable Types'!$B$2:$B$45,MATCH(I29,'Cable Types'!$A$2:$A$45,0)) -> 15 kV MV-105 3/C 1/0 AWG Cu EPR 133% shielded + GC, Type MC-HL, CCW Al armor (Armor-X type), PVC jkt | K29: 1 | L29: LOCAL | M29: M | O29: =IF(N29<>"",N29,IF(M29="D",ROUNDUP(SQRT((AL29-AI29)^2+(AM29-AJ29)^2+(AN29-AK29)^2)*(1+'Design Basis'!$C$6),0),ROUNDUP((ABS(AL29-AI29)+ABS(AM29-AJ29)+ABS(AO29-AK29)+ABS(AO29-AN29))*(1+'Design Basis'!$C$4)+2*'Design Basis'!$C$5,0))) -> 15 | P29: =ROUND(O29*'Design Basis'!$C$10,0) -> 49 | Q29: =O29*K29*AQ29 -> 15 | R29: =ROUND(Q29*'Design Basis'!$C$10,0) -> 49 | S29: 13800 | T29: 3 | U29: 2500 | V29: 1 | W29: =IF(OR(U29="",S29=""),"",IF(T29=3,U29*1000/(SQRT(3)*S29*V29),U29*1000/(S29*V29))) -> 104.59244 | X29: 1.25 | Y29: =IF(W29="","",W29*IF(X29="",1,X29)) -> 130.74055 | Z29: =IF(OR(AS29="",AP29=""),"",AS29*AP29) -> 189.2 | AA29: =IF(Z29="","",Z29*K29) -> 189.2 | AB29: =IF(OR(Y29="",AA29=""),"",Y29/AA29) -> 0.69101771 | AC29: =IF(OR(W29="",AT29=""),"",AT29*(W29/K29)*O29/1000/S29) -> 8.1400203e-05 | AD29: =IF(W29="","",IFERROR(IF(INDEX('Design Basis'!$C$13:$C$21,MATCH(C29,'Design Basis'!$A$13:$A$21,0))="","",INDEX('Design Basis'!$C$13:$C$21,MATCH(C29,'Design Basis'!$A$13:$A$21,0))),"")) -> 0.03 | AE29: =IF(W29="","n/a",IF(AA29="","CHECK",IF(AND(AB29<=1,OR(AC29="",AD29="",AC29<=AD29)),"OK","CHECK"))) -> OK | AF29: =IF(AR29="","",K29*AQ29*PI()/4*AR29^2) -> 3421.1944 | AI29: =INDEX(Equipment!$D$2:$D$153,MATCH(E29,Equipment!$A$2:$A$153,0)) -> 36 | AJ29: =INDEX(Equipment!$E$2:$E$153,MATCH(E29,Equipment!$A$2:$A$153,0)) -> 52 | AK29: =INDEX(Equipment!$F$2:$F$153,MATCH(E29,Equipment!$A$2:$A$153,0)) -> 0.5 | AL29: =INDEX(Equipment!$D$2:$D$153,MATCH(G29,Equipment!$A$2:$A$153,0)) -> 34 | AM29: =INDEX(Equipment!$E$2:$E$153,MATCH(G29,Equipment!$A$2:$A$153,0)) -> 57 | AN29: =INDEX(Equipment!$F$2:$F$153,MATCH(G29,Equipment!$A$2:$A$153,0)) -> 0.5 | AO29: =IF(INDEX(Raceways!$D$2:$D$18,MATCH(L29,Raceways!$A$2:$A$18,0))="",0,INDEX(Raceways!$D$2:$D$18,MATCH(L29,Raceways!$A$2:$A$18,0))) -> 1 | AP29: =IF(INDEX(Raceways!$I$2:$I$18,MATCH(L29,Raceways!$A$2:$A$18,0))="","",INDEX(Raceways!$I$2:$I$18,MATCH(L29,Raceways!$A$2:$A$18,0))) -> 0.88 | AQ29: =INDEX('Cable Types'!$D$2:$D$45,MATCH(I29,'Cable Types'!$A$2:$A$45,0)) -> 1 | AR29: =IF(INDEX('Cable Types'!$E$2:$E$45,MATCH(I29,'Cable Types'!$A$2:$A$45,0))="","",INDEX('Cable Types'!$E$2:$E$45,MATCH(I29,'Cable Types'!$A$2:$A$45,0))) -> 66 | AS29: =IF(INDEX('Cable Types'!$F$2:$F$45,MATCH(I29,'Cable Types'!$A$2:$A$45,0))="","",INDEX('Cable Types'!$F$2:$F$45,MATCH(I29,'Cable Types'!$A$2:$A$45,0))) -> 215 | AT29: =IF(INDEX('Cable Types'!$G$2:$G$45,MATCH(I29,'Cable Types'!$A$2:$A$45,0))="","",INDEX('Cable Types'!$G$2:$G$45,MATCH(I29,'Cable Types'!$A$2:$A$45,0))) -> 0.716
A30: 70-MV-011 | B30: 30 | C30: MV Power | D30: ACC fan transformer LVT-ACC | E30: MVS-1 | F30: =INDEX(Equipment!$B$2:$B$153,MATCH(E30,Equipment!$A$2:$A$153,0)) -> Main 13.8 kV switchboard (main electrical building) | G30: LVT-ACC | H30: =INDEX(Equipment!$B$2:$B$153,MATCH(G30,Equipment!$A$2:$A$153,0)) -> ACC fan transformer 13.8/0.48 kV 3 MVA | I30: MV-3C-1/0 | J30: =INDEX('Cable Types'!$B$2:$B$45,MATCH(I30,'Cable Types'!$A$2:$A$45,0)) -> 15 kV MV-105 3/C 1/0 AWG Cu EPR 133% shielded + GC, Type MC-HL, CCW Al armor (Armor-X type), PVC jkt | K30: 1 | L30: TR-02 | M30: M | O30: =IF(N30<>"",N30,IF(M30="D",ROUNDUP(SQRT((AL30-AI30)^2+(AM30-AJ30)^2+(AN30-AK30)^2)*(1+'Design Basis'!$C$6),0),ROUNDUP((ABS(AL30-AI30)+ABS(AM30-AJ30)+ABS(AO30-AK30)+ABS(AO30-AN30))*(1+'Design Basis'!$C$4)+2*'Design Basis'!$C$5,0))) -> 151 | P30: =ROUND(O30*'Design Basis'!$C$10,0) -> 495 | Q30: =O30*K30*AQ30 -> 151 | R30: =ROUND(Q30*'Design Basis'!$C$10,0) -> 495 | S30: 13800 | T30: 3 | U30: 3000 | V30: 1 | W30: =IF(OR(U30="",S30=""),"",IF(T30=3,U30*1000/(SQRT(3)*S30*V30),U30*1000/(S30*V30))) -> 125.51093 | X30: 1.25 | Y30: =IF(W30="","",W30*IF(X30="",1,X30)) -> 156.88866 | Z30: =IF(OR(AS30="",AP30=""),"",AS30*AP30) -> 189.2 | AA30: =IF(Z30="","",Z30*K30) -> 189.2 | AB30: =IF(OR(Y30="",AA30=""),"",Y30/AA30) -> 0.82922125 | AC30: =IF(OR(W30="",AT30=""),"",AT30*(W30/K30)*O30/1000/S30) -> 0.00098331446 | AD30: =IF(W30="","",IFERROR(IF(INDEX('Design Basis'!$C$13:$C$21,MATCH(C30,'Design Basis'!$A$13:$A$21,0))="","",INDEX('Design Basis'!$C$13:$C$21,MATCH(C30,'Design Basis'!$A$13:$A$21,0))),"")) -> 0.03 | AE30: =IF(W30="","n/a",IF(AA30="","CHECK",IF(AND(AB30<=1,OR(AC30="",AD30="",AC30<=AD30)),"OK","CHECK"))) -> OK | AF30: =IF(AR30="","",K30*AQ30*PI()/4*AR30^2) -> 3421.1944 | AI30: =INDEX(Equipment!$D$2:$D$153,MATCH(E30,Equipment!$A$2:$A$153,0)) -> 36 | AJ30: =INDEX(Equipment!$E$2:$E$153,MATCH(E30,Equipment!$A$2:$A$153,0)) -> 52 | AK30: =INDEX(Equipment!$F$2:$F$153,MATCH(E30,Equipment!$A$2:$A$153,0)) -> 0.5 | AL30: =INDEX(Equipment!$D$2:$D$153,MATCH(G30,Equipment!$A$2:$A$153,0)) -> 146 | AM30: =INDEX(Equipment!$E$2:$E$153,MATCH(G30,Equipment!$A$2:$A$153,0)) -> 40 | AN30: =INDEX(Equipment!$F$2:$F$153,MATCH(G30,Equipment!$A$2:$A$153,0)) -> 0.5 | AO30: =IF(INDEX(Raceways!$D$2:$D$18,MATCH(L30,Raceways!$A$2:$A$18,0))="",0,INDEX(Raceways!$D$2:$D$18,MATCH(L30,Raceways!$A$2:$A$18,0))) -> 5 | AP30: =IF(INDEX(Raceways!$I$2:$I$18,MATCH(L30,Raceways!$A$2:$A$18,0))="","",INDEX(Raceways!$I$2:$I$18,MATCH(L30,Raceways!$A$2:$A$18,0))) -> 0.88 | AQ30: =INDEX('Cable Types'!$D$2:$D$45,MATCH(I30,'Cable Types'!$A$2:$A$45,0)) -> 1 | AR30: =IF(INDEX('Cable Types'!$E$2:$E$45,MATCH(I30,'Cable Types'!$A$2:$A$45,0))="","",INDEX('Cable Types'!$E$2:$E$45,MATCH(I30,'Cable Types'!$A$2:$A$45,0))) -> 66 | AS30: =IF(INDEX('Cable Types'!$F$2:$F$45,MATCH(I30,'Cable Types'!$A$2:$A$45,0))="","",INDEX('Cable Types'!$F$2:$F$45,MATCH(I30,'Cable Types'!$A$2:$A$45,0))) -> 215 | AT30: =IF(INDEX('Cable Types'!$G$2:$G$45,MATCH(I30,'Cable Types'!$A$2:$A$45,0))="","",INDEX('Cable Types'!$G$2:$G$45,MATCH(I30,'Cable Types'!$A$2:$A$45,0))) -> 0.716
A31: 70-MV-012 | B31: 60 | C31: MV Power | D31: Gas station transformer LVT-GAS | E31: MVS-1 | F31: =INDEX(Equipment!$B$2:$B$153,MATCH(E31,Equipment!$A$2:$A$153,0)) -> Main 13.8 kV switchboard (main electrical building) | G31: LVT-GAS | H31: =INDEX(Equipment!$B$2:$B$153,MATCH(G31,Equipment!$A$2:$A$153,0)) -> Gas station transformer 13.8/0.48 kV 1.6 MVA | I31: MV-3C-2 | J31: =INDEX('Cable Types'!$B$2:$B$45,MATCH(I31,'Cable Types'!$A$2:$A$45,0)) -> 15 kV MV-105 3/C #2 AWG Cu EPR 133% shielded + GC, Type MC-HL, CCW Al armor (Armor-X type), PVC jkt | K31: 1 | L31: TR-03 | M31: M | O31: =IF(N31<>"",N31,IF(M31="D",ROUNDUP(SQRT((AL31-AI31)^2+(AM31-AJ31)^2+(AN31-AK31)^2)*(1+'Design Basis'!$C$6),0),ROUNDUP((ABS(AL31-AI31)+ABS(AM31-AJ31)+ABS(AO31-AK31)+ABS(AO31-AN31))*(1+'Design Basis'!$C$4)+2*'Design Basis'!$C$5,0))) -> 109 | P31: =ROUND(O31*'Design Basis'!$C$10,0) -> 358 | Q31: =O31*K31*AQ31 -> 109 | R31: =ROUND(Q31*'Design Basis'!$C$10,0) -> 358 | S31: 13800 | T31: 3 | U31: 1600 | V31: 1 | W31: =IF(OR(U31="",S31=""),"",IF(T31=3,U31*1000/(SQRT(3)*S31*V31),U31*1000/(S31*V31))) -> 66.939162 | X31: 1.25 | Y31: =IF(W31="","",W31*IF(X31="",1,X31)) -> 83.673952 | Z31: =IF(OR(AS31="",AP31=""),"",AS31*AP31) -> 145.2 | AA31: =IF(Z31="","",Z31*K31) -> 145.2 | AB31: =IF(OR(Y31="",AA31=""),"",Y31/AA31) -> 0.57626689 | AC31: =IF(OR(W31="",AT31=""),"",AT31*(W31/K31)*O31/1000/S31) -> 0.00056467548 | AD31: =IF(W31="","",IFERROR(IF(INDEX('Design Basis'!$C$13:$C$21,MATCH(C31,'Design Basis'!$A$13:$A$21,0))="","",INDEX('Design Basis'!$C$13:$C$21,MATCH(C31,'Design Basis'!$A$13:$A$21,0))),"")) -> 0.03 | AE31: =IF(W31="","n/a",IF(AA31="","CHECK",IF(AND(AB31<=1,OR(AC31="",AD31="",AC31<=AD31)),"OK","CHECK"))) -> OK | AF31: =IF(AR31="","",K31*AQ31*PI()/4*AR31^2) -> 2922.4666 | AI31: =INDEX(Equipment!$D$2:$D$153,MATCH(E31,Equipment!$A$2:$A$153,0)) -> 36 | AJ31: =INDEX(Equipment!$E$2:$E$153,MATCH(E31,Equipment!$A$2:$A$153,0)) -> 52 | AK31: =INDEX(Equipment!$F$2:$F$153,MATCH(E31,Equipment!$A$2:$A$153,0)) -> 0.5 | AL31: =INDEX(Equipment!$D$2:$D$153,MATCH(G31,Equipment!$A$2:$A$153,0)) -> -12 | AM31: =INDEX(Equipment!$E$2:$E$153,MATCH(G31,Equipment!$A$2:$A$153,0)) -> 16 | AN31: =INDEX(Equipment!$F$2:$F$153,MATCH(G31,Equipment!$A$2:$A$153,0)) -> 0.5 | AO31: =IF(INDEX(Raceways!$D$2:$D$18,MATCH(L31,Raceways!$A$2:$A$18,0))="",0,INDEX(Raceways!$D$2:$D$18,MATCH(L31,Raceways!$A$2:$A$18,0))) -> 5 | AP31: =IF(INDEX(Raceways!$I$2:$I$18,MATCH(L31,Raceways!$A$2:$A$18,0))="","",INDEX(Raceways!$I$2:$I$18,MATCH(L31,Raceways!$A$2:$A$18,0))) -> 0.88 | AQ31: =INDEX('Cable Types'!$D$2:$D$45,MATCH(I31,'Cable Types'!$A$2:$A$45,0)) -> 1 | AR31: =IF(INDEX('Cable Types'!$E$2:$E$45,MATCH(I31,'Cable Types'!$A$2:$A$45,0))="","",INDEX('Cable Types'!$E$2:$E$45,MATCH(I31,'Cable Types'!$A$2:$A$45,0))) -> 61 | AS31: =IF(INDEX('Cable Types'!$F$2:$F$45,MATCH(I31,'Cable Types'!$A$2:$A$45,0))="","",INDEX('Cable Types'!$F$2:$F$45,MATCH(I31,'Cable Types'!$A$2:$A$45,0))) -> 165 | AT31: =IF(INDEX('Cable Types'!$G$2:$G$45,MATCH(I31,'Cable Types'!$A$2:$A$45,0))="","",INDEX('Cable Types'!$G$2:$G$45,MATCH(I31,'Cable Types'!$A$2:$A$45,0))) -> 1.068
A32: 70-MV-013 | B32: 60 | C32: MV Power | D32: BOG compressor motor | E32: MVS-1 | F32: =INDEX(Equipment!$B$2:$B$153,MATCH(E32,Equipment!$A$2:$A$153,0)) -> Main 13.8 kV switchboard (main electrical building) | G32: C-BOG | H32: =INDEX(Equipment!$B$2:$B$153,MATCH(G32,Equipment!$A$2:$A$153,0)) -> Boil-off gas compressor motor 900 kW, 13.8 kV | I32: MV-3C-2 | J32: =INDEX('Cable Types'!$B$2:$B$45,MATCH(I32,'Cable Types'!$A$2:$A$45,0)) -> 15 kV MV-105 3/C #2 AWG Cu EPR 133% shielded + GC, Type MC-HL, CCW Al armor (Armor-X type), PVC jkt | K32: 1 | L32: TR-03 | M32: M | O32: =IF(N32<>"",N32,IF(M32="D",ROUNDUP(SQRT((AL32-AI32)^2+(AM32-AJ32)^2+(AN32-AK32)^2)*(1+'Design Basis'!$C$6),0),ROUNDUP((ABS(AL32-AI32)+ABS(AM32-AJ32)+ABS(AO32-AK32)+ABS(AO32-AN32))*(1+'Design Basis'!$C$4)+2*'Design Basis'!$C$5,0))) -> 135 | P32: =ROUND(O32*'Design Basis'!$C$10,0) -> 443 | Q32: =O32*K32*AQ32 -> 135 | R32: =ROUND(Q32*'Design Basis'!$C$10,0) -> 443 | S32: 13800 | T32: 3 | U32: 900 | V32: 0.82 | W32: =IF(OR(U32="",S32=""),"",IF(T32=3,U32*1000/(SQRT(3)*S32*V32),U32*1000/(S32*V32))) -> 45.918632 | X32: 1.25 | Y32: =IF(W32="","",W32*IF(X32="",1,X32)) -> 57.39829 | Z32: =IF(OR(AS32="",AP32=""),"",AS32*AP32) -> 145.2 | AA32: =IF(Z32="","",Z32*K32) -> 145.2 | AB32: =IF(OR(Y32="",AA32=""),"",Y32/AA32) -> 0.39530503 | AC32: =IF(OR(W32="",AT32=""),"",AT32*(W32/K32)*O32/1000/S32) -> 0.00047974988 | AD32: =IF(W32="","",IFERROR(IF(INDEX('Design Basis'!$C$13:$C$21,MATCH(C32,'Design Basis'!$A$13:$A$21,0))="","",INDEX('Design Basis'!$C$13:$C$21,MATCH(C32,'Design Basis'!$A$13:$A$21,0))),"")) -> 0.03 | AE32: =IF(W32="","n/a",IF(AA32="","CHECK",IF(AND(AB32<=1,OR(AC32="",AD32="",AC32<=AD32)),"OK","CHECK"))) -> OK | AF32: =IF(AR32="","",K32*AQ32*PI()/4*AR32^2) -> 2922.4666 | AG32: Class I Div 2 - MC-HL with listed Class I fittings (NEC 501.10) | AI32: =INDEX(Equipment!$D$2:$D$153,MATCH(E32,Equipment!$A$2:$A$153,0)) -> 36 | AJ32: =INDEX(Equipment!$E$2:$E$153,MATCH(E32,Equipment!$A$2:$A$153,0)) -> 52 | AK32: =INDEX(Equipment!$F$2:$F$153,MATCH(E32,Equipment!$A$2:$A$153,0)) -> 0.5 | AL32: =INDEX(Equipment!$D$2:$D$153,MATCH(G32,Equipment!$A$2:$A$153,0)) -> -45 | AM32: =INDEX(Equipment!$E$2:$E$153,MATCH(G32,Equipment!$A$2:$A$153,0)) -> 25 | AN32: =INDEX(Equipment!$F$2:$F$153,MATCH(G32,Equipment!$A$2:$A$153,0)) -> 0.5 | AO32: =IF(INDEX(Raceways!$D$2:$D$18,MATCH(L32,Raceways!$A$2:$A$18,0))="",0,INDEX(Raceways!$D$2:$D$18,MATCH(L32,Raceways!$A$2:$A$18,0))) -> 5 | AP32: =IF(INDEX(Raceways!$I$2:$I$18,MATCH(L32,Raceways!$A$2:$A$18,0))="","",INDEX(Raceways!$I$2:$I$18,MATCH(L32,Raceways!$A$2:$A$18,0))) -> 0.88 | AQ32: =INDEX('Cable Types'!$D$2:$D$45,MATCH(I32,'Cable Types'!$A$2:$A$45,0)) -> 1 | AR32: =IF(INDEX('Cable Types'!$E$2:$E$45,MATCH(I32,'Cable Types'!$A$2:$A$45,0))="","",INDEX('Cable Types'!$E$2:$E$45,MATCH(I32,'Cable Types'!$A$2:$A$45,0))) -> 61 | AS32: =IF(INDEX('Cable Types'!$F$2:$F$45,MATCH(I32,'Cable Types'!$A$2:$A$45,0))="","",INDEX('Cable Types'!$F$2:$F$45,MATCH(I32,'Cable Types'!$A$2:$A$45,0))) -> 165 | AT32: =IF(INDEX('Cable Types'!$G$2:$G$45,MATCH(I32,'Cable Types'!$A$2:$A$45,0))="","",INDEX('Cable Types'!$G$2:$G$45,MATCH(I32,'Cable Types'!$A$2:$A$45,0))) -> 1.068
A33: 70-MV-014 | B33: 50 | C33: MV Power | D33: RICE black-start / island tie to MVS-1 | E33: MVS-RICE | F33: =INDEX(Equipment!$B$2:$B$153,MATCH(E33,Equipment!$A$2:$A$153,0)) -> RICE 13.8 kV collector switchgear e-house | G33: MVS-1 | H33: =INDEX(Equipment!$B$2:$B$153,MATCH(G33,Equipment!$A$2:$A$153,0)) -> Main 13.8 kV switchboard (main electrical building) | I33: MV-1C-500-TPX | J33: =INDEX('Cable Types'!$B$2:$B$45,MATCH(I33,'Cable Types'!$A$2:$A$45,0)) -> 15 kV MV-105 1/C 500 kcmil Cu EPR 133% shielded, Type MC-HL, CCW Al armor (Armor-X type), PVC jkt, triplexed set | K33: 2 | L33: DB-02 | M33: M | O33: =IF(N33<>"",N33,IF(M33="D",ROUNDUP(SQRT((AL33-AI33)^2+(AM33-AJ33)^2+(AN33-AK33)^2)*(1+'Design Basis'!$C$6),0),ROUNDUP((ABS(AL33-AI33)+ABS(AM33-AJ33)+ABS(AO33-AK33)+ABS(AO33-AN33))*(1+'Design Basis'!$C$4)+2*'Design Basis'!$C$5,0))) -> 88 | P33: =ROUND(O33*'Design Basis'!$C$10,0) -> 289 | Q33: =O33*K33*AQ33 -> 528 | R33: =ROUND(Q33*'Design Basis'!$C$10,0) -> 1732 | S33: 13800 | T33: 3 | U33: 10000 | V33: 1 | W33: =IF(OR(U33="",S33=""),"",IF(T33=3,U33*1000/(SQRT(3)*S33*V33),U33*1000/(S33*V33))) -> 418.36976 | X33: 1 | Y33: =IF(W33="","",W33*IF(X33="",1,X33)) -> 418.36976 | Z33: =IF(OR(AS33="",AP33=""),"",AS33*AP33) -> 409.5 | AA33: =IF(Z33="","",Z33*K33) -> 819 | AB33: =IF(OR(Y33="",AA33=""),"",Y33/AA33) -> 0.51082999 | AC33: =IF(OR(W33="",AT33=""),"",AT33*(W33/K33)*O33/1000/S33) -> 0.00034148674 | AD33: =IF(W33="","",IFERROR(IF(INDEX('Design Basis'!$C$13:$C$21,MATCH(C33,'Design Basis'!$A$13:$A$21,0))="","",INDEX('Design Basis'!$C$13:$C$21,MATCH(C33,'Design Basis'!$A$13:$A$21,0))),"")) -> 0.03 | AE33: =IF(W33="","n/a",IF(AA33="","CHECK",IF(AND(AB33<=1,OR(AC33="",AD33="",AC33<=AD33)),"OK","CHECK"))) -> OK | AF33: =IF(AR33="","",K33*AQ33*PI()/4*AR33^2) -> 7921.5259 | AI33: =INDEX(Equipment!$D$2:$D$153,MATCH(E33,Equipment!$A$2:$A$153,0)) -> 12 | AJ33: =INDEX(Equipment!$E$2:$E$153,MATCH(E33,Equipment!$A$2:$A$153,0)) -> 99 | AK33: =INDEX(Equipment!$F$2:$F$153,MATCH(E33,Equipment!$A$2:$A$153,0)) -> 0.5 | AL33: =INDEX(Equipment!$D$2:$D$153,MATCH(G33,Equipment!$A$2:$A$153,0)) -> 36 | AM33: =INDEX(Equipment!$E$2:$E$153,MATCH(G33,Equipment!$A$2:$A$153,0)) -> 52 | AN33: =INDEX(Equipment!$F$2:$F$153,MATCH(G33,Equipment!$A$2:$A$153,0)) -> 0.5 | AO33: =IF(INDEX(Raceways!$D$2:$D$18,MATCH(L33,Raceways!$A$2:$A$18,0))="",0,INDEX(Raceways!$D$2:$D$18,MATCH(L33,Raceways!$A$2:$A$18,0))) -> -1.2 | AP33: =IF(INDEX(Raceways!$I$2:$I$18,MATCH(L33,Raceways!$A$2:$A$18,0))="","",INDEX(Raceways!$I$2:$I$18,MATCH(L33,Raceways!$A$2:$A$18,0))) -> 0.7 | AQ33: =INDEX('Cable Types'!$D$2:$D$45,MATCH(I33,'Cable Types'!$A$2:$A$45,0)) -> 3 | AR33: =IF(INDEX('Cable Types'!$E$2:$E$45,MATCH(I33,'Cable Types'!$A$2:$A$45,0))="","",INDEX('Cable Types'!$E$2:$E$45,MATCH(I33,'Cable Types'!$A$2:$A$45,0))) -> 41 | AS33: =IF(INDEX('Cable Types'!$F$2:$F$45,MATCH(I33,'Cable Types'!$A$2:$A$45,0))="","",INDEX('Cable Types'!$F$2:$F$45,MATCH(I33,'Cable Types'!$A$2:$A$45,0))) -> 585 | AT33: =IF(INDEX('Cable Types'!$G$2:$G$45,MATCH(I33,'Cable Types'!$A$2:$A$45,0))="","",INDEX('Cable Types'!$G$2:$G$45,MATCH(I33,'Cable Types'!$A$2:$A$45,0))) -> 0.256
A34: 40-MV-001 | B34: 40 | C34: MV Power | D34: Flue gas booster fan | E34: MVS-CCS | F34: =INDEX(Equipment!$B$2:$B$153,MATCH(E34,Equipment!$A$2:$A$153,0)) -> CCS 13.8 kV switchboard (CCS substation) | G34: M-BF | H34: =INDEX(Equipment!$B$2:$B$153,MATCH(G34,Equipment!$A$2:$A$153,0)) -> Flue gas booster fan motor 6.5 MW, 13.8 kV | I34: MV-1C-500-TPX | J34: =INDEX('Cable Types'!$B$2:$B$45,MATCH(I34,'Cable Types'!$A$2:$A$45,0)) -> 15 kV MV-105 1/C 500 kcmil Cu EPR 133% shielded, Type MC-HL, CCW Al armor (Armor-X type), PVC jkt, triplexed set | K34: 1 | L34: TR-05 | M34: M | O34: =IF(N34<>"",N34,IF(M34="D",ROUNDUP(SQRT((AL34-AI34)^2+(AM34-AJ34)^2+(AN34-AK34)^2)*(1+'Design Basis'!$C$6),0),ROUNDUP((ABS(AL34-AI34)+ABS(AM34-AJ34)+ABS(AO34-AK34)+ABS(AO34-AN34))*(1+'Design Basis'!$C$4)+2*'Design Basis'!$C$5,0))) -> 118 | P34: =ROUND(O34*'Design Basis'!$C$10,0) -> 387 | Q34: =O34*K34*AQ34 -> 354 | R34: =ROUND(Q34*'Design Basis'!$C$10,0) -> 1161 | S34: 13800 | T34: 3 | U34: 6500 | V34: 0.86 | W34: =IF(OR(U34="",S34=""),"",IF(T34=3,U34*1000/(SQRT(3)*S34*V34),U34*1000/(S34*V34))) -> 316.2097 | X34: 1.25 | Y34: =IF(W34="","",W34*IF(X34="",1,X34)) -> 395.26213 | Z34: =IF(OR(AS34="",AP34=""),"",AS34*AP34) -> 514.8 | AA34: =IF(Z34="","",Z34*K34) -> 514.8 | AB34: =IF(OR(Y34="",AA34=""),"",Y34/AA34) -> 0.76779745 | AC34: =IF(OR(W34="",AT34=""),"",AT34*(W34/K34)*O34/1000/S34) -> 0.00069217846 | AD34: =IF(W34="","",IFERROR(IF(INDEX('Design Basis'!$C$13:$C$21,MATCH(C34,'Design Basis'!$A$13:$A$21,0))="","",INDEX('Design Basis'!$C$13:$C$21,MATCH(C34,'Design Basis'!$A$13:$A$21,0))),"")) -> 0.03 | AE34: =IF(W34="","n/a",IF(AA34="","CHECK",IF(AND(AB34<=1,OR(AC34="",AD34="",AC34<=AD34)),"OK","CHECK"))) -> OK | AF34: =IF(AR34="","",K34*AQ34*PI()/4*AR34^2) -> 3960.7629 | AG34: Across-the-line start - check voltage dip | AI34: =INDEX(Equipment!$D$2:$D$153,MATCH(E34,Equipment!$A$2:$A$153,0)) -> 178 | AJ34: =INDEX(Equipment!$E$2:$E$153,MATCH(E34,Equipment!$A$2:$A$153,0)) -> 58 | AK34: =INDEX(Equipment!$F$2:$F$153,MATCH(E34,Equipment!$A$2:$A$153,0)) -> 0.5 | AL34: =INDEX(Equipment!$D$2:$D$153,MATCH(G34,Equipment!$A$2:$A$153,0)) -> 150 | AM34: =INDEX(Equipment!$E$2:$E$153,MATCH(G34,Equipment!$A$2:$A$153,0)) -> -4 | AN34: =INDEX(Equipment!$F$2:$F$153,MATCH(G34,Equipment!$A$2:$A$153,0)) -> 0.5 | AO34: =IF(INDEX(Raceways!$D$2:$D$18,MATCH(L34,Raceways!$A$2:$A$18,0))="",0,INDEX(Raceways!$D$2:$D$18,MATCH(L34,Raceways!$A$2:$A$18,0))) -> 6 | AP34: =IF(INDEX(Raceways!$I$2:$I$18,MATCH(L34,Raceways!$A$2:$A$18,0))="","",INDEX(Raceways!$I$2:$I$18,MATCH(L34,Raceways!$A$2:$A$18,0))) -> 0.88 | AQ34: =INDEX('Cable Types'!$D$2:$D$45,MATCH(I34,'Cable Types'!$A$2:$A$45,0)) -> 3 | AR34: =IF(INDEX('Cable Types'!$E$2:$E$45,MATCH(I34,'Cable Types'!$A$2:$A$45,0))="","",INDEX('Cable Types'!$E$2:$E$45,MATCH(I34,'Cable Types'!$A$2:$A$45,0))) -> 41 | AS34: =IF(INDEX('Cable Types'!$F$2:$F$45,MATCH(I34,'Cable Types'!$A$2:$A$45,0))="","",INDEX('Cable Types'!$F$2:$F$45,MATCH(I34,'Cable Types'!$A$2:$A$45,0))) -> 585 | AT34: =IF(INDEX('Cable Types'!$G$2:$G$45,MATCH(I34,'Cable Types'!$A$2:$A$45,0))="","",INDEX('Cable Types'!$G$2:$G$45,MATCH(I34,'Cable Types'!$A$2:$A$45,0))) -> 0.256
A35: 40-MV-002 | B35: 40 | C35: MV Power | D35: CO2 compressor VFD line side | E35: MVS-CCS | F35: =INDEX(Equipment!$B$2:$B$153,MATCH(E35,Equipment!$A$2:$A$153,0)) -> CCS 13.8 kV switchboard (CCS substation) | G35: VFD-CO2 | H35: =INDEX(Equipment!$B$2:$B$153,MATCH(G35,Equipment!$A$2:$A$153,0)) -> CO2 compressor MV variable frequency drive, 13.8 kV in / out | I35: MV-1C-750-TPX | J35: =INDEX('Cable Types'!$B$2:$B$45,MATCH(I35,'Cable Types'!$A$2:$A$45,0)) -> 15 kV MV-105 1/C 750 kcmil Cu EPR 133% shielded, Type MC-HL, CCW Al armor (Armor-X type), PVC jkt, triplexed set | K35: 2 | L35: TR-05 | M35: M | O35: =IF(N35<>"",N35,IF(M35="D",ROUNDUP(SQRT((AL35-AI35)^2+(AM35-AJ35)^2+(AN35-AK35)^2)*(1+'Design Basis'!$C$6),0),ROUNDUP((ABS(AL35-AI35)+ABS(AM35-AJ35)+ABS(AO35-AK35)+ABS(AO35-AN35))*(1+'Design Basis'!$C$4)+2*'Design Basis'!$C$5,0))) -> 47 | P35: =ROUND(O35*'Design Basis'!$C$10,0) -> 154 | Q35: =O35*K35*AQ35 -> 282 | R35: =ROUND(Q35*'Design Basis'!$C$10,0) -> 925 | S35: 13800 | T35: 3 | U35: 14000 | V35: 0.9 | W35: =IF(OR(U35="",S35=""),"",IF(T35=3,U35*1000/(SQRT(3)*S35*V35),U35*1000/(S35*V35))) -> 650.7974 | X35: 1.25 | Y35: =IF(W35="","",W35*IF(X35="",1,X35)) -> 813.49676 | Z35: =IF(OR(AS35="",AP35=""),"",AS35*AP35) -> 651.2 | AA35: =IF(Z35="","",Z35*K35) -> 1302.4 | AB35: =IF(OR(Y35="",AA35=""),"",Y35/AA35) -> 0.6246136 | AC35: =IF(OR(W35="",AT35=""),"",AT35*(W35/K35)*O35/1000/S35) -> 0.00023273081 | AD35: =IF(W35="","",IFERROR(IF(INDEX('Design Basis'!$C$13:$C$21,MATCH(C35,'Design Basis'!$A$13:$A$21,0))="","",INDEX('Design Basis'!$C$13:$C$21,MATCH(C35,'Design Basis'!$A$13:$A$21,0))),"")) -> 0.03 | AE35: =IF(W35="","n/a",IF(AA35="","CHECK",IF(AND(AB35<=1,OR(AC35="",AD35="",AC35<=AD35)),"OK","CHECK"))) -> OK | AF35: =IF(AR35="","",K35*AQ35*PI()/4*AR35^2) -> 9971.4151 | AG35: Input transformer integral to VFD | AI35: =INDEX(Equipment!$D$2:$D$153,MATCH(E35,Equipment!$A$2:$A$153,0)) -> 178 | AJ35: =INDEX(Equipment!$E$2:$E$153,MATCH(E35,Equipment!$A$2:$A$153,0)) -> 58 | AK35: =INDEX(Equipment!$F$2:$F$153,MATCH(E35,Equipment!$A$2:$A$153,0)) -> 0.5 | AL35: =INDEX(Equipment!$D$2:$D$153,MATCH(G35,Equipment!$A$2:$A$153,0)) -> 186 | AM35: =INDEX(Equipment!$E$2:$E$153,MATCH(G35,Equipment!$A$2:$A$153,0)) -> 40 | AN35: =INDEX(Equipment!$F$2:$F$153,MATCH(G35,Equipment!$A$2:$A$153,0)) -> 0.5 | AO35: =IF(INDEX(Raceways!$D$2:$D$18,MATCH(L35,Raceways!$A$2:$A$18,0))="",0,INDEX(Raceways!$D$2:$D$18,MATCH(L35,Raceways!$A$2:$A$18,0))) -> 6 | AP35: =IF(INDEX(Raceways!$I$2:$I$18,MATCH(L35,Raceways!$A$2:$A$18,0))="","",INDEX(Raceways!$I$2:$I$18,MATCH(L35,Raceways!$A$2:$A$18,0))) -> 0.88 | AQ35: =INDEX('Cable Types'!$D$2:$D$45,MATCH(I35,'Cable Types'!$A$2:$A$45,0)) -> 3 | AR35: =IF(INDEX('Cable Types'!$E$2:$E$45,MATCH(I35,'Cable Types'!$A$2:$A$45,0))="","",INDEX('Cable Types'!$E$2:$E$45,MATCH(I35,'Cable Types'!$A$2:$A$45,0))) -> 46 | AS35: =IF(INDEX('Cable Types'!$F$2:$F$45,MATCH(I35,'Cable Types'!$A$2:$A$45,0))="","",INDEX('Cable Types'!$F$2:$F$45,MATCH(I35,'Cable Types'!$A$2:$A$45,0))) -> 740 | AT35: =IF(INDEX('Cable Types'!$G$2:$G$45,MATCH(I35,'Cable Types'!$A$2:$A$45,0))="","",INDEX('Cable Types'!$G$2:$G$45,MATCH(I35,'Cable Types'!$A$2:$A$45,0))) -> 0.21
A36: 40-MV-010 | B36: 40 | C36: MV Power | D36: CO2 compressor VFD output to motor | E36: VFD-CO2 | F36: =INDEX(Equipment!$B$2:$B$153,MATCH(E36,Equipment!$A$2:$A$153,0)) -> CO2 compressor MV variable frequency drive, 13.8 kV in / out | G36: M-CO2C | H36: =INDEX(Equipment!$B$2:$B$153,MATCH(G36,Equipment!$A$2:$A$153,0)) -> CO2 compressor motor 14 MW, 13.8 kV (VFD) | I36: MV-1C-750-TPX | J36: =INDEX('Cable Types'!$B$2:$B$45,MATCH(I36,'Cable Types'!$A$2:$A$45,0)) -> 15 kV MV-105 1/C 750 kcmil Cu EPR 133% shielded, Type MC-HL, CCW Al armor (Armor-X type), PVC jkt, triplexed set | K36: 2 | L36: LOCAL | M36: M | O36: =IF(N36<>"",N36,IF(M36="D",ROUNDUP(SQRT((AL36-AI36)^2+(AM36-AJ36)^2+(AN36-AK36)^2)*(1+'Design Basis'!$C$6),0),ROUNDUP((ABS(AL36-AI36)+ABS(AM36-AJ36)+ABS(AO36-AK36)+ABS(AO36-AN36))*(1+'Design Basis'!$C$4)+2*'Design Basis'!$C$5,0))) -> 19 | P36: =ROUND(O36*'Design Basis'!$C$10,0) -> 62 | Q36: =O36*K36*AQ36 -> 114 | R36: =ROUND(Q36*'Design Basis'!$C$10,0) -> 374 | S36: 13800 | T36: 3 | U36: 14000 | V36: 0.9 | W36: =IF(OR(U36="",S36=""),"",IF(T36=3,U36*1000/(SQRT(3)*S36*V36),U36*1000/(S36*V36))) -> 650.7974 | X36: 1.25 | Y36: =IF(W36="","",W36*IF(X36="",1,X36)) -> 813.49676 | Z36: =IF(OR(AS36="",AP36=""),"",AS36*AP36) -> 651.2 | AA36: =IF(Z36="","",Z36*K36) -> 1302.4 | AB36: =IF(OR(Y36="",AA36=""),"",Y36/AA36) -> 0.6246136 | AC36: =IF(OR(W36="",AT36=""),"",AT36*(W36/K36)*O36/1000/S36) -> 9.4082668e-05 | AD36: =IF(W36="","",IFERROR(IF(INDEX('Design Basis'!$C$13:$C$21,MATCH(C36,'Design Basis'!$A$13:$A$21,0))="","",INDEX('Design Basis'!$C$13:$C$21,MATCH(C36,'Design Basis'!$A$13:$A$21,0))),"")) -> 0.03 | AE36: =IF(W36="","n/a",IF(AA36="","CHECK",IF(AND(AB36<=1,OR(AC36="",AD36="",AC36<=AD36)),"OK","CHECK"))) -> OK | AF36: =IF(AR36="","",K36*AQ36*PI()/4*AR36^2) -> 9971.4151 | AG36: VFD output: shielded, symmetrical triplexed sets; confirm insulation for dv/dt with VFD vendor | AI36: =INDEX(Equipment!$D$2:$D$153,MATCH(E36,Equipment!$A$2:$A$153,0)) -> 186 | AJ36: =INDEX(Equipment!$E$2:$E$153,MATCH(E36,Equipment!$A$2:$A$153,0)) -> 40 | AK36: =INDEX(Equipment!$F$2:$F$153,MATCH(E36,Equipment!$A$2:$A$153,0)) -> 0.5 | AL36: =INDEX(Equipment!$D$2:$D$153,MATCH(G36,Equipment!$A$2:$A$153,0)) -> 195 | AM36: =INDEX(Equipment!$E$2:$E$153,MATCH(G36,Equipment!$A$2:$A$153,0)) -> 39 | AN36: =INDEX(Equipment!$F$2:$F$153,MATCH(G36,Equipment!$A$2:$A$153,0)) -> 0.5 | AO36: =IF(INDEX(Raceways!$D$2:$D$18,MATCH(L36,Raceways!$A$2:$A$18,0))="",0,INDEX(Raceways!$D$2:$D$18,MATCH(L36,Raceways!$A$2:$A$18,0))) -> 1 | AP36: =IF(INDEX(Raceways!$I$2:$I$18,MATCH(L36,Raceways!$A$2:$A$18,0))="","",INDEX(Raceways!$I$2:$I$18,MATCH(L36,Raceways!$A$2:$A$18,0))) -> 0.88 | AQ36: =INDEX('Cable Types'!$D$2:$D$45,MATCH(I36,'Cable Types'!$A$2:$A$45,0)) -> 3 | AR36: =IF(INDEX('Cable Types'!$E$2:$E$45,MATCH(I36,'Cable Types'!$A$2:$A$45,0))="","",INDEX('Cable Types'!$E$2:$E$45,MATCH(I36,'Cable Types'!$A$2:$A$45,0))) -> 46 | AS36: =IF(INDEX('Cable Types'!$F$2:$F$45,MATCH(I36,'Cable Types'!$A$2:$A$45,0))="","",INDEX('Cable Types'!$F$2:$F$45,MATCH(I36,'Cable Types'!$A$2:$A$45,0))) -> 740 | AT36: =IF(INDEX('Cable Types'!$G$2:$G$45,MATCH(I36,'Cable Types'!$A$2:$A$45,0))="","",INDEX('Cable Types'!$G$2:$G$45,MATCH(I36,'Cable Types'!$A$2:$A$45,0))) -> 0.21
A37: 40-MV-003 | B37: 40 | C37: MV Power | D37: Lean amine pump A | E37: MVS-CCS | F37: =INDEX(Equipment!$B$2:$B$153,MATCH(E37,Equipment!$A$2:$A$153,0)) -> CCS 13.8 kV switchboard (CCS substation) | G37: M-LAP-A | H37: =INDEX(Equipment!$B$2:$B$153,MATCH(G37,Equipment!$A$2:$A$153,0)) -> Lean amine pump A 800 kW, 13.8 kV | I37: MV-3C-2 | J37: =INDEX('Cable Types'!$B$2:$B$45,MATCH(I37,'Cable Types'!$A$2:$A$45,0)) -> 15 kV MV-105 3/C #2 AWG Cu EPR 133% shielded + GC, Type MC-HL, CCW Al armor (Armor-X type), PVC jkt | K37: 1 | L37: TR-05 | M37: M | O37: =IF(N37<>"",N37,IF(M37="D",ROUNDUP(SQRT((AL37-AI37)^2+(AM37-AJ37)^2+(AN37-AK37)^2)*(1+'Design Basis'!$C$6),0),ROUNDUP((ABS(AL37-AI37)+ABS(AM37-AJ37)+ABS(AO37-AK37)+ABS(AO37-AN37))*(1+'Design Basis'!$C$4)+2*'Design Basis'!$C$5,0))) -> 78 | P37: =ROUND(O37*'Design Basis'!$C$10,0) -> 256 | Q37: =O37*K37*AQ37 -> 78 | R37: =ROUND(Q37*'Design Basis'!$C$10,0) -> 256 | S37: 13800 | T37: 3 | U37: 800 | V37: 0.84 | W37: =IF(OR(U37="",S37=""),"",IF(T37=3,U37*1000/(SQRT(3)*S37*V37),U37*1000/(S37*V37))) -> 39.844739 | X37: 1.25 | Y37: =IF(W37="","",W37*IF(X37="",1,X37)) -> 49.805924 | Z37: =IF(OR(AS37="",AP37=""),"",AS37*AP37) -> 145.2 | AA37: =IF(Z37="","",Z37*K37) -> 145.2 | AB37: =IF(OR(Y37="",AA37=""),"",Y37/AA37) -> 0.343016 | AC37: =IF(OR(W37="",AT37=""),"",AT37*(W37/K37)*O37/1000/S37) -> 0.00024052363 | AD37: =IF(W37="","",IFERROR(IF(INDEX('Design Basis'!$C$13:$C$21,MATCH(C37,'Design Basis'!$A$13:$A$21,0))="","",INDEX('Design Basis'!$C$13:$C$21,MATCH(C37,'Design Basis'!$A$13:$A$21,0))),"")) -> 0.03 | AE37: =IF(W37="","n/a",IF(AA37="","CHECK",IF(AND(AB37<=1,OR(AC37="",AD37="",AC37<=AD37)),"OK","CHECK"))) -> OK | AF37: =IF(AR37="","",K37*AQ37*PI()/4*AR37^2) -> 2922.4666 | AI37: =INDEX(Equipment!$D$2:$D$153,MATCH(E37,Equipment!$A$2:$A$153,0)) -> 178 | AJ37: =INDEX(Equipment!$E$2:$E$153,MATCH(E37,Equipment!$A$2:$A$153,0)) -> 58 | AK37: =INDEX(Equipment!$F$2:$F$153,MATCH(E37,Equipment!$A$2:$A$153,0)) -> 0.5 | AL37: =INDEX(Equipment!$D$2:$D$153,MATCH(G37,Equipment!$A$2:$A$153,0)) -> 186 | AM37: =INDEX(Equipment!$E$2:$E$153,MATCH(G37,Equipment!$A$2:$A$153,0)) -> 12 | AN37: =INDEX(Equipment!$F$2:$F$153,MATCH(G37,Equipment!$A$2:$A$153,0)) -> 0.5 | AO37: =IF(INDEX(Raceways!$D$2:$D$18,MATCH(L37,Raceways!$A$2:$A$18,0))="",0,INDEX(Raceways!$D$2:$D$18,MATCH(L37,Raceways!$A$2:$A$18,0))) -> 6 | AP37: =IF(INDEX(Raceways!$I$2:$I$18,MATCH(L37,Raceways!$A$2:$A$18,0))="","",INDEX(Raceways!$I$2:$I$18,MATCH(L37,Raceways!$A$2:$A$18,0))) -> 0.88 | AQ37: =INDEX('Cable Types'!$D$2:$D$45,MATCH(I37,'Cable Types'!$A$2:$A$45,0)) -> 1 | AR37: =IF(INDEX('Cable Types'!$E$2:$E$45,MATCH(I37,'Cable Types'!$A$2:$A$45,0))="","",INDEX('Cable Types'!$E$2:$E$45,MATCH(I37,'Cable Types'!$A$2:$A$45,0))) -> 61 | AS37: =IF(INDEX('Cable Types'!$F$2:$F$45,MATCH(I37,'Cable Types'!$A$2:$A$45,0))="","",INDEX('Cable Types'!$F$2:$F$45,MATCH(I37,'Cable Types'!$A$2:$A$45,0))) -> 165 | AT37: =IF(INDEX('Cable Types'!$G$2:$G$45,MATCH(I37,'Cable Types'!$A$2:$A$45,0))="","",INDEX('Cable Types'!$G$2:$G$45,MATCH(I37,'Cable Types'!$A$2:$A$45,0))) -> 1.068
A38: 40-MV-004 | B38: 40 | C38: MV Power | D38: Lean amine pump B | E38: MVS-CCS | F38: =INDEX(Equipment!$B$2:$B$153,MATCH(E38,Equipment!$A$2:$A$153,0)) -> CCS 13.8 kV switchboard (CCS substation) | G38: M-LAP-B | H38: =INDEX(Equipment!$B$2:$B$153,MATCH(G38,Equipment!$A$2:$A$153,0)) -> Lean amine pump B 800 kW, 13.8 kV | I38: MV-3C-2 | J38: =INDEX('Cable Types'!$B$2:$B$45,MATCH(I38,'Cable Types'!$A$2:$A$45,0)) -> 15 kV MV-105 3/C #2 AWG Cu EPR 133% shielded + GC, Type MC-HL, CCW Al armor (Armor-X type), PVC jkt | K38: 1 | L38: TR-05 | M38: M | O38: =IF(N38<>"",N38,IF(M38="D",ROUNDUP(SQRT((AL38-AI38)^2+(AM38-AJ38)^2+(AN38-AK38)^2)*(1+'Design Basis'!$C$6),0),ROUNDUP((ABS(AL38-AI38)+ABS(AM38-AJ38)+ABS(AO38-AK38)+ABS(AO38-AN38))*(1+'Design Basis'!$C$4)+2*'Design Basis'!$C$5,0))) -> 75 | P38: =ROUND(O38*'Design Basis'!$C$10,0) -> 246 | Q38: =O38*K38*AQ38 -> 75 | R38: =ROUND(Q38*'Design Basis'!$C$10,0) -> 246 | S38: 13800 | T38: 3 | U38: 800 | V38: 0.84 | W38: =IF(OR(U38="",S38=""),"",IF(T38=3,U38*1000/(SQRT(3)*S38*V38),U38*1000/(S38*V38))) -> 39.844739 | X38: 1.25 | Y38: =IF(W38="","",W38*IF(X38="",1,X38)) -> 49.805924 | Z38: =IF(OR(AS38="",AP38=""),"",AS38*AP38) -> 145.2 | AA38: =IF(Z38="","",Z38*K38) -> 145.2 | AB38: =IF(OR(Y38="",AA38=""),"",Y38/AA38) -> 0.343016 | AC38: =IF(OR(W38="",AT38=""),"",AT38*(W38/K38)*O38/1000/S38) -> 0.00023127272 | AD38: =IF(W38="","",IFERROR(IF(INDEX('Design Basis'!$C$13:$C$21,MATCH(C38,'Design Basis'!$A$13:$A$21,0))="","",INDEX('Design Basis'!$C$13:$C$21,MATCH(C38,'Design Basis'!$A$13:$A$21,0))),"")) -> 0.03 | AE38: =IF(W38="","n/a",IF(AA38="","CHECK",IF(AND(AB38<=1,OR(AC38="",AD38="",AC38<=AD38)),"OK","CHECK"))) -> OK | AF38: =IF(AR38="","",K38*AQ38*PI()/4*AR38^2) -> 2922.4666 | AI38: =INDEX(Equipment!$D$2:$D$153,MATCH(E38,Equipment!$A$2:$A$153,0)) -> 178 | AJ38: =INDEX(Equipment!$E$2:$E$153,MATCH(E38,Equipment!$A$2:$A$153,0)) -> 58 | AK38: =INDEX(Equipment!$F$2:$F$153,MATCH(E38,Equipment!$A$2:$A$153,0)) -> 0.5 | AL38: =INDEX(Equipment!$D$2:$D$153,MATCH(G38,Equipment!$A$2:$A$153,0)) -> 186 | AM38: =INDEX(Equipment!$E$2:$E$153,MATCH(G38,Equipment!$A$2:$A$153,0)) -> 15 | AN38: =INDEX(Equipment!$F$2:$F$153,MATCH(G38,Equipment!$A$2:$A$153,0)) -> 0.5 | AO38: =IF(INDEX(Raceways!$D$2:$D$18,MATCH(L38,Raceways!$A$2:$A$18,0))="",0,INDEX(Raceways!$D$2:$D$18,MATCH(L38,Raceways!$A$2:$A$18,0))) -> 6 | AP38: =IF(INDEX(Raceways!$I$2:$I$18,MATCH(L38,Raceways!$A$2:$A$18,0))="","",INDEX(Raceways!$I$2:$I$18,MATCH(L38,Raceways!$A$2:$A$18,0))) -> 0.88 | AQ38: =INDEX('Cable Types'!$D$2:$D$45,MATCH(I38,'Cable Types'!$A$2:$A$45,0)) -> 1 | AR38: =IF(INDEX('Cable Types'!$E$2:$E$45,MATCH(I38,'Cable Types'!$A$2:$A$45,0))="","",INDEX('Cable Types'!$E$2:$E$45,MATCH(I38,'Cable Types'!$A$2:$A$45,0))) -> 61 | AS38: =IF(INDEX('Cable Types'!$F$2:$F$45,MATCH(I38,'Cable Types'!$A$2:$A$45,0))="","",INDEX('Cable Types'!$F$2:$F$45,MATCH(I38,'Cable Types'!$A$2:$A$45,0))) -> 165 | AT38: =IF(INDEX('Cable Types'!$G$2:$G$45,MATCH(I38,'Cable Types'!$A$2:$A$45,0))="","",INDEX('Cable Types'!$G$2:$G$45,MATCH(I38,'Cable Types'!$A$2:$A$45,0))) -> 1.068
A39: 40-MV-005 | B39: 40 | C39: MV Power | D39: Rich amine pump A | E39: MVS-CCS | F39: =INDEX(Equipment!$B$2:$B$153,MATCH(E39,Equipment!$A$2:$A$153,0)) -> CCS 13.8 kV switchboard (CCS substation) | G39: M-RAP-A | H39: =INDEX(Equipment!$B$2:$B$153,MATCH(G39,Equipment!$A$2:$A$153,0)) -> Rich amine pump A 700 kW, 13.8 kV | I39: MV-3C-2 | J39: =INDEX('Cable Types'!$B$2:$B$45,MATCH(I39,'Cable Types'!$A$2:$A$45,0)) -> 15 kV MV-105 3/C #2 AWG Cu EPR 133% shielded + GC, Type MC-HL, CCW Al armor (Armor-X type), PVC jkt | K39: 1 | L39: TR-05 | M39: M | O39: =IF(N39<>"",N39,IF(M39="D",ROUNDUP(SQRT((AL39-AI39)^2+(AM39-AJ39)^2+(AN39-AK39)^2)*(1+'Design Basis'!$C$6),0),ROUNDUP((ABS(AL39-AI39)+ABS(AM39-AJ39)+ABS(AO39-AK39)+ABS(AO39-AN39))*(1+'Design Basis'!$C$4)+2*'Design Basis'!$C$5,0))) -> 69 | P39: =ROUND(O39*'Design Basis'!$C$10,0) -> 226 | Q39: =O39*K39*AQ39 -> 69 | R39: =ROUND(Q39*'Design Basis'!$C$10,0) -> 226 | S39: 13800 | T39: 3 | U39: 700 | V39: 0.84 | W39: =IF(OR(U39="",S39=""),"",IF(T39=3,U39*1000/(SQRT(3)*S39*V39),U39*1000/(S39*V39))) -> 34.864147 | X39: 1.25 | Y39: =IF(W39="","",W39*IF(X39="",1,X39)) -> 43.580183 | Z39: =IF(OR(AS39="",AP39=""),"",AS39*AP39) -> 145.2 | AA39: =IF(Z39="","",Z39*K39) -> 145.2 | AB39: =IF(OR(Y39="",AA39=""),"",Y39/AA39) -> 0.300139 | AC39: =IF(OR(W39="",AT39=""),"",AT39*(W39/K39)*O39/1000/S39) -> 0.00018617454 | AD39: =IF(W39="","",IFERROR(IF(INDEX('Design Basis'!$C$13:$C$21,MATCH(C39,'Design Basis'!$A$13:$A$21,0))="","",INDEX('Design Basis'!$C$13:$C$21,MATCH(C39,'Design Basis'!$A$13:$A$21,0))),"")) -> 0.03 | AE39: =IF(W39="","n/a",IF(AA39="","CHECK",IF(AND(AB39<=1,OR(AC39="",AD39="",AC39<=AD39)),"OK","CHECK"))) -> OK | AF39: =IF(AR39="","",K39*AQ39*PI()/4*AR39^2) -> 2922.4666 | AI39: =INDEX(Equipment!$D$2:$D$153,MATCH(E39,Equipment!$A$2:$A$153,0)) -> 178 | AJ39: =INDEX(Equipment!$E$2:$E$153,MATCH(E39,Equipment!$A$2:$A$153,0)) -> 58 | AK39: =INDEX(Equipment!$F$2:$F$153,MATCH(E39,Equipment!$A$2:$A$153,0)) -> 0.5 | AL39: =INDEX(Equipment!$D$2:$D$153,MATCH(G39,Equipment!$A$2:$A$153,0)) -> 174 | AM39: =INDEX(Equipment!$E$2:$E$153,MATCH(G39,Equipment!$A$2:$A$153,0)) -> 16 | AN39: =INDEX(Equipment!$F$2:$F$153,MATCH(G39,Equipment!$A$2:$A$153,0)) -> 0.5 | AO39: =IF(INDEX(Raceways!$D$2:$D$18,MATCH(L39,Raceways!$A$2:$A$18,0))="",0,INDEX(Raceways!$D$2:$D$18,MATCH(L39,Raceways!$A$2:$A$18,0))) -> 6 | AP39: =IF(INDEX(Raceways!$I$2:$I$18,MATCH(L39,Raceways!$A$2:$A$18,0))="","",INDEX(Raceways!$I$2:$I$18,MATCH(L39,Raceways!$A$2:$A$18,0))) -> 0.88 | AQ39: =INDEX('Cable Types'!$D$2:$D$45,MATCH(I39,'Cable Types'!$A$2:$A$45,0)) -> 1 | AR39: =IF(INDEX('Cable Types'!$E$2:$E$45,MATCH(I39,'Cable Types'!$A$2:$A$45,0))="","",INDEX('Cable Types'!$E$2:$E$45,MATCH(I39,'Cable Types'!$A$2:$A$45,0))) -> 61 | AS39: =IF(INDEX('Cable Types'!$F$2:$F$45,MATCH(I39,'Cable Types'!$A$2:$A$45,0))="","",INDEX('Cable Types'!$F$2:$F$45,MATCH(I39,'Cable Types'!$A$2:$A$45,0))) -> 165 | AT39: =IF(INDEX('Cable Types'!$G$2:$G$45,MATCH(I39,'Cable Types'!$A$2:$A$45,0))="","",INDEX('Cable Types'!$G$2:$G$45,MATCH(I39,'Cable Types'!$A$2:$A$45,0))) -> 1.068
A40: 40-MV-006 | B40: 40 | C40: MV Power | D40: Rich amine pump B | E40: MVS-CCS | F40: =INDEX(Equipment!$B$2:$B$153,MATCH(E40,Equipment!$A$2:$A$153,0)) -> CCS 13.8 kV switchboard (CCS substation) | G40: M-RAP-B | H40: =INDEX(Equipment!$B$2:$B$153,MATCH(G40,Equipment!$A$2:$A$153,0)) -> Rich amine pump B 700 kW, 13.8 kV | I40: MV-3C-2 | J40: =INDEX('Cable Types'!$B$2:$B$45,MATCH(I40,'Cable Types'!$A$2:$A$45,0)) -> 15 kV MV-105 3/C #2 AWG Cu EPR 133% shielded + GC, Type MC-HL, CCW Al armor (Armor-X type), PVC jkt | K40: 1 | L40: TR-05 | M40: M | O40: =IF(N40<>"",N40,IF(M40="D",ROUNDUP(SQRT((AL40-AI40)^2+(AM40-AJ40)^2+(AN40-AK40)^2)*(1+'Design Basis'!$C$6),0),ROUNDUP((ABS(AL40-AI40)+ABS(AM40-AJ40)+ABS(AO40-AK40)+ABS(AO40-AN40))*(1+'Design Basis'!$C$4)+2*'Design Basis'!$C$5,0))) -> 66 | P40: =ROUND(O40*'Design Basis'!$C$10,0) -> 217 | Q40: =O40*K40*AQ40 -> 66 | R40: =ROUND(Q40*'Design Basis'!$C$10,0) -> 217 | S40: 13800 | T40: 3 | U40: 700 | V40: 0.84 | W40: =IF(OR(U40="",S40=""),"",IF(T40=3,U40*1000/(SQRT(3)*S40*V40),U40*1000/(S40*V40))) -> 34.864147 | X40: 1.25 | Y40: =IF(W40="","",W40*IF(X40="",1,X40)) -> 43.580183 | Z40: =IF(OR(AS40="",AP40=""),"",AS40*AP40) -> 145.2 | AA40: =IF(Z40="","",Z40*K40) -> 145.2 | AB40: =IF(OR(Y40="",AA40=""),"",Y40/AA40) -> 0.300139 | AC40: =IF(OR(W40="",AT40=""),"",AT40*(W40/K40)*O40/1000/S40) -> 0.00017808 | AD40: =IF(W40="","",IFERROR(IF(INDEX('Design Basis'!$C$13:$C$21,MATCH(C40,'Design Basis'!$A$13:$A$21,0))="","",INDEX('Design Basis'!$C$13:$C$21,MATCH(C40,'Design Basis'!$A$13:$A$21,0))),"")) -> 0.03 | AE40: =IF(W40="","n/a",IF(AA40="","CHECK",IF(AND(AB40<=1,OR(AC40="",AD40="",AC40<=AD40)),"OK","CHECK"))) -> OK | AF40: =IF(AR40="","",K40*AQ40*PI()/4*AR40^2) -> 2922.4666 | AI40: =INDEX(Equipment!$D$2:$D$153,MATCH(E40,Equipment!$A$2:$A$153,0)) -> 178 | AJ40: =INDEX(Equipment!$E$2:$E$153,MATCH(E40,Equipment!$A$2:$A$153,0)) -> 58 | AK40: =INDEX(Equipment!$F$2:$F$153,MATCH(E40,Equipment!$A$2:$A$153,0)) -> 0.5 | AL40: =INDEX(Equipment!$D$2:$D$153,MATCH(G40,Equipment!$A$2:$A$153,0)) -> 177 | AM40: =INDEX(Equipment!$E$2:$E$153,MATCH(G40,Equipment!$A$2:$A$153,0)) -> 16 | AN40: =INDEX(Equipment!$F$2:$F$153,MATCH(G40,Equipment!$A$2:$A$153,0)) -> 0.5 | AO40: =IF(INDEX(Raceways!$D$2:$D$18,MATCH(L40,Raceways!$A$2:$A$18,0))="",0,INDEX(Raceways!$D$2:$D$18,MATCH(L40,Raceways!$A$2:$A$18,0))) -> 6 | AP40: =IF(INDEX(Raceways!$I$2:$I$18,MATCH(L40,Raceways!$A$2:$A$18,0))="","",INDEX(Raceways!$I$2:$I$18,MATCH(L40,Raceways!$A$2:$A$18,0))) -> 0.88 | AQ40: =INDEX('Cable Types'!$D$2:$D$45,MATCH(I40,'Cable Types'!$A$2:$A$45,0)) -> 1 | AR40: =IF(INDEX('Cable Types'!$E$2:$E$45,MATCH(I40,'Cable Types'!$A$2:$A$45,0))="","",INDEX('Cable Types'!$E$2:$E$45,MATCH(I40,'Cable Types'!$A$2:$A$45,0))) -> 61 | AS40: =IF(INDEX('Cable Types'!$F$2:$F$45,MATCH(I40,'Cable Types'!$A$2:$A$45,0))="","",INDEX('Cable Types'!$F$2:$F$45,MATCH(I40,'Cable Types'!$A$2:$A$45,0))) -> 165 | AT40: =IF(INDEX('Cable Types'!$G$2:$G$45,MATCH(I40,'Cable Types'!$A$2:$A$45,0))="","",INDEX('Cable Types'!$G$2:$G$45,MATCH(I40,'Cable Types'!$A$2:$A$45,0))) -> 1.068
A41: 40-MV-007 | B41: 40 | C41: MV Power | D41: DCC circulation pump A | E41: MVS-CCS | F41: =INDEX(Equipment!$B$2:$B$153,MATCH(E41,Equipment!$A$2:$A$153,0)) -> CCS 13.8 kV switchboard (CCS substation) | G41: M-DCC-A | H41: =INDEX(Equipment!$B$2:$B$153,MATCH(G41,Equipment!$A$2:$A$153,0)) -> Direct contact cooler circulation pump A 400 kW, 13.8 kV | I41: MV-3C-2 | J41: =INDEX('Cable Types'!$B$2:$B$45,MATCH(I41,'Cable Types'!$A$2:$A$45,0)) -> 15 kV MV-105 3/C #2 AWG Cu EPR 133% shielded + GC, Type MC-HL, CCW Al armor (Armor-X type), PVC jkt | K41: 1 | L41: TR-05 | M41: M | O41: =IF(N41<>"",N41,IF(M41="D",ROUNDUP(SQRT((AL41-AI41)^2+(AM41-AJ41)^2+(AN41-AK41)^2)*(1+'Design Basis'!$C$6),0),ROUNDUP((ABS(AL41-AI41)+ABS(AM41-AJ41)+ABS(AO41-AK41)+ABS(AO41-AN41))*(1+'Design Basis'!$C$4)+2*'Design Basis'!$C$5,0))) -> 111 | P41: =ROUND(O41*'Design Basis'!$C$10,0) -> 364 | Q41: =O41*K41*AQ41 -> 111 | R41: =ROUND(Q41*'Design Basis'!$C$10,0) -> 364 | S41: 13800 | T41: 3 | U41: 400 | V41: 0.82 | W41: =IF(OR(U41="",S41=""),"",IF(T41=3,U41*1000/(SQRT(3)*S41*V41),U41*1000/(S41*V41))) -> 20.408281 | X41: 1.25 | Y41: =IF(W41="","",W41*IF(X41="",1,X41)) -> 25.510351 | Z41: =IF(OR(AS41="",AP41=""),"",AS41*AP41) -> 145.2 | AA41: =IF(Z41="","",Z41*K41) -> 145.2 | AB41: =IF(OR(Y41="",AA41=""),"",Y41/AA41) -> 0.17569112 | AC41: =IF(OR(W41="",AT41=""),"",AT41*(W41/K41)*O41/1000/S41) -> 0.00017531601 | AD41: =IF(W41="","",IFERROR(IF(INDEX('Design Basis'!$C$13:$C$21,MATCH(C41,'Design Basis'!$A$13:$A$21,0))="","",INDEX('Design Basis'!$C$13:$C$21,MATCH(C41,'Design Basis'!$A$13:$A$21,0))),"")) -> 0.03 | AE41: =IF(W41="","n/a",IF(AA41="","CHECK",IF(AND(AB41<=1,OR(AC41="",AD41="",AC41<=AD41)),"OK","CHECK"))) -> OK | AF41: =IF(AR41="","",K41*AQ41*PI()/4*AR41^2) -> 2922.4666 | AI41: =INDEX(Equipment!$D$2:$D$153,MATCH(E41,Equipment!$A$2:$A$153,0)) -> 178 | AJ41: =INDEX(Equipment!$E$2:$E$153,MATCH(E41,Equipment!$A$2:$A$153,0)) -> 58 | AK41: =INDEX(Equipment!$F$2:$F$153,MATCH(E41,Equipment!$A$2:$A$153,0)) -> 0.5 | AL41: =INDEX(Equipment!$D$2:$D$153,MATCH(G41,Equipment!$A$2:$A$153,0)) -> 146 | AM41: =INDEX(Equipment!$E$2:$E$153,MATCH(G41,Equipment!$A$2:$A$153,0)) -> 6 | AN41: =INDEX(Equipment!$F$2:$F$153,MATCH(G41,Equipment!$A$2:$A$153,0)) -> 0.5 | AO41: =IF(INDEX(Raceways!$D$2:$D$18,MATCH(L41,Raceways!$A$2:$A$18,0))="",0,INDEX(Raceways!$D$2:$D$18,MATCH(L41,Raceways!$A$2:$A$18,0))) -> 6 | AP41: =IF(INDEX(Raceways!$I$2:$I$18,MATCH(L41,Raceways!$A$2:$A$18,0))="","",INDEX(Raceways!$I$2:$I$18,MATCH(L41,Raceways!$A$2:$A$18,0))) -> 0.88 | AQ41: =INDEX('Cable Types'!$D$2:$D$45,MATCH(I41,'Cable Types'!$A$2:$A$45,0)) -> 1 | AR41: =IF(INDEX('Cable Types'!$E$2:$E$45,MATCH(I41,'Cable Types'!$A$2:$A$45,0))="","",INDEX('Cable Types'!$E$2:$E$45,MATCH(I41,'Cable Types'!$A$2:$A$45,0))) -> 61 | AS41: =IF(INDEX('Cable Types'!$F$2:$F$45,MATCH(I41,'Cable Types'!$A$2:$A$45,0))="","",INDEX('Cable Types'!$F$2:$F$45,MATCH(I41,'Cable Types'!$A$2:$A$45,0))) -> 165 | AT41: =IF(INDEX('Cable Types'!$G$2:$G$45,MATCH(I41,'Cable Types'!$A$2:$A$45,0))="","",INDEX('Cable Types'!$G$2:$G$45,MATCH(I41,'Cable Types'!$A$2:$A$45,0))) -> 1.068
A42: 40-MV-008 | B42: 40 | C42: MV Power | D42: DCC circulation pump B | E42: MVS-CCS | F42: =INDEX(Equipment!$B$2:$B$153,MATCH(E42,Equipment!$A$2:$A$153,0)) -> CCS 13.8 kV switchboard (CCS substation) | G42: M-DCC-B | H42: =INDEX(Equipment!$B$2:$B$153,MATCH(G42,Equipment!$A$2:$A$153,0)) -> Direct contact cooler circulation pump B 400 kW, 13.8 kV | I42: MV-3C-2 | J42: =INDEX('Cable Types'!$B$2:$B$45,MATCH(I42,'Cable Types'!$A$2:$A$45,0)) -> 15 kV MV-105 3/C #2 AWG Cu EPR 133% shielded + GC, Type MC-HL, CCW Al armor (Armor-X type), PVC jkt | K42: 1 | L42: TR-05 | M42: M | O42: =IF(N42<>"",N42,IF(M42="D",ROUNDUP(SQRT((AL42-AI42)^2+(AM42-AJ42)^2+(AN42-AK42)^2)*(1+'Design Basis'!$C$6),0),ROUNDUP((ABS(AL42-AI42)+ABS(AM42-AJ42)+ABS(AO42-AK42)+ABS(AO42-AN42))*(1+'Design Basis'!$C$4)+2*'Design Basis'!$C$5,0))) -> 108 | P42: =ROUND(O42*'Design Basis'!$C$10,0) -> 354 | Q42: =O42*K42*AQ42 -> 108 | R42: =ROUND(Q42*'Design Basis'!$C$10,0) -> 354 | S42: 13800 | T42: 3 | U42: 400 | V42: 0.82 | W42: =IF(OR(U42="",S42=""),"",IF(T42=3,U42*1000/(SQRT(3)*S42*V42),U42*1000/(S42*V42))) -> 20.408281 | X42: 1.25 | Y42: =IF(W42="","",W42*IF(X42="",1,X42)) -> 25.510351 | Z42: =IF(OR(AS42="",AP42=""),"",AS42*AP42) -> 145.2 | AA42: =IF(Z42="","",Z42*K42) -> 145.2 | AB42: =IF(OR(Y42="",AA42=""),"",Y42/AA42) -> 0.17569112 | AC42: =IF(OR(W42="",AT42=""),"",AT42*(W42/K42)*O42/1000/S42) -> 0.00017057774 | AD42: =IF(W42="","",IFERROR(IF(INDEX('Design Basis'!$C$13:$C$21,MATCH(C42,'Design Basis'!$A$13:$A$21,0))="","",INDEX('Design Basis'!$C$13:$C$21,MATCH(C42,'Design Basis'!$A$13:$A$21,0))),"")) -> 0.03 | AE42: =IF(W42="","n/a",IF(AA42="","CHECK",IF(AND(AB42<=1,OR(AC42="",AD42="",AC42<=AD42)),"OK","CHECK"))) -> OK | AF42: =IF(AR42="","",K42*AQ42*PI()/4*AR42^2) -> 2922.4666 | AI42: =INDEX(Equipment!$D$2:$D$153,MATCH(E42,Equipment!$A$2:$A$153,0)) -> 178 | AJ42: =INDEX(Equipment!$E$2:$E$153,MATCH(E42,Equipment!$A$2:$A$153,0)) -> 58 | AK42: =INDEX(Equipment!$F$2:$F$153,MATCH(E42,Equipment!$A$2:$A$153,0)) -> 0.5 | AL42: =INDEX(Equipment!$D$2:$D$153,MATCH(G42,Equipment!$A$2:$A$153,0)) -> 146 | AM42: =INDEX(Equipment!$E$2:$E$153,MATCH(G42,Equipment!$A$2:$A$153,0)) -> 9 | AN42: =INDEX(Equipment!$F$2:$F$153,MATCH(G42,Equipment!$A$2:$A$153,0)) -> 0.5 | AO42: =IF(INDEX(Raceways!$D$2:$D$18,MATCH(L42,Raceways!$A$2:$A$18,0))="",0,INDEX(Raceways!$D$2:$D$18,MATCH(L42,Raceways!$A$2:$A$18,0))) -> 6 | AP42: =IF(INDEX(Raceways!$I$2:$I$18,MATCH(L42,Raceways!$A$2:$A$18,0))="","",INDEX(Raceways!$I$2:$I$18,MATCH(L42,Raceways!$A$2:$A$18,0))) -> 0.88 | AQ42: =INDEX('Cable Types'!$D$2:$D$45,MATCH(I42,'Cable Types'!$A$2:$A$45,0)) -> 1 | AR42: =IF(INDEX('Cable Types'!$E$2:$E$45,MATCH(I42,'Cable Types'!$A$2:$A$45,0))="","",INDEX('Cable Types'!$E$2:$E$45,MATCH(I42,'Cable Types'!$A$2:$A$45,0))) -> 61 | AS42: =IF(INDEX('Cable Types'!$F$2:$F$45,MATCH(I42,'Cable Types'!$A$2:$A$45,0))="","",INDEX('Cable Types'!$F$2:$F$45,MATCH(I42,'Cable Types'!$A$2:$A$45,0))) -> 165 | AT42: =IF(INDEX('Cable Types'!$G$2:$G$45,MATCH(I42,'Cable Types'!$A$2:$A$45,0))="","",INDEX('Cable Types'!$G$2:$G$45,MATCH(I42,'Cable Types'!$A$2:$A$45,0))) -> 1.068
A43: 40-MV-009 | B43: 40 | C43: MV Power | D43: CCS LV transformer LVT-CCS | E43: MVS-CCS | F43: =INDEX(Equipment!$B$2:$B$153,MATCH(E43,Equipment!$A$2:$A$153,0)) -> CCS 13.8 kV switchboard (CCS substation) | G43: LVT-CCS | H43: =INDEX(Equipment!$B$2:$B$153,MATCH(G43,Equipment!$A$2:$A$153,0)) -> CCS LV transformer 13.8/0.48 kV 2.5 MVA | I43: MV-3C-1/0 | J43: =INDEX('Cable Types'!$B$2:$B$45,MATCH(I43,'Cable Types'!$A$2:$A$45,0)) -> 15 kV MV-105 3/C 1/0 AWG Cu EPR 133% shielded + GC, Type MC-HL, CCW Al armor (Armor-X type), PVC jkt | K43: 1 | L43: LOCAL | M43: M | O43: =IF(N43<>"",N43,IF(M43="D",ROUNDUP(SQRT((AL43-AI43)^2+(AM43-AJ43)^2+(AN43-AK43)^2)*(1+'Design Basis'!$C$6),0),ROUNDUP((ABS(AL43-AI43)+ABS(AM43-AJ43)+ABS(AO43-AK43)+ABS(AO43-AN43))*(1+'Design Basis'!$C$4)+2*'Design Basis'!$C$5,0))) -> 14 | P43: =ROUND(O43*'Design Basis'!$C$10,0) -> 46 | Q43: =O43*K43*AQ43 -> 14 | R43: =ROUND(Q43*'Design Basis'!$C$10,0) -> 46 | S43: 13800 | T43: 3 | U43: 2500 | V43: 1 | W43: =IF(OR(U43="",S43=""),"",IF(T43=3,U43*1000/(SQRT(3)*S43*V43),U43*1000/(S43*V43))) -> 104.59244 | X43: 1.25 | Y43: =IF(W43="","",W43*IF(X43="",1,X43)) -> 130.74055 | Z43: =IF(OR(AS43="",AP43=""),"",AS43*AP43) -> 189.2 | AA43: =IF(Z43="","",Z43*K43) -> 189.2 | AB43: =IF(OR(Y43="",AA43=""),"",Y43/AA43) -> 0.69101771 | AC43: =IF(OR(W43="",AT43=""),"",AT43*(W43/K43)*O43/1000/S43) -> 7.5973523e-05 | AD43: =IF(W43="","",IFERROR(IF(INDEX('Design Basis'!$C$13:$C$21,MATCH(C43,'Design Basis'!$A$13:$A$21,0))="","",INDEX('Design Basis'!$C$13:$C$21,MATCH(C43,'Design Basis'!$A$13:$A$21,0))),"")) -> 0.03 | AE43: =IF(W43="","n/a",IF(AA43="","CHECK",IF(AND(AB43<=1,OR(AC43="",AD43="",AC43<=AD43)),"OK","CHECK"))) -> OK | AF43: =IF(AR43="","",K43*AQ43*PI()/4*AR43^2) -> 3421.1944 | AI43: =INDEX(Equipment!$D$2:$D$153,MATCH(E43,Equipment!$A$2:$A$153,0)) -> 178 | AJ43: =INDEX(Equipment!$E$2:$E$153,MATCH(E43,Equipment!$A$2:$A$153,0)) -> 58 | AK43: =INDEX(Equipment!$F$2:$F$153,MATCH(E43,Equipment!$A$2:$A$153,0)) -> 0.5 | AL43: =INDEX(Equipment!$D$2:$D$153,MATCH(G43,Equipment!$A$2:$A$153,0)) -> 182 | AM43: =INDEX(Equipment!$E$2:$E$153,MATCH(G43,Equipment!$A$2:$A$153,0)) -> 60 | AN43: =INDEX(Equipment!$F$2:$F$153,MATCH(G43,Equipment!$A$2:$A$153,0)) -> 0.5 | AO43: =IF(INDEX(Raceways!$D$2:$D$18,MATCH(L43,Raceways!$A$2:$A$18,0))="",0,INDEX(Raceways!$D$2:$D$18,MATCH(L43,Raceways!$A$2:$A$18,0))) -> 1 | AP43: =IF(INDEX(Raceways!$I$2:$I$18,MATCH(L43,Raceways!$A$2:$A$18,0))="","",INDEX(Raceways!$I$2:$I$18,MATCH(L43,Raceways!$A$2:$A$18,0))) -> 0.88 | AQ43: =INDEX('Cable Types'!$D$2:$D$45,MATCH(I43,'Cable Types'!$A$2:$A$45,0)) -> 1 | AR43: =IF(INDEX('Cable Types'!$E$2:$E$45,MATCH(I43,'Cable Types'!$A$2:$A$45,0))="","",INDEX('Cable Types'!$E$2:$E$45,MATCH(I43,'Cable Types'!$A$2:$A$45,0))) -> 66 | AS43: =IF(INDEX('Cable Types'!$F$2:$F$45,MATCH(I43,'Cable Types'!$A$2:$A$45,0))="","",INDEX('Cable Types'!$F$2:$F$45,MATCH(I43,'Cable Types'!$A$2:$A$45,0))) -> 215 | AT43: =IF(INDEX('Cable Types'!$G$2:$G$45,MATCH(I43,'Cable Types'!$A$2:$A$45,0))="","",INDEX('Cable Types'!$G$2:$G$45,MATCH(I43,'Cable Types'!$A$2:$A$45,0))) -> 0.716
A44: 50-MV-001 | B44: 50 | C44: MV Power | D44: Genset 1 to collector switchgear | E44: GEN-R01 | F44: =INDEX(Equipment!$B$2:$B$153,MATCH(E44,Equipment!$A$2:$A$153,0)) -> Gas engine genset 1 (40 ft container) 2.5 MVA, 13.8 kV - terminal box | G44: MVS-RICE | H44: =INDEX(Equipment!$B$2:$B$153,MATCH(G44,Equipment!$A$2:$A$153,0)) -> RICE 13.8 kV collector switchgear e-house | I44: MV-3C-2 | J44: =INDEX('Cable Types'!$B$2:$B$45,MATCH(I44,'Cable Types'!$A$2:$A$45,0)) -> 15 kV MV-105 3/C #2 AWG Cu EPR 133% shielded + GC, Type MC-HL, CCW Al armor (Armor-X type), PVC jkt | K44: 1 | L44: TR-04 | M44: M | O44: =IF(N44<>"",N44,IF(M44="D",ROUNDUP(SQRT((AL44-AI44)^2+(AM44-AJ44)^2+(AN44-AK44)^2)*(1+'Design Basis'!$C$6),0),ROUNDUP((ABS(AL44-AI44)+ABS(AM44-AJ44)+ABS(AO44-AK44)+ABS(AO44-AN44))*(1+'Design Basis'!$C$4)+2*'Design Basis'!$C$5,0))) -> 52 | P44: =ROUND(O44*'Design Basis'!$C$10,0) -> 171 | Q44: =O44*K44*AQ44 -> 52 | R44: =ROUND(Q44*'Design Basis'!$C$10,0) -> 171 | S44: 13800 | T44: 3 | U44: 2500 | V44: 1 | W44: =IF(OR(U44="",S44=""),"",IF(T44=3,U44*1000/(SQRT(3)*S44*V44),U44*1000/(S44*V44))) -> 104.59244 | X44: 1.15 | Y44: =IF(W44="","",W44*IF(X44="",1,X44)) -> 120.28131 | Z44: =IF(OR(AS44="",AP44=""),"",AS44*AP44) -> 145.2 | AA44: =IF(Z44="","",Z44*K44) -> 145.2 | AB44: =IF(OR(Y44="",AA44=""),"",Y44/AA44) -> 0.82838365 | AC44: =IF(OR(W44="",AT44=""),"",AT44*(W44/K44)*O44/1000/S44) -> 0.00042091636 | AD44: =IF(W44="","",IFERROR(IF(INDEX('Design Basis'!$C$13:$C$21,MATCH(C44,'Design Basis'!$A$13:$A$21,0))="","",INDEX('Design Basis'!$C$13:$C$21,MATCH(C44,'Design Basis'!$A$13:$A$21,0))),"")) -> 0.03 | AE44: =IF(W44="","n/a",IF(AA44="","CHECK",IF(AND(AB44<=1,OR(AC44="",AD44="",AC44<=AD44)),"OK","CHECK"))) -> OK | AF44: =IF(AR44="","",K44*AQ44*PI()/4*AR44^2) -> 2922.4666 | AG44: Generator: 115% (NEC 445.13); load in kVA | AI44: =INDEX(Equipment!$D$2:$D$153,MATCH(E44,Equipment!$A$2:$A$153,0)) -> 2.2 | AJ44: =INDEX(Equipment!$E$2:$E$153,MATCH(E44,Equipment!$A$2:$A$153,0)) -> 71.45 | AK44: =INDEX(Equipment!$F$2:$F$153,MATCH(E44,Equipment!$A$2:$A$153,0)) -> 1.5 | AL44: =INDEX(Equipment!$D$2:$D$153,MATCH(G44,Equipment!$A$2:$A$153,0)) -> 12 | AM44: =INDEX(Equipment!$E$2:$E$153,MATCH(G44,Equipment!$A$2:$A$153,0)) -> 99 | AN44: =INDEX(Equipment!$F$2:$F$153,MATCH(G44,Equipment!$A$2:$A$153,0)) -> 0.5 | AO44: =IF(INDEX(Raceways!$D$2:$D$18,MATCH(L44,Raceways!$A$2:$A$18,0))="",0,INDEX(Raceways!$D$2:$D$18,MATCH(L44,Raceways!$A$2:$A$18,0))) -> 3 | AP44: =IF(INDEX(Raceways!$I$2:$I$18,MATCH(L44,Raceways!$A$2:$A$18,0))="","",INDEX(Raceways!$I$2:$I$18,MATCH(L44,Raceways!$A$2:$A$18,0))) -> 0.88 | AQ44: =INDEX('Cable Types'!$D$2:$D$45,MATCH(I44,'Cable Types'!$A$2:$A$45,0)) -> 1 | AR44: =IF(INDEX('Cable Types'!$E$2:$E$45,MATCH(I44,'Cable Types'!$A$2:$A$45,0))="","",INDEX('Cable Types'!$E$2:$E$45,MATCH(I44,'Cable Types'!$A$2:$A$45,0))) -> 61 | AS44: =IF(INDEX('Cable Types'!$F$2:$F$45,MATCH(I44,'Cable Types'!$A$2:$A$45,0))="","",INDEX('Cable Types'!$F$2:$F$45,MATCH(I44,'Cable Types'!$A$2:$A$45,0))) -> 165 | AT44: =IF(INDEX('Cable Types'!$G$2:$G$45,MATCH(I44,'Cable Types'!$A$2:$A$45,0))="","",INDEX('Cable Types'!$G$2:$G$45,MATCH(I44,'Cable Types'!$A$2:$A$45,0))) -> 1.068
A45: 50-MV-002 | B45: 50 | C45: MV Power | D45: Genset 2 to collector switchgear | E45: GEN-R02 | F45: =INDEX(Equipment!$B$2:$B$153,MATCH(E45,Equipment!$A$2:$A$153,0)) -> Gas engine genset 2 (40 ft container) 2.5 MVA, 13.8 kV - terminal box | G45: MVS-RICE | H45: =INDEX(Equipment!$B$2:$B$153,MATCH(G45,Equipment!$A$2:$A$153,0)) -> RICE 13.8 kV collector switchgear e-house | I45: MV-3C-2 | J45: =INDEX('Cable Types'!$B$2:$B$45,MATCH(I45,'Cable Types'!$A$2:$A$45,0)) -> 15 kV MV-105 3/C #2 AWG Cu EPR 133% shielded + GC, Type MC-HL, CCW Al armor (Armor-X type), PVC jkt | K45: 1 | L45: TR-04 | M45: M | O45: =IF(N45<>"",N45,IF(M45="D",ROUNDUP(SQRT((AL45-AI45)^2+(AM45-AJ45)^2+(AN45-AK45)^2)*(1+'Design Basis'!$C$6),0),ROUNDUP((ABS(AL45-AI45)+ABS(AM45-AJ45)+ABS(AO45-AK45)+ABS(AO45-AN45))*(1+'Design Basis'!$C$4)+2*'Design Basis'!$C$5,0))) -> 47 | P45: =ROUND(O45*'Design Basis'!$C$10,0) -> 154 | Q45: =O45*K45*AQ45 -> 47 | R45: =ROUND(Q45*'Design Basis'!$C$10,0) -> 154 | S45: 13800 | T45: 3 | U45: 2500 | V45: 1 | W45: =IF(OR(U45="",S45=""),"",IF(T45=3,U45*1000/(SQRT(3)*S45*V45),U45*1000/(S45*V45))) -> 104.59244 | X45: 1.15 | Y45: =IF(W45="","",W45*IF(X45="",1,X45)) -> 120.28131 | Z45: =IF(OR(AS45="",AP45=""),"",AS45*AP45) -> 145.2 | AA45: =IF(Z45="","",Z45*K45) -> 145.2 | AB45: =IF(OR(Y45="",AA45=""),"",Y45/AA45) -> 0.82838365 | AC45: =IF(OR(W45="",AT45=""),"",AT45*(W45/K45)*O45/1000/S45) -> 0.00038044363 | AD45: =IF(W45="","",IFERROR(IF(INDEX('Design Basis'!$C$13:$C$21,MATCH(C45,'Design Basis'!$A$13:$A$21,0))="","",INDEX('Design Basis'!$C$13:$C$21,MATCH(C45,'Design Basis'!$A$13:$A$21,0))),"")) -> 0.03 | AE45: =IF(W45="","n/a",IF(AA45="","CHECK",IF(AND(AB45<=1,OR(AC45="",AD45="",AC45<=AD45)),"OK","CHECK"))) -> OK | AF45: =IF(AR45="","",K45*AQ45*PI()/4*AR45^2) -> 2922.4666 | AG45: Generator: 115% (NEC 445.13); load in kVA | AI45: =INDEX(Equipment!$D$2:$D$153,MATCH(E45,Equipment!$A$2:$A$153,0)) -> 2.2 | AJ45: =INDEX(Equipment!$E$2:$E$153,MATCH(E45,Equipment!$A$2:$A$153,0)) -> 75.65 | AK45: =INDEX(Equipment!$F$2:$F$153,MATCH(E45,Equipment!$A$2:$A$153,0)) -> 1.5 | AL45: =INDEX(Equipment!$D$2:$D$153,MATCH(G45,Equipment!$A$2:$A$153,0)) -> 12 | AM45: =INDEX(Equipment!$E$2:$E$153,MATCH(G45,Equipment!$A$2:$A$153,0)) -> 99 | AN45: =INDEX(Equipment!$F$2:$F$153,MATCH(G45,Equipment!$A$2:$A$153,0)) -> 0.5 | AO45: =IF(INDEX(Raceways!$D$2:$D$18,MATCH(L45,Raceways!$A$2:$A$18,0))="",0,INDEX(Raceways!$D$2:$D$18,MATCH(L45,Raceways!$A$2:$A$18,0))) -> 3 | AP45: =IF(INDEX(Raceways!$I$2:$I$18,MATCH(L45,Raceways!$A$2:$A$18,0))="","",INDEX(Raceways!$I$2:$I$18,MATCH(L45,Raceways!$A$2:$A$18,0))) -> 0.88 | AQ45: =INDEX('Cable Types'!$D$2:$D$45,MATCH(I45,'Cable Types'!$A$2:$A$45,0)) -> 1 | AR45: =IF(INDEX('Cable Types'!$E$2:$E$45,MATCH(I45,'Cable Types'!$A$2:$A$45,0))="","",INDEX('Cable Types'!$E$2:$E$45,MATCH(I45,'Cable Types'!$A$2:$A$45,0))) -> 61 | AS45: =IF(INDEX('Cable Types'!$F$2:$F$45,MATCH(I45,'Cable Types'!$A$2:$A$45,0))="","",INDEX('Cable Types'!$F$2:$F$45,MATCH(I45,'Cable Types'!$A$2:$A$45,0))) -> 165 | AT45: =IF(INDEX('Cable Types'!$G$2:$G$45,MATCH(I45,'Cable Types'!$A$2:$A$45,0))="","",INDEX('Cable Types'!$G$2:$G$45,MATCH(I45,'Cable Types'!$A$2:$A$45,0))) -> 1.068
A46: 50-MV-003 | B46: 50 | C46: MV Power | D46: Genset 3 to collector switchgear | E46: GEN-R03 | F46: =INDEX(Equipment!$B$2:$B$153,MATCH(E46,Equipment!$A$2:$A$153,0)) -> Gas engine genset 3 (40 ft container) 2.5 MVA, 13.8 kV - terminal box | G46: MVS-RICE | H46: =INDEX(Equipment!$B$2:$B$153,MATCH(G46,Equipment!$A$2:$A$153,0)) -> RICE 13.8 kV collector switchgear e-house | I46: MV-3C-2 | J46: =INDEX('Cable Types'!$B$2:$B$45,MATCH(I46,'Cable Types'!$A$2:$A$45,0)) -> 15 kV MV-105 3/C #2 AWG Cu EPR 133% shielded + GC, Type MC-HL, CCW Al armor (Armor-X type), PVC jkt | K46: 1 | L46: TR-04 | M46: M | O46: =IF(N46<>"",N46,IF(M46="D",ROUNDUP(SQRT((AL46-AI46)^2+(AM46-AJ46)^2+(AN46-AK46)^2)*(1+'Design Basis'!$C$6),0),ROUNDUP((ABS(AL46-AI46)+ABS(AM46-AJ46)+ABS(AO46-AK46)+ABS(AO46-AN46))*(1+'Design Basis'!$C$4)+2*'Design Basis'!$C$5,0))) -> 43 | P46: =ROUND(O46*'Design Basis'!$C$10,0) -> 141 | Q46: =O46*K46*AQ46 -> 43 | R46: =ROUND(Q46*'Design Basis'!$C$10,0) -> 141 | S46: 13800 | T46: 3 | U46: 2500 | V46: 1 | W46: =IF(OR(U46="",S46=""),"",IF(T46=3,U46*1000/(SQRT(3)*S46*V46),U46*1000/(S46*V46))) -> 104.59244 | X46: 1.15 | Y46: =IF(W46="","",W46*IF(X46="",1,X46)) -> 120.28131 | Z46: =IF(OR(AS46="",AP46=""),"",AS46*AP46) -> 145.2 | AA46: =IF(Z46="","",Z46*K46) -> 145.2 | AB46: =IF(OR(Y46="",AA46=""),"",Y46/AA46) -> 0.82838365 | AC46: =IF(OR(W46="",AT46=""),"",AT46*(W46/K46)*O46/1000/S46) -> 0.00034806545 | AD46: =IF(W46="","",IFERROR(IF(INDEX('Design Basis'!$C$13:$C$21,MATCH(C46,'Design Basis'!$A$13:$A$21,0))="","",INDEX('Design Basis'!$C$13:$C$21,MATCH(C46,'Design Basis'!$A$13:$A$21,0))),"")) -> 0.03 | AE46: =IF(W46="","n/a",IF(AA46="","CHECK",IF(AND(AB46<=1,OR(AC46="",AD46="",AC46<=AD46)),"OK","CHECK"))) -> OK | AF46: =IF(AR46="","",K46*AQ46*PI()/4*AR46^2) -> 2922.4666 | AG46: Generator: 115% (NEC 445.13); load in kVA | AI46: =INDEX(Equipment!$D$2:$D$153,MATCH(E46,Equipment!$A$2:$A$153,0)) -> 2.2 | AJ46: =INDEX(Equipment!$E$2:$E$153,MATCH(E46,Equipment!$A$2:$A$153,0)) -> 79.85 | AK46: =INDEX(Equipment!$F$2:$F$153,MATCH(E46,Equipment!$A$2:$A$153,0)) -> 1.5 | AL46: =INDEX(Equipment!$D$2:$D$153,MATCH(G46,Equipment!$A$2:$A$153,0)) -> 12 | AM46: =INDEX(Equipment!$E$2:$E$153,MATCH(G46,Equipment!$A$2:$A$153,0)) -> 99 | AN46: =INDEX(Equipment!$F$2:$F$153,MATCH(G46,Equipment!$A$2:$A$153,0)) -> 0.5 | AO46: =IF(INDEX(Raceways!$D$2:$D$18,MATCH(L46,Raceways!$A$2:$A$18,0))="",0,INDEX(Raceways!$D$2:$D$18,MATCH(L46,Raceways!$A$2:$A$18,0))) -> 3 | AP46: =IF(INDEX(Raceways!$I$2:$I$18,MATCH(L46,Raceways!$A$2:$A$18,0))="","",INDEX(Raceways!$I$2:$I$18,MATCH(L46,Raceways!$A$2:$A$18,0))) -> 0.88 | AQ46: =INDEX('Cable Types'!$D$2:$D$45,MATCH(I46,'Cable Types'!$A$2:$A$45,0)) -> 1 | AR46: =IF(INDEX('Cable Types'!$E$2:$E$45,MATCH(I46,'Cable Types'!$A$2:$A$45,0))="","",INDEX('Cable Types'!$E$2:$E$45,MATCH(I46,'Cable Types'!$A$2:$A$45,0))) -> 61 | AS46: =IF(INDEX('Cable Types'!$F$2:$F$45,MATCH(I46,'Cable Types'!$A$2:$A$45,0))="","",INDEX('Cable Types'!$F$2:$F$45,MATCH(I46,'Cable Types'!$A$2:$A$45,0))) -> 165 | AT46: =IF(INDEX('Cable Types'!$G$2:$G$45,MATCH(I46,'Cable Types'!$A$2:$A$45,0))="","",INDEX('Cable Types'!$G$2:$G$45,MATCH(I46,'Cable Types'!$A$2:$A$45,0))) -> 1.068
A47: 50-MV-004 | B47: 50 | C47: MV Power | D47: Genset 4 to collector switchgear | E47: GEN-R04 | F47: =INDEX(Equipment!$B$2:$B$153,MATCH(E47,Equipment!$A$2:$A$153,0)) -> Gas engine genset 4 (40 ft container) 2.5 MVA, 13.8 kV - terminal box | G47: MVS-RICE | H47: =INDEX(Equipment!$B$2:$B$153,MATCH(G47,Equipment!$A$2:$A$153,0)) -> RICE 13.8 kV collector switchgear e-house | I47: MV-3C-2 | J47: =INDEX('Cable Types'!$B$2:$B$45,MATCH(I47,'Cable Types'!$A$2:$A$45,0)) -> 15 kV MV-105 3/C #2 AWG Cu EPR 133% shielded + GC, Type MC-HL, CCW Al armor (Armor-X type), PVC jkt | K47: 1 | L47: TR-04 | M47: M | O47: =IF(N47<>"",N47,IF(M47="D",ROUNDUP(SQRT((AL47-AI47)^2+(AM47-AJ47)^2+(AN47-AK47)^2)*(1+'Design Basis'!$C$6),0),ROUNDUP((ABS(AL47-AI47)+ABS(AM47-AJ47)+ABS(AO47-AK47)+ABS(AO47-AN47))*(1+'Design Basis'!$C$4)+2*'Design Basis'!$C$5,0))) -> 38 | P47: =ROUND(O47*'Design Basis'!$C$10,0) -> 125 | Q47: =O47*K47*AQ47 -> 38 | R47: =ROUND(Q47*'Design Basis'!$C$10,0) -> 125 | S47: 13800 | T47: 3 | U47: 2500 | V47: 1 | W47: =IF(OR(U47="",S47=""),"",IF(T47=3,U47*1000/(SQRT(3)*S47*V47),U47*1000/(S47*V47))) -> 104.59244 | X47: 1.15 | Y47: =IF(W47="","",W47*IF(X47="",1,X47)) -> 120.28131 | Z47: =IF(OR(AS47="",AP47=""),"",AS47*AP47) -> 145.2 | AA47: =IF(Z47="","",Z47*K47) -> 145.2 | AB47: =IF(OR(Y47="",AA47=""),"",Y47/AA47) -> 0.82838365 | AC47: =IF(OR(W47="",AT47=""),"",AT47*(W47/K47)*O47/1000/S47) -> 0.00030759272 | AD47: =IF(W47="","",IFERROR(IF(INDEX('Design Basis'!$C$13:$C$21,MATCH(C47,'Design Basis'!$A$13:$A$21,0))="","",INDEX('Design Basis'!$C$13:$C$21,MATCH(C47,'Design Basis'!$A$13:$A$21,0))),"")) -> 0.03 | AE47: =IF(W47="","n/a",IF(AA47="","CHECK",IF(AND(AB47<=1,OR(AC47="",AD47="",AC47<=AD47)),"OK","CHECK"))) -> OK | AF47: =IF(AR47="","",K47*AQ47*PI()/4*AR47^2) -> 2922.4666 | AG47: Generator: 115% (NEC 445.13); load in kVA | AI47: =INDEX(Equipment!$D$2:$D$153,MATCH(E47,Equipment!$A$2:$A$153,0)) -> 2.2 | AJ47: =INDEX(Equipment!$E$2:$E$153,MATCH(E47,Equipment!$A$2:$A$153,0)) -> 84.05 | AK47: =INDEX(Equipment!$F$2:$F$153,MATCH(E47,Equipment!$A$2:$A$153,0)) -> 1.5 | AL47: =INDEX(Equipment!$D$2:$D$153,MATCH(G47,Equipment!$A$2:$A$153,0)) -> 12 | AM47: =INDEX(Equipment!$E$2:$E$153,MATCH(G47,Equipment!$A$2:$A$153,0)) -> 99 | AN47: =INDEX(Equipment!$F$2:$F$153,MATCH(G47,Equipment!$A$2:$A$153,0)) -> 0.5 | AO47: =IF(INDEX(Raceways!$D$2:$D$18,MATCH(L47,Raceways!$A$2:$A$18,0))="",0,INDEX(Raceways!$D$2:$D$18,MATCH(L47,Raceways!$A$2:$A$18,0))) -> 3 | AP47: =IF(INDEX(Raceways!$I$2:$I$18,MATCH(L47,Raceways!$A$2:$A$18,0))="","",INDEX(Raceways!$I$2:$I$18,MATCH(L47,Raceways!$A$2:$A$18,0))) -> 0.88 | AQ47: =INDEX('Cable Types'!$D$2:$D$45,MATCH(I47,'Cable Types'!$A$2:$A$45,0)) -> 1 | AR47: =IF(INDEX('Cable Types'!$E$2:$E$45,MATCH(I47,'Cable Types'!$A$2:$A$45,0))="","",INDEX('Cable Types'!$E$2:$E$45,MATCH(I47,'Cable Types'!$A$2:$A$45,0))) -> 61 | AS47: =IF(INDEX('Cable Types'!$F$2:$F$45,MATCH(I47,'Cable Types'!$A$2:$A$45,0))="","",INDEX('Cable Types'!$F$2:$F$45,MATCH(I47,'Cable Types'!$A$2:$A$45,0))) -> 165 | AT47: =IF(INDEX('Cable Types'!$G$2:$G$45,MATCH(I47,'Cable Types'!$A$2:$A$45,0))="","",INDEX('Cable Types'!$G$2:$G$45,MATCH(I47,'Cable Types'!$A$2:$A$45,0))) -> 1.068
A48: 50-MV-005 | B48: 50 | C48: MV Power | D48: Genset 5 to collector switchgear | E48: GEN-R05 | F48: =INDEX(Equipment!$B$2:$B$153,MATCH(E48,Equipment!$A$2:$A$153,0)) -> Gas engine genset 5 (40 ft container) 2.5 MVA, 13.8 kV - terminal box | G48: MVS-RICE | H48: =INDEX(Equipment!$B$2:$B$153,MATCH(G48,Equipment!$A$2:$A$153,0)) -> RICE 13.8 kV collector switchgear e-house | I48: MV-3C-2 | J48: =INDEX('Cable Types'!$B$2:$B$45,MATCH(I48,'Cable Types'!$A$2:$A$45,0)) -> 15 kV MV-105 3/C #2 AWG Cu EPR 133% shielded + GC, Type MC-HL, CCW Al armor (Armor-X type), PVC jkt | K48: 1 | L48: TR-04 | M48: M | O48: =IF(N48<>"",N48,IF(M48="D",ROUNDUP(SQRT((AL48-AI48)^2+(AM48-AJ48)^2+(AN48-AK48)^2)*(1+'Design Basis'!$C$6),0),ROUNDUP((ABS(AL48-AI48)+ABS(AM48-AJ48)+ABS(AO48-AK48)+ABS(AO48-AN48))*(1+'Design Basis'!$C$4)+2*'Design Basis'!$C$5,0))) -> 34 | P48: =ROUND(O48*'Design Basis'!$C$10,0) -> 112 | Q48: =O48*K48*AQ48 -> 34 | R48: =ROUND(Q48*'Design Basis'!$C$10,0) -> 112 | S48: 13800 | T48: 3 | U48: 2500 | V48: 1 | W48: =IF(OR(U48="",S48=""),"",IF(T48=3,U48*1000/(SQRT(3)*S48*V48),U48*1000/(S48*V48))) -> 104.59244 | X48: 1.15 | Y48: =IF(W48="","",W48*IF(X48="",1,X48)) -> 120.28131 | Z48: =IF(OR(AS48="",AP48=""),"",AS48*AP48) -> 145.2 | AA48: =IF(Z48="","",Z48*K48) -> 145.2 | AB48: =IF(OR(Y48="",AA48=""),"",Y48/AA48) -> 0.82838365 | AC48: =IF(OR(W48="",AT48=""),"",AT48*(W48/K48)*O48/1000/S48) -> 0.00027521454 | AD48: =IF(W48="","",IFERROR(IF(INDEX('Design Basis'!$C$13:$C$21,MATCH(C48,'Design Basis'!$A$13:$A$21,0))="","",INDEX('Design Basis'!$C$13:$C$21,MATCH(C48,'Design Basis'!$A$13:$A$21,0))),"")) -> 0.03 | AE48: =IF(W48="","n/a",IF(AA48="","CHECK",IF(AND(AB48<=1,OR(AC48="",AD48="",AC48<=AD48)),"OK","CHECK"))) -> OK | AF48: =IF(AR48="","",K48*AQ48*PI()/4*AR48^2) -> 2922.4666 | AG48: Generator: 115% (NEC 445.13); load in kVA | AI48: =INDEX(Equipment!$D$2:$D$153,MATCH(E48,Equipment!$A$2:$A$153,0)) -> 2.2 | AJ48: =INDEX(Equipment!$E$2:$E$153,MATCH(E48,Equipment!$A$2:$A$153,0)) -> 88.25 | AK48: =INDEX(Equipment!$F$2:$F$153,MATCH(E48,Equipment!$A$2:$A$153,0)) -> 1.5 | AL48: =INDEX(Equipment!$D$2:$D$153,MATCH(G48,Equipment!$A$2:$A$153,0)) -> 12 | AM48: =INDEX(Equipment!$E$2:$E$153,MATCH(G48,Equipment!$A$2:$A$153,0)) -> 99 | AN48: =INDEX(Equipment!$F$2:$F$153,MATCH(G48,Equipment!$A$2:$A$153,0)) -> 0.5 | AO48: =IF(INDEX(Raceways!$D$2:$D$18,MATCH(L48,Raceways!$A$2:$A$18,0))="",0,INDEX(Raceways!$D$2:$D$18,MATCH(L48,Raceways!$A$2:$A$18,0))) -> 3 | AP48: =IF(INDEX(Raceways!$I$2:$I$18,MATCH(L48,Raceways!$A$2:$A$18,0))="","",INDEX(Raceways!$I$2:$I$18,MATCH(L48,Raceways!$A$2:$A$18,0))) -> 0.88 | AQ48: =INDEX('Cable Types'!$D$2:$D$45,MATCH(I48,'Cable Types'!$A$2:$A$45,0)) -> 1 | AR48: =IF(INDEX('Cable Types'!$E$2:$E$45,MATCH(I48,'Cable Types'!$A$2:$A$45,0))="","",INDEX('Cable Types'!$E$2:$E$45,MATCH(I48,'Cable Types'!$A$2:$A$45,0))) -> 61 | AS48: =IF(INDEX('Cable Types'!$F$2:$F$45,MATCH(I48,'Cable Types'!$A$2:$A$45,0))="","",INDEX('Cable Types'!$F$2:$F$45,MATCH(I48,'Cable Types'!$A$2:$A$45,0))) -> 165 | AT48: =IF(INDEX('Cable Types'!$G$2:$G$45,MATCH(I48,'Cable Types'!$A$2:$A$45,0))="","",INDEX('Cable Types'!$G$2:$G$45,MATCH(I48,'Cable Types'!$A$2:$A$45,0))) -> 1.068
A49: 50-MV-006 | B49: 50 | C49: MV Power | D49: Genset 6 to collector switchgear | E49: GEN-R06 | F49: =INDEX(Equipment!$B$2:$B$153,MATCH(E49,Equipment!$A$2:$A$153,0)) -> Gas engine genset 6 (40 ft container) 2.5 MVA, 13.8 kV - terminal box | G49: MVS-RICE | H49: =INDEX(Equipment!$B$2:$B$153,MATCH(G49,Equipment!$A$2:$A$153,0)) -> RICE 13.8 kV collector switchgear e-house | I49: MV-3C-2 | J49: =INDEX('Cable Types'!$B$2:$B$45,MATCH(I49,'Cable Types'!$A$2:$A$45,0)) -> 15 kV MV-105 3/C #2 AWG Cu EPR 133% shielded + GC, Type MC-HL, CCW Al armor (Armor-X type), PVC jkt | K49: 1 | L49: TR-04 | M49: M | O49: =IF(N49<>"",N49,IF(M49="D",ROUNDUP(SQRT((AL49-AI49)^2+(AM49-AJ49)^2+(AN49-AK49)^2)*(1+'Design Basis'!$C$6),0),ROUNDUP((ABS(AL49-AI49)+ABS(AM49-AJ49)+ABS(AO49-AK49)+ABS(AO49-AN49))*(1+'Design Basis'!$C$4)+2*'Design Basis'!$C$5,0))) -> 29 | P49: =ROUND(O49*'Design Basis'!$C$10,0) -> 95 | Q49: =O49*K49*AQ49 -> 29 | R49: =ROUND(Q49*'Design Basis'!$C$10,0) -> 95 | S49: 13800 | T49: 3 | U49: 2500 | V49: 1 | W49: =IF(OR(U49="",S49=""),"",IF(T49=3,U49*1000/(SQRT(3)*S49*V49),U49*1000/(S49*V49))) -> 104.59244 | X49: 1.15 | Y49: =IF(W49="","",W49*IF(X49="",1,X49)) -> 120.28131 | Z49: =IF(OR(AS49="",AP49=""),"",AS49*AP49) -> 145.2 | AA49: =IF(Z49="","",Z49*K49) -> 145.2 | AB49: =IF(OR(Y49="",AA49=""),"",Y49/AA49) -> 0.82838365 | AC49: =IF(OR(W49="",AT49=""),"",AT49*(W49/K49)*O49/1000/S49) -> 0.00023474182 | AD49: =IF(W49="","",IFERROR(IF(INDEX('Design Basis'!$C$13:$C$21,MATCH(C49,'Design Basis'!$A$13:$A$21,0))="","",INDEX('Design Basis'!$C$13:$C$21,MATCH(C49,'Design Basis'!$A$13:$A$21,0))),"")) -> 0.03 | AE49: =IF(W49="","n/a",IF(AA49="","CHECK",IF(AND(AB49<=1,OR(AC49="",AD49="",AC49<=AD49)),"OK","CHECK"))) -> OK | AF49: =IF(AR49="","",K49*AQ49*PI()/4*AR49^2) -> 2922.4666 | AG49: Generator: 115% (NEC 445.13); load in kVA | AI49: =INDEX(Equipment!$D$2:$D$153,MATCH(E49,Equipment!$A$2:$A$153,0)) -> 2.2 | AJ49: =INDEX(Equipment!$E$2:$E$153,MATCH(E49,Equipment!$A$2:$A$153,0)) -> 92.45 | AK49: =INDEX(Equipment!$F$2:$F$153,MATCH(E49,Equipment!$A$2:$A$153,0)) -> 1.5 | AL49: =INDEX(Equipment!$D$2:$D$153,MATCH(G49,Equipment!$A$2:$A$153,0)) -> 12 | AM49: =INDEX(Equipment!$E$2:$E$153,MATCH(G49,Equipment!$A$2:$A$153,0)) -> 99 | AN49: =INDEX(Equipment!$F$2:$F$153,MATCH(G49,Equipment!$A$2:$A$153,0)) -> 0.5 | AO49: =IF(INDEX(Raceways!$D$2:$D$18,MATCH(L49,Raceways!$A$2:$A$18,0))="",0,INDEX(Raceways!$D$2:$D$18,MATCH(L49,Raceways!$A$2:$A$18,0))) -> 3 | AP49: =IF(INDEX(Raceways!$I$2:$I$18,MATCH(L49,Raceways!$A$2:$A$18,0))="","",INDEX(Raceways!$I$2:$I$18,MATCH(L49,Raceways!$A$2:$A$18,0))) -> 0.88 | AQ49: =INDEX('Cable Types'!$D$2:$D$45,MATCH(I49,'Cable Types'!$A$2:$A$45,0)) -> 1 | AR49: =IF(INDEX('Cable Types'!$E$2:$E$45,MATCH(I49,'Cable Types'!$A$2:$A$45,0))="","",INDEX('Cable Types'!$E$2:$E$45,MATCH(I49,'Cable Types'!$A$2:$A$45,0))) -> 61 | AS49: =IF(INDEX('Cable Types'!$F$2:$F$45,MATCH(I49,'Cable Types'!$A$2:$A$45,0))="","",INDEX('Cable Types'!$F$2:$F$45,MATCH(I49,'Cable Types'!$A$2:$A$45,0))) -> 165 | AT49: =IF(INDEX('Cable Types'!$G$2:$G$45,MATCH(I49,'Cable Types'!$A$2:$A$45,0))="","",INDEX('Cable Types'!$G$2:$G$45,MATCH(I49,'Cable Types'!$A$2:$A$45,0))) -> 1.068
A50: 50-MV-007 | B50: 50 | C50: MV Power | D50: Genset 7 to collector switchgear | E50: GEN-R07 | F50: =INDEX(Equipment!$B$2:$B$153,MATCH(E50,Equipment!$A$2:$A$153,0)) -> Gas engine genset 7 (40 ft container) 2.5 MVA, 13.8 kV - terminal box | G50: MVS-RICE | H50: =INDEX(Equipment!$B$2:$B$153,MATCH(G50,Equipment!$A$2:$A$153,0)) -> RICE 13.8 kV collector switchgear e-house | I50: MV-3C-2 | J50: =INDEX('Cable Types'!$B$2:$B$45,MATCH(I50,'Cable Types'!$A$2:$A$45,0)) -> 15 kV MV-105 3/C #2 AWG Cu EPR 133% shielded + GC, Type MC-HL, CCW Al armor (Armor-X type), PVC jkt | K50: 1 | L50: TR-04 | M50: M | O50: =IF(N50<>"",N50,IF(M50="D",ROUNDUP(SQRT((AL50-AI50)^2+(AM50-AJ50)^2+(AN50-AK50)^2)*(1+'Design Basis'!$C$6),0),ROUNDUP((ABS(AL50-AI50)+ABS(AM50-AJ50)+ABS(AO50-AK50)+ABS(AO50-AN50))*(1+'Design Basis'!$C$4)+2*'Design Basis'!$C$5,0))) -> 24 | P50: =ROUND(O50*'Design Basis'!$C$10,0) -> 79 | Q50: =O50*K50*AQ50 -> 24 | R50: =ROUND(Q50*'Design Basis'!$C$10,0) -> 79 | S50: 13800 | T50: 3 | U50: 2500 | V50: 1 | W50: =IF(OR(U50="",S50=""),"",IF(T50=3,U50*1000/(SQRT(3)*S50*V50),U50*1000/(S50*V50))) -> 104.59244 | X50: 1.15 | Y50: =IF(W50="","",W50*IF(X50="",1,X50)) -> 120.28131 | Z50: =IF(OR(AS50="",AP50=""),"",AS50*AP50) -> 145.2 | AA50: =IF(Z50="","",Z50*K50) -> 145.2 | AB50: =IF(OR(Y50="",AA50=""),"",Y50/AA50) -> 0.82838365 | AC50: =IF(OR(W50="",AT50=""),"",AT50*(W50/K50)*O50/1000/S50) -> 0.00019426909 | AD50: =IF(W50="","",IFERROR(IF(INDEX('Design Basis'!$C$13:$C$21,MATCH(C50,'Design Basis'!$A$13:$A$21,0))="","",INDEX('Design Basis'!$C$13:$C$21,MATCH(C50,'Design Basis'!$A$13:$A$21,0))),"")) -> 0.03 | AE50: =IF(W50="","n/a",IF(AA50="","CHECK",IF(AND(AB50<=1,OR(AC50="",AD50="",AC50<=AD50)),"OK","CHECK"))) -> OK | AF50: =IF(AR50="","",K50*AQ50*PI()/4*AR50^2) -> 2922.4666 | AG50: Generator: 115% (NEC 445.13); load in kVA | AI50: =INDEX(Equipment!$D$2:$D$153,MATCH(E50,Equipment!$A$2:$A$153,0)) -> 2.2 | AJ50: =INDEX(Equipment!$E$2:$E$153,MATCH(E50,Equipment!$A$2:$A$153,0)) -> 96.65 | AK50: =INDEX(Equipment!$F$2:$F$153,MATCH(E50,Equipment!$A$2:$A$153,0)) -> 1.5 | AL50: =INDEX(Equipment!$D$2:$D$153,MATCH(G50,Equipment!$A$2:$A$153,0)) -> 12 | AM50: =INDEX(Equipment!$E$2:$E$153,MATCH(G50,Equipment!$A$2:$A$153,0)) -> 99 | AN50: =INDEX(Equipment!$F$2:$F$153,MATCH(G50,Equipment!$A$2:$A$153,0)) -> 0.5 | AO50: =IF(INDEX(Raceways!$D$2:$D$18,MATCH(L50,Raceways!$A$2:$A$18,0))="",0,INDEX(Raceways!$D$2:$D$18,MATCH(L50,Raceways!$A$2:$A$18,0))) -> 3 | AP50: =IF(INDEX(Raceways!$I$2:$I$18,MATCH(L50,Raceways!$A$2:$A$18,0))="","",INDEX(Raceways!$I$2:$I$18,MATCH(L50,Raceways!$A$2:$A$18,0))) -> 0.88 | AQ50: =INDEX('Cable Types'!$D$2:$D$45,MATCH(I50,'Cable Types'!$A$2:$A$45,0)) -> 1 | AR50: =IF(INDEX('Cable Types'!$E$2:$E$45,MATCH(I50,'Cable Types'!$A$2:$A$45,0))="","",INDEX('Cable Types'!$E$2:$E$45,MATCH(I50,'Cable Types'!$A$2:$A$45,0))) -> 61 | AS50: =IF(INDEX('Cable Types'!$F$2:$F$45,MATCH(I50,'Cable Types'!$A$2:$A$45,0))="","",INDEX('Cable Types'!$F$2:$F$45,MATCH(I50,'Cable Types'!$A$2:$A$45,0))) -> 165 | AT50: =IF(INDEX('Cable Types'!$G$2:$G$45,MATCH(I50,'Cable Types'!$A$2:$A$45,0))="","",INDEX('Cable Types'!$G$2:$G$45,MATCH(I50,'Cable Types'!$A$2:$A$45,0))) -> 1.068
A51: 50-MV-008 | B51: 50 | C51: MV Power | D51: Genset 8 to collector switchgear | E51: GEN-R08 | F51: =INDEX(Equipment!$B$2:$B$153,MATCH(E51,Equipment!$A$2:$A$153,0)) -> Gas engine genset 8 (40 ft container) 2.5 MVA, 13.8 kV - terminal box | G51: MVS-RICE | H51: =INDEX(Equipment!$B$2:$B$153,MATCH(G51,Equipment!$A$2:$A$153,0)) -> RICE 13.8 kV collector switchgear e-house | I51: MV-3C-2 | J51: =INDEX('Cable Types'!$B$2:$B$45,MATCH(I51,'Cable Types'!$A$2:$A$45,0)) -> 15 kV MV-105 3/C #2 AWG Cu EPR 133% shielded + GC, Type MC-HL, CCW Al armor (Armor-X type), PVC jkt | K51: 1 | L51: TR-04 | M51: M | O51: =IF(N51<>"",N51,IF(M51="D",ROUNDUP(SQRT((AL51-AI51)^2+(AM51-AJ51)^2+(AN51-AK51)^2)*(1+'Design Basis'!$C$6),0),ROUNDUP((ABS(AL51-AI51)+ABS(AM51-AJ51)+ABS(AO51-AK51)+ABS(AO51-AN51))*(1+'Design Basis'!$C$4)+2*'Design Basis'!$C$5,0))) -> 24 | P51: =ROUND(O51*'Design Basis'!$C$10,0) -> 79 | Q51: =O51*K51*AQ51 -> 24 | R51: =ROUND(Q51*'Design Basis'!$C$10,0) -> 79 | S51: 13800 | T51: 3 | U51: 2500 | V51: 1 | W51: =IF(OR(U51="",S51=""),"",IF(T51=3,U51*1000/(SQRT(3)*S51*V51),U51*1000/(S51*V51))) -> 104.59244 | X51: 1.15 | Y51: =IF(W51="","",W51*IF(X51="",1,X51)) -> 120.28131 | Z51: =IF(OR(AS51="",AP51=""),"",AS51*AP51) -> 145.2 | AA51: =IF(Z51="","",Z51*K51) -> 145.2 | AB51: =IF(OR(Y51="",AA51=""),"",Y51/AA51) -> 0.82838365 | AC51: =IF(OR(W51="",AT51=""),"",AT51*(W51/K51)*O51/1000/S51) -> 0.00019426909 | AD51: =IF(W51="","",IFERROR(IF(INDEX('Design Basis'!$C$13:$C$21,MATCH(C51,'Design Basis'!$A$13:$A$21,0))="","",INDEX('Design Basis'!$C$13:$C$21,MATCH(C51,'Design Basis'!$A$13:$A$21,0))),"")) -> 0.03 | AE51: =IF(W51="","n/a",IF(AA51="","CHECK",IF(AND(AB51<=1,OR(AC51="",AD51="",AC51<=AD51)),"OK","CHECK"))) -> OK | AF51: =IF(AR51="","",K51*AQ51*PI()/4*AR51^2) -> 2922.4666 | AG51: Generator: 115% (NEC 445.13); load in kVA | AI51: =INDEX(Equipment!$D$2:$D$153,MATCH(E51,Equipment!$A$2:$A$153,0)) -> 2.2 | AJ51: =INDEX(Equipment!$E$2:$E$153,MATCH(E51,Equipment!$A$2:$A$153,0)) -> 100.85 | AK51: =INDEX(Equipment!$F$2:$F$153,MATCH(E51,Equipment!$A$2:$A$153,0)) -> 1.5 | AL51: =INDEX(Equipment!$D$2:$D$153,MATCH(G51,Equipment!$A$2:$A$153,0)) -> 12 | AM51: =INDEX(Equipment!$E$2:$E$153,MATCH(G51,Equipment!$A$2:$A$153,0)) -> 99 | AN51: =INDEX(Equipment!$F$2:$F$153,MATCH(G51,Equipment!$A$2:$A$153,0)) -> 0.5 | AO51: =IF(INDEX(Raceways!$D$2:$D$18,MATCH(L51,Raceways!$A$2:$A$18,0))="",0,INDEX(Raceways!$D$2:$D$18,MATCH(L51,Raceways!$A$2:$A$18,0))) -> 3 | AP51: =IF(INDEX(Raceways!$I$2:$I$18,MATCH(L51,Raceways!$A$2:$A$18,0))="","",INDEX(Raceways!$I$2:$I$18,MATCH(L51,Raceways!$A$2:$A$18,0))) -> 0.88 | AQ51: =INDEX('Cable Types'!$D$2:$D$45,MATCH(I51,'Cable Types'!$A$2:$A$45,0)) -> 1 | AR51: =IF(INDEX('Cable Types'!$E$2:$E$45,MATCH(I51,'Cable Types'!$A$2:$A$45,0))="","",INDEX('Cable Types'!$E$2:$E$45,MATCH(I51,'Cable Types'!$A$2:$A$45,0))) -> 61 | AS51: =IF(INDEX('Cable Types'!$F$2:$F$45,MATCH(I51,'Cable Types'!$A$2:$A$45,0))="","",INDEX('Cable Types'!$F$2:$F$45,MATCH(I51,'Cable Types'!$A$2:$A$45,0))) -> 165 | AT51: =IF(INDEX('Cable Types'!$G$2:$G$45,MATCH(I51,'Cable Types'!$A$2:$A$45,0))="","",INDEX('Cable Types'!$G$2:$G$45,MATCH(I51,'Cable Types'!$A$2:$A$45,0))) -> 1.068
A52: 50-MV-009 | B52: 50 | C52: MV Power | D52: Collector switchgear to RICE step-up transformer LV | E52: MVS-RICE | F52: =INDEX(Equipment!$B$2:$B$153,MATCH(E52,Equipment!$A$2:$A$153,0)) -> RICE 13.8 kV collector switchgear e-house | G52: RICE-TX-LV | H52: =INDEX(Equipment!$B$2:$B$153,MATCH(G52,Equipment!$A$2:$A$153,0)) -> RICE step-up transformer 13.8/230 kV 22 MVA - LV cable box | I52: MV-1C-750-TPX | J52: =INDEX('Cable Types'!$B$2:$B$45,MATCH(I52,'Cable Types'!$A$2:$A$45,0)) -> 15 kV MV-105 1/C 750 kcmil Cu EPR 133% shielded, Type MC-HL, CCW Al armor (Armor-X type), PVC jkt, triplexed set | K52: 2 | L52: LOCAL | M52: M | O52: =IF(N52<>"",N52,IF(M52="D",ROUNDUP(SQRT((AL52-AI52)^2+(AM52-AJ52)^2+(AN52-AK52)^2)*(1+'Design Basis'!$C$6),0),ROUNDUP((ABS(AL52-AI52)+ABS(AM52-AJ52)+ABS(AO52-AK52)+ABS(AO52-AN52))*(1+'Design Basis'!$C$4)+2*'Design Basis'!$C$5,0))) -> 20 | P52: =ROUND(O52*'Design Basis'!$C$10,0) -> 66 | Q52: =O52*K52*AQ52 -> 120 | R52: =ROUND(Q52*'Design Basis'!$C$10,0) -> 394 | S52: 13800 | T52: 3 | U52: 22000 | V52: 1 | W52: =IF(OR(U52="",S52=""),"",IF(T52=3,U52*1000/(SQRT(3)*S52*V52),U52*1000/(S52*V52))) -> 920.41347 | X52: 1 | Y52: =IF(W52="","",W52*IF(X52="",1,X52)) -> 920.41347 | Z52: =IF(OR(AS52="",AP52=""),"",AS52*AP52) -> 651.2 | AA52: =IF(Z52="","",Z52*K52) -> 1302.4 | AB52: =IF(OR(Y52="",AA52=""),"",Y52/AA52) -> 0.70670568 | AC52: =IF(OR(W52="",AT52=""),"",AT52*(W52/K52)*O52/1000/S52) -> 0.00014006292 | AD52: =IF(W52="","",IFERROR(IF(INDEX('Design Basis'!$C$13:$C$21,MATCH(C52,'Design Basis'!$A$13:$A$21,0))="","",INDEX('Design Basis'!$C$13:$C$21,MATCH(C52,'Design Basis'!$A$13:$A$21,0))),"")) -> 0.03 | AE52: =IF(W52="","n/a",IF(AA52="","CHECK",IF(AND(AB52<=1,OR(AC52="",AD52="",AC52<=AD52)),"OK","CHECK"))) -> OK | AF52: =IF(AR52="","",K52*AQ52*PI()/4*AR52^2) -> 9971.4151 | AG52: 2 triplexed sets | AI52: =INDEX(Equipment!$D$2:$D$153,MATCH(E52,Equipment!$A$2:$A$153,0)) -> 12 | AJ52: =INDEX(Equipment!$E$2:$E$153,MATCH(E52,Equipment!$A$2:$A$153,0)) -> 99 | AK52: =INDEX(Equipment!$F$2:$F$153,MATCH(E52,Equipment!$A$2:$A$153,0)) -> 0.5 | AL52: =INDEX(Equipment!$D$2:$D$153,MATCH(G52,Equipment!$A$2:$A$153,0)) -> 14.5 | AM52: =INDEX(Equipment!$E$2:$E$153,MATCH(G52,Equipment!$A$2:$A$153,0)) -> 107.5 | AN52: =INDEX(Equipment!$F$2:$F$153,MATCH(G52,Equipment!$A$2:$A$153,0)) -> 2 | AO52: =IF(INDEX(Raceways!$D$2:$D$18,MATCH(L52,Raceways!$A$2:$A$18,0))="",0,INDEX(Raceways!$D$2:$D$18,MATCH(L52,Raceways!$A$2:$A$18,0))) -> 1 | AP52: =IF(INDEX(Raceways!$I$2:$I$18,MATCH(L52,Raceways!$A$2:$A$18,0))="","",INDEX(Raceways!$I$2:$I$18,MATCH(L52,Raceways!$A$2:$A$18,0))) -> 0.88 | AQ52: =INDEX('Cable Types'!$D$2:$D$45,MATCH(I52,'Cable Types'!$A$2:$A$45,0)) -> 3 | AR52: =IF(INDEX('Cable Types'!$E$2:$E$45,MATCH(I52,'Cable Types'!$A$2:$A$45,0))="","",INDEX('Cable Types'!$E$2:$E$45,MATCH(I52,'Cable Types'!$A$2:$A$45,0))) -> 46 | AS52: =IF(INDEX('Cable Types'!$F$2:$F$45,MATCH(I52,'Cable Types'!$A$2:$A$45,0))="","",INDEX('Cable Types'!$F$2:$F$45,MATCH(I52,'Cable Types'!$A$2:$A$45,0))) -> 740 | AT52: =IF(INDEX('Cable Types'!$G$2:$G$45,MATCH(I52,'Cable Types'!$A$2:$A$45,0))="","",INDEX('Cable Types'!$G$2:$G$45,MATCH(I52,'Cable Types'!$A$2:$A$45,0))) -> 0.21
A53: 50-MV-010 | B53: 50 | C53: MV Power | D53: RICE auxiliary transformer LVT-RICE | E53: MVS-RICE | F53: =INDEX(Equipment!$B$2:$B$153,MATCH(E53,Equipment!$A$2:$A$153,0)) -> RICE 13.8 kV collector switchgear e-house | G53: LVT-RICE | H53: =INDEX(Equipment!$B$2:$B$153,MATCH(G53,Equipment!$A$2:$A$153,0)) -> RICE auxiliary transformer 13.8/0.48 kV 1 MVA | I53: MV-3C-2 | J53: =INDEX('Cable Types'!$B$2:$B$45,MATCH(I53,'Cable Types'!$A$2:$A$45,0)) -> 15 kV MV-105 3/C #2 AWG Cu EPR 133% shielded + GC, Type MC-HL, CCW Al armor (Armor-X type), PVC jkt | K53: 1 | L53: LOCAL | M53: M | O53: =IF(N53<>"",N53,IF(M53="D",ROUNDUP(SQRT((AL53-AI53)^2+(AM53-AJ53)^2+(AN53-AK53)^2)*(1+'Design Basis'!$C$6),0),ROUNDUP((ABS(AL53-AI53)+ABS(AM53-AJ53)+ABS(AO53-AK53)+ABS(AO53-AN53))*(1+'Design Basis'!$C$4)+2*'Design Basis'!$C$5,0))) -> 15 | P53: =ROUND(O53*'Design Basis'!$C$10,0) -> 49 | Q53: =O53*K53*AQ53 -> 15 | R53: =ROUND(Q53*'Design Basis'!$C$10,0) -> 49 | S53: 13800 | T53: 3 | U53: 1000 | V53: 1 | W53: =IF(OR(U53="",S53=""),"",IF(T53=3,U53*1000/(SQRT(3)*S53*V53),U53*1000/(S53*V53))) -> 41.836976 | X53: 1.25 | Y53: =IF(W53="","",W53*IF(X53="",1,X53)) -> 52.29622 | Z53: =IF(OR(AS53="",AP53=""),"",AS53*AP53) -> 145.2 | AA53: =IF(Z53="","",Z53*K53) -> 145.2 | AB53: =IF(OR(Y53="",AA53=""),"",Y53/AA53) -> 0.3601668 | AC53: =IF(OR(W53="",AT53=""),"",AT53*(W53/K53)*O53/1000/S53) -> 4.8567272e-05 | AD53: =IF(W53="","",IFERROR(IF(INDEX('Design Basis'!$C$13:$C$21,MATCH(C53,'Design Basis'!$A$13:$A$21,0))="","",INDEX('Design Basis'!$C$13:$C$21,MATCH(C53,'Design Basis'!$A$13:$A$21,0))),"")) -> 0.03 | AE53: =IF(W53="","n/a",IF(AA53="","CHECK",IF(AND(AB53<=1,OR(AC53="",AD53="",AC53<=AD53)),"OK","CHECK"))) -> OK | AF53: =IF(AR53="","",K53*AQ53*PI()/4*AR53^2) -> 2922.4666 | AI53: =INDEX(Equipment!$D$2:$D$153,MATCH(E53,Equipment!$A$2:$A$153,0)) -> 12 | AJ53: =INDEX(Equipment!$E$2:$E$153,MATCH(E53,Equipment!$A$2:$A$153,0)) -> 99 | AK53: =INDEX(Equipment!$F$2:$F$153,MATCH(E53,Equipment!$A$2:$A$153,0)) -> 0.5 | AL53: =INDEX(Equipment!$D$2:$D$153,MATCH(G53,Equipment!$A$2:$A$153,0)) -> 10 | AM53: =INDEX(Equipment!$E$2:$E$153,MATCH(G53,Equipment!$A$2:$A$153,0)) -> 104 | AN53: =INDEX(Equipment!$F$2:$F$153,MATCH(G53,Equipment!$A$2:$A$153,0)) -> 0.5 | AO53: =IF(INDEX(Raceways!$D$2:$D$18,MATCH(L53,Raceways!$A$2:$A$18,0))="",0,INDEX(Raceways!$D$2:$D$18,MATCH(L53,Raceways!$A$2:$A$18,0))) -> 1 | AP53: =IF(INDEX(Raceways!$I$2:$I$18,MATCH(L53,Raceways!$A$2:$A$18,0))="","",INDEX(Raceways!$I$2:$I$18,MATCH(L53,Raceways!$A$2:$A$18,0))) -> 0.88 | AQ53: =INDEX('Cable Types'!$D$2:$D$45,MATCH(I53,'Cable Types'!$A$2:$A$45,0)) -> 1 | AR53: =IF(INDEX('Cable Types'!$E$2:$E$45,MATCH(I53,'Cable Types'!$A$2:$A$45,0))="","",INDEX('Cable Types'!$E$2:$E$45,MATCH(I53,'Cable Types'!$A$2:$A$45,0))) -> 61 | AS53: =IF(INDEX('Cable Types'!$F$2:$F$45,MATCH(I53,'Cable Types'!$A$2:$A$45,0))="","",INDEX('Cable Types'!$F$2:$F$45,MATCH(I53,'Cable Types'!$A$2:$A$45,0))) -> 165 | AT53: =IF(INDEX('Cable Types'!$G$2:$G$45,MATCH(I53,'Cable Types'!$A$2:$A$45,0))="","",INDEX('Cable Types'!$G$2:$G$45,MATCH(I53,'Cable Types'!$A$2:$A$45,0))) -> 1.068
A54: 70-BD-001 | B54: 70 | C54: Busduct | D54: LVT-1 to PMCC-1 main | E54: LVT-1 | F54: =INDEX(Equipment!$B$2:$B$153,MATCH(E54,Equipment!$A$2:$A$153,0)) -> Main LV transformer 13.8/0.48 kV 2.5 MVA | G54: PMCC-1 | H54: =INDEX(Equipment!$B$2:$B$153,MATCH(G54,Equipment!$A$2:$A$153,0)) -> Main power / motor control centre 480 V | I54: LVBD-4000 | J54: =INDEX('Cable Types'!$B$2:$B$45,MATCH(I54,'Cable Types'!$A$2:$A$45,0)) -> 600 V busway 4000 A, Cu, 3-ph + ground, outdoor feeder | K54: 1 | L54: BD | M54: M | O54: =IF(N54<>"",N54,IF(M54="D",ROUNDUP(SQRT((AL54-AI54)^2+(AM54-AJ54)^2+(AN54-AK54)^2)*(1+'Design Basis'!$C$6),0),ROUNDUP((ABS(AL54-AI54)+ABS(AM54-AJ54)+ABS(AO54-AK54)+ABS(AO54-AN54))*(1+'Design Basis'!$C$4)+2*'Design Basis'!$C$5,0))) -> 28 | P54: =ROUND(O54*'Design Basis'!$C$10,0) -> 92 | Q54: =O54*K54*AQ54 -> 28 | R54: =ROUND(Q54*'Design Basis'!$C$10,0) -> 92 | S54: 480 | T54: 3 | U54: 2500 | V54: 1 | W54: =IF(OR(U54="",S54=""),"",IF(T54=3,U54*1000/(SQRT(3)*S54*V54),U54*1000/(S54*V54))) -> 3007.0327 | X54: 1 | Y54: =IF(W54="","",W54*IF(X54="",1,X54)) -> 3007.0327 | Z54: =IF(OR(AS54="",AP54=""),"",AS54*AP54) -> 4000 | AA54: =IF(Z54="","",Z54*K54) -> 4000 | AB54: =IF(OR(Y54="",AA54=""),"",Y54/AA54) -> 0.75175816 | AC54: =IF(OR(W54="",AT54=""),"",AT54*(W54/K54)*O54/1000/S54) | AD54: =IF(W54="","",IFERROR(IF(INDEX('Design Basis'!$C$13:$C$21,MATCH(C54,'Design Basis'!$A$13:$A$21,0))="","",INDEX('Design Basis'!$C$13:$C$21,MATCH(C54,'Design Basis'!$A$13:$A$21,0))),"")) | AE54: =IF(W54="","n/a",IF(AA54="","CHECK",IF(AND(AB54<=1,OR(AC54="",AD54="",AC54<=AD54)),"OK","CHECK"))) -> OK | AF54: =IF(AR54="","",K54*AQ54*PI()/4*AR54^2) | AI54: =INDEX(Equipment!$D$2:$D$153,MATCH(E54,Equipment!$A$2:$A$153,0)) -> 34 | AJ54: =INDEX(Equipment!$E$2:$E$153,MATCH(E54,Equipment!$A$2:$A$153,0)) -> 57 | AK54: =INDEX(Equipment!$F$2:$F$153,MATCH(E54,Equipment!$A$2:$A$153,0)) -> 0.5 | AL54: =INDEX(Equipment!$D$2:$D$153,MATCH(G54,Equipment!$A$2:$A$153,0)) -> 44 | AM54: =INDEX(Equipment!$E$2:$E$153,MATCH(G54,Equipment!$A$2:$A$153,0)) -> 52 | AN54: =INDEX(Equipment!$F$2:$F$153,MATCH(G54,Equipment!$A$2:$A$153,0)) -> 0.5 | AO54: =IF(INDEX(Raceways!$D$2:$D$18,MATCH(L54,Raceways!$A$2:$A$18,0))="",0,INDEX(Raceways!$D$2:$D$18,MATCH(L54,Raceways!$A$2:$A$18,0))) -> 3 | AP54: =IF(INDEX(Raceways!$I$2:$I$18,MATCH(L54,Raceways!$A$2:$A$18,0))="","",INDEX(Raceways!$I$2:$I$18,MATCH(L54,Raceways!$A$2:$A$18,0))) -> 1 | AQ54: =INDEX('Cable Types'!$D$2:$D$45,MATCH(I54,'Cable Types'!$A$2:$A$45,0)) -> 1 | AR54: =IF(INDEX('Cable Types'!$E$2:$E$45,MATCH(I54,'Cable Types'!$A$2:$A$45,0))="","",INDEX('Cable Types'!$E$2:$E$45,MATCH(I54,'Cable Types'!$A$2:$A$45,0))) | AS54: =IF(INDEX('Cable Types'!$F$2:$F$45,MATCH(I54,'Cable Types'!$A$2:$A$45,0))="","",INDEX('Cable Types'!$F$2:$F$45,MATCH(I54,'Cable Types'!$A$2:$A$45,0))) -> 4000 | AT54: =IF(INDEX('Cable Types'!$G$2:$G$45,MATCH(I54,'Cable Types'!$A$2:$A$45,0))="","",INDEX('Cable Types'!$G$2:$G$45,MATCH(I54,'Cable Types'!$A$2:$A$45,0)))
A55: 30-BD-001 | B55: 30 | C55: Busduct | D55: LVT-ACC to ACC VFD switchboard | E55: LVT-ACC | F55: =INDEX(Equipment!$B$2:$B$153,MATCH(E55,Equipment!$A$2:$A$153,0)) -> ACC fan transformer 13.8/0.48 kV 3 MVA | G55: MCC-ACC | H55: =INDEX(Equipment!$B$2:$B$153,MATCH(G55,Equipment!$A$2:$A$153,0)) -> ACC fan VFD switchroom 480 V | I55: LVBD-4000 | J55: =INDEX('Cable Types'!$B$2:$B$45,MATCH(I55,'Cable Types'!$A$2:$A$45,0)) -> 600 V busway 4000 A, Cu, 3-ph + ground, outdoor feeder | K55: 1 | L55: BD | M55: M | O55: =IF(N55<>"",N55,IF(M55="D",ROUNDUP(SQRT((AL55-AI55)^2+(AM55-AJ55)^2+(AN55-AK55)^2)*(1+'Design Basis'!$C$6),0),ROUNDUP((ABS(AL55-AI55)+ABS(AM55-AJ55)+ABS(AO55-AK55)+ABS(AO55-AN55))*(1+'Design Basis'!$C$4)+2*'Design Basis'!$C$5,0))) -> 19 | P55: =ROUND(O55*'Design Basis'!$C$10,0) -> 62 | Q55: =O55*K55*AQ55 -> 19 | R55: =ROUND(Q55*'Design Basis'!$C$10,0) -> 62 | S55: 480 | T55: 3 | U55: 3000 | V55: 1 | W55: =IF(OR(U55="",S55=""),"",IF(T55=3,U55*1000/(SQRT(3)*S55*V55),U55*1000/(S55*V55))) -> 3608.4392 | X55: 1 | Y55: =IF(W55="","",W55*IF(X55="",1,X55)) -> 3608.4392 | Z55: =IF(OR(AS55="",AP55=""),"",AS55*AP55) -> 4000 | AA55: =IF(Z55="","",Z55*K55) -> 4000 | AB55: =IF(OR(Y55="",AA55=""),"",Y55/AA55) -> 0.9021098 | AC55: =IF(OR(W55="",AT55=""),"",AT55*(W55/K55)*O55/1000/S55) | AD55: =IF(W55="","",IFERROR(IF(INDEX('Design Basis'!$C$13:$C$21,MATCH(C55,'Design Basis'!$A$13:$A$21,0))="","",INDEX('Design Basis'!$C$13:$C$21,MATCH(C55,'Design Basis'!$A$13:$A$21,0))),"")) | AE55: =IF(W55="","n/a",IF(AA55="","CHECK",IF(AND(AB55<=1,OR(AC55="",AD55="",AC55<=AD55)),"OK","CHECK"))) -> OK | AF55: =IF(AR55="","",K55*AQ55*PI()/4*AR55^2) | AI55: =INDEX(Equipment!$D$2:$D$153,MATCH(E55,Equipment!$A$2:$A$153,0)) -> 146 | AJ55: =INDEX(Equipment!$E$2:$E$153,MATCH(E55,Equipment!$A$2:$A$153,0)) -> 40 | AK55: =INDEX(Equipment!$F$2:$F$153,MATCH(E55,Equipment!$A$2:$A$153,0)) -> 0.5 | AL55: =INDEX(Equipment!$D$2:$D$153,MATCH(G55,Equipment!$A$2:$A$153,0)) -> 146 | AM55: =INDEX(Equipment!$E$2:$E$153,MATCH(G55,Equipment!$A$2:$A$153,0)) -> 46 | AN55: =INDEX(Equipment!$F$2:$F$153,MATCH(G55,Equipment!$A$2:$A$153,0)) -> 0.5 | AO55: =IF(INDEX(Raceways!$D$2:$D$18,MATCH(L55,Raceways!$A$2:$A$18,0))="",0,INDEX(Raceways!$D$2:$D$18,MATCH(L55,Raceways!$A$2:$A$18,0))) -> 3 | AP55: =IF(INDEX(Raceways!$I$2:$I$18,MATCH(L55,Raceways!$A$2:$A$18,0))="","",INDEX(Raceways!$I$2:$I$18,MATCH(L55,Raceways!$A$2:$A$18,0))) -> 1 | AQ55: =INDEX('Cable Types'!$D$2:$D$45,MATCH(I55,'Cable Types'!$A$2:$A$45,0)) -> 1 | AR55: =IF(INDEX('Cable Types'!$E$2:$E$45,MATCH(I55,'Cable Types'!$A$2:$A$45,0))="","",INDEX('Cable Types'!$E$2:$E$45,MATCH(I55,'Cable Types'!$A$2:$A$45,0))) | AS55: =IF(INDEX('Cable Types'!$F$2:$F$45,MATCH(I55,'Cable Types'!$A$2:$A$45,0))="","",INDEX('Cable Types'!$F$2:$F$45,MATCH(I55,'Cable Types'!$A$2:$A$45,0))) -> 4000 | AT55: =IF(INDEX('Cable Types'!$G$2:$G$45,MATCH(I55,'Cable Types'!$A$2:$A$45,0))="","",INDEX('Cable Types'!$G$2:$G$45,MATCH(I55,'Cable Types'!$A$2:$A$45,0)))
A56: 60-BD-001 | B56: 60 | C56: Busduct | D56: LVT-GAS to gas station MCC | E56: LVT-GAS | F56: =INDEX(Equipment!$B$2:$B$153,MATCH(E56,Equipment!$A$2:$A$153,0)) -> Gas station transformer 13.8/0.48 kV 1.6 MVA | G56: MCC-GAS | H56: =INDEX(Equipment!$B$2:$B$153,MATCH(G56,Equipment!$A$2:$A$153,0)) -> Gas station MCC 480 V (shelter) | I56: LVBD-2500 | J56: =INDEX('Cable Types'!$B$2:$B$45,MATCH(I56,'Cable Types'!$A$2:$A$45,0)) -> 600 V busway 2500 A, Cu, 3-ph + ground, outdoor feeder | K56: 1 | L56: BD | M56: M | O56: =IF(N56<>"",N56,IF(M56="D",ROUNDUP(SQRT((AL56-AI56)^2+(AM56-AJ56)^2+(AN56-AK56)^2)*(1+'Design Basis'!$C$6),0),ROUNDUP((ABS(AL56-AI56)+ABS(AM56-AJ56)+ABS(AO56-AK56)+ABS(AO56-AN56))*(1+'Design Basis'!$C$4)+2*'Design Basis'!$C$5,0))) -> 25 | P56: =ROUND(O56*'Design Basis'!$C$10,0) -> 82 | Q56: =O56*K56*AQ56 -> 25 | R56: =ROUND(Q56*'Design Basis'!$C$10,0) -> 82 | S56: 480 | T56: 3 | U56: 1600 | V56: 1 | W56: =IF(OR(U56="",S56=""),"",IF(T56=3,U56*1000/(SQRT(3)*S56*V56),U56*1000/(S56*V56))) -> 1924.5009 | X56: 1 | Y56: =IF(W56="","",W56*IF(X56="",1,X56)) -> 1924.5009 | Z56: =IF(OR(AS56="",AP56=""),"",AS56*AP56) -> 2500 | AA56: =IF(Z56="","",Z56*K56) -> 2500 | AB56: =IF(OR(Y56="",AA56=""),"",Y56/AA56) -> 0.76980036 | AC56: =IF(OR(W56="",AT56=""),"",AT56*(W56/K56)*O56/1000/S56) | AD56: =IF(W56="","",IFERROR(IF(INDEX('Design Basis'!$C$13:$C$21,MATCH(C56,'Design Basis'!$A$13:$A$21,0))="","",INDEX('Design Basis'!$C$13:$C$21,MATCH(C56,'Design Basis'!$A$13:$A$21,0))),"")) | AE56: =IF(W56="","n/a",IF(AA56="","CHECK",IF(AND(AB56<=1,OR(AC56="",AD56="",AC56<=AD56)),"OK","CHECK"))) -> OK | AF56: =IF(AR56="","",K56*AQ56*PI()/4*AR56^2) | AI56: =INDEX(Equipment!$D$2:$D$153,MATCH(E56,Equipment!$A$2:$A$153,0)) -> -12 | AJ56: =INDEX(Equipment!$E$2:$E$153,MATCH(E56,Equipment!$A$2:$A$153,0)) -> 16 | AK56: =INDEX(Equipment!$F$2:$F$153,MATCH(E56,Equipment!$A$2:$A$153,0)) -> 0.5 | AL56: =INDEX(Equipment!$D$2:$D$153,MATCH(G56,Equipment!$A$2:$A$153,0)) -> -20 | AM56: =INDEX(Equipment!$E$2:$E$153,MATCH(G56,Equipment!$A$2:$A$153,0)) -> 12 | AN56: =INDEX(Equipment!$F$2:$F$153,MATCH(G56,Equipment!$A$2:$A$153,0)) -> 0.5 | AO56: =IF(INDEX(Raceways!$D$2:$D$18,MATCH(L56,Raceways!$A$2:$A$18,0))="",0,INDEX(Raceways!$D$2:$D$18,MATCH(L56,Raceways!$A$2:$A$18,0))) -> 3 | AP56: =IF(INDEX(Raceways!$I$2:$I$18,MATCH(L56,Raceways!$A$2:$A$18,0))="","",INDEX(Raceways!$I$2:$I$18,MATCH(L56,Raceways!$A$2:$A$18,0))) -> 1 | AQ56: =INDEX('Cable Types'!$D$2:$D$45,MATCH(I56,'Cable Types'!$A$2:$A$45,0)) -> 1 | AR56: =IF(INDEX('Cable Types'!$E$2:$E$45,MATCH(I56,'Cable Types'!$A$2:$A$45,0))="","",INDEX('Cable Types'!$E$2:$E$45,MATCH(I56,'Cable Types'!$A$2:$A$45,0))) | AS56: =IF(INDEX('Cable Types'!$F$2:$F$45,MATCH(I56,'Cable Types'!$A$2:$A$45,0))="","",INDEX('Cable Types'!$F$2:$F$45,MATCH(I56,'Cable Types'!$A$2:$A$45,0))) -> 2500 | AT56: =IF(INDEX('Cable Types'!$G$2:$G$45,MATCH(I56,'Cable Types'!$A$2:$A$45,0))="","",INDEX('Cable Types'!$G$2:$G$45,MATCH(I56,'Cable Types'!$A$2:$A$45,0)))
A57: 40-BD-001 | B57: 40 | C57: Busduct | D57: LVT-CCS to PMCC-CCS | E57: LVT-CCS | F57: =INDEX(Equipment!$B$2:$B$153,MATCH(E57,Equipment!$A$2:$A$153,0)) -> CCS LV transformer 13.8/0.48 kV 2.5 MVA | G57: PMCC-CCS | H57: =INDEX(Equipment!$B$2:$B$153,MATCH(G57,Equipment!$A$2:$A$153,0)) -> CCS power / motor control centre 480 V | I57: LVBD-4000 | J57: =INDEX('Cable Types'!$B$2:$B$45,MATCH(I57,'Cable Types'!$A$2:$A$45,0)) -> 600 V busway 4000 A, Cu, 3-ph + ground, outdoor feeder | K57: 1 | L57: BD | M57: M | O57: =IF(N57<>"",N57,IF(M57="D",ROUNDUP(SQRT((AL57-AI57)^2+(AM57-AJ57)^2+(AN57-AK57)^2)*(1+'Design Basis'!$C$6),0),ROUNDUP((ABS(AL57-AI57)+ABS(AM57-AJ57)+ABS(AO57-AK57)+ABS(AO57-AN57))*(1+'Design Basis'!$C$4)+2*'Design Basis'!$C$5,0))) -> 19 | P57: =ROUND(O57*'Design Basis'!$C$10,0) -> 62 | Q57: =O57*K57*AQ57 -> 19 | R57: =ROUND(Q57*'Design Basis'!$C$10,0) -> 62 | S57: 480 | T57: 3 | U57: 2500 | V57: 1 | W57: =IF(OR(U57="",S57=""),"",IF(T57=3,U57*1000/(SQRT(3)*S57*V57),U57*1000/(S57*V57))) -> 3007.0327 | X57: 1 | Y57: =IF(W57="","",W57*IF(X57="",1,X57)) -> 3007.0327 | Z57: =IF(OR(AS57="",AP57=""),"",AS57*AP57) -> 4000 | AA57: =IF(Z57="","",Z57*K57) -> 4000 | AB57: =IF(OR(Y57="",AA57=""),"",Y57/AA57) -> 0.75175816 | AC57: =IF(OR(W57="",AT57=""),"",AT57*(W57/K57)*O57/1000/S57) | AD57: =IF(W57="","",IFERROR(IF(INDEX('Design Basis'!$C$13:$C$21,MATCH(C57,'Design Basis'!$A$13:$A$21,0))="","",INDEX('Design Basis'!$C$13:$C$21,MATCH(C57,'Design Basis'!$A$13:$A$21,0))),"")) | AE57: =IF(W57="","n/a",IF(AA57="","CHECK",IF(AND(AB57<=1,OR(AC57="",AD57="",AC57<=AD57)),"OK","CHECK"))) -> OK | AF57: =IF(AR57="","",K57*AQ57*PI()/4*AR57^2) | AI57: =INDEX(Equipment!$D$2:$D$153,MATCH(E57,Equipment!$A$2:$A$153,0)) -> 182 | AJ57: =INDEX(Equipment!$E$2:$E$153,MATCH(E57,Equipment!$A$2:$A$153,0)) -> 60 | AK57: =INDEX(Equipment!$F$2:$F$153,MATCH(E57,Equipment!$A$2:$A$153,0)) -> 0.5 | AL57: =INDEX(Equipment!$D$2:$D$153,MATCH(G57,Equipment!$A$2:$A$153,0)) -> 176 | AM57: =INDEX(Equipment!$E$2:$E$153,MATCH(G57,Equipment!$A$2:$A$153,0)) -> 60 | AN57: =INDEX(Equipment!$F$2:$F$153,MATCH(G57,Equipment!$A$2:$A$153,0)) -> 0.5 | AO57: =IF(INDEX(Raceways!$D$2:$D$18,MATCH(L57,Raceways!$A$2:$A$18,0))="",0,INDEX(Raceways!$D$2:$D$18,MATCH(L57,Raceways!$A$2:$A$18,0))) -> 3 | AP57: =IF(INDEX(Raceways!$I$2:$I$18,MATCH(L57,Raceways!$A$2:$A$18,0))="","",INDEX(Raceways!$I$2:$I$18,MATCH(L57,Raceways!$A$2:$A$18,0))) -> 1 | AQ57: =INDEX('Cable Types'!$D$2:$D$45,MATCH(I57,'Cable Types'!$A$2:$A$45,0)) -> 1 | AR57: =IF(INDEX('Cable Types'!$E$2:$E$45,MATCH(I57,'Cable Types'!$A$2:$A$45,0))="","",INDEX('Cable Types'!$E$2:$E$45,MATCH(I57,'Cable Types'!$A$2:$A$45,0))) | AS57: =IF(INDEX('Cable Types'!$F$2:$F$45,MATCH(I57,'Cable Types'!$A$2:$A$45,0))="","",INDEX('Cable Types'!$F$2:$F$45,MATCH(I57,'Cable Types'!$A$2:$A$45,0))) -> 4000 | AT57: =IF(INDEX('Cable Types'!$G$2:$G$45,MATCH(I57,'Cable Types'!$A$2:$A$45,0))="","",INDEX('Cable Types'!$G$2:$G$45,MATCH(I57,'Cable Types'!$A$2:$A$45,0)))
A58: 50-BD-001 | B58: 50 | C58: Busduct | D58: LVT-RICE to RICE MCC | E58: LVT-RICE | F58: =INDEX(Equipment!$B$2:$B$153,MATCH(E58,Equipment!$A$2:$A$153,0)) -> RICE auxiliary transformer 13.8/0.48 kV 1 MVA | G58: MCC-RICE | H58: =INDEX(Equipment!$B$2:$B$153,MATCH(G58,Equipment!$A$2:$A$153,0)) -> RICE auxiliary MCC 480 V | I58: LVBD-2500 | J58: =INDEX('Cable Types'!$B$2:$B$45,MATCH(I58,'Cable Types'!$A$2:$A$45,0)) -> 600 V busway 2500 A, Cu, 3-ph + ground, outdoor feeder | K58: 1 | L58: BD | M58: M | O58: =IF(N58<>"",N58,IF(M58="D",ROUNDUP(SQRT((AL58-AI58)^2+(AM58-AJ58)^2+(AN58-AK58)^2)*(1+'Design Basis'!$C$6),0),ROUNDUP((ABS(AL58-AI58)+ABS(AM58-AJ58)+ABS(AO58-AK58)+ABS(AO58-AN58))*(1+'Design Basis'!$C$4)+2*'Design Basis'!$C$5,0))) -> 24 | P58: =ROUND(O58*'Design Basis'!$C$10,0) -> 79 | Q58: =O58*K58*AQ58 -> 24 | R58: =ROUND(Q58*'Design Basis'!$C$10,0) -> 79 | S58: 480 | T58: 3 | U58: 1000 | V58: 1 | W58: =IF(OR(U58="",S58=""),"",IF(T58=3,U58*1000/(SQRT(3)*S58*V58),U58*1000/(S58*V58))) -> 1202.8131 | X58: 1 | Y58: =IF(W58="","",W58*IF(X58="",1,X58)) -> 1202.8131 | Z58: =IF(OR(AS58="",AP58=""),"",AS58*AP58) -> 2500 | AA58: =IF(Z58="","",Z58*K58) -> 2500 | AB58: =IF(OR(Y58="",AA58=""),"",Y58/AA58) -> 0.48112522 | AC58: =IF(OR(W58="",AT58=""),"",AT58*(W58/K58)*O58/1000/S58) | AD58: =IF(W58="","",IFERROR(IF(INDEX('Design Basis'!$C$13:$C$21,MATCH(C58,'Design Basis'!$A$13:$A$21,0))="","",INDEX('Design Basis'!$C$13:$C$21,MATCH(C58,'Design Basis'!$A$13:$A$21,0))),"")) | AE58: =IF(W58="","n/a",IF(AA58="","CHECK",IF(AND(AB58<=1,OR(AC58="",AD58="",AC58<=AD58)),"OK","CHECK"))) -> OK | AF58: =IF(AR58="","",K58*AQ58*PI()/4*AR58^2) | AI58: =INDEX(Equipment!$D$2:$D$153,MATCH(E58,Equipment!$A$2:$A$153,0)) -> 10 | AJ58: =INDEX(Equipment!$E$2:$E$153,MATCH(E58,Equipment!$A$2:$A$153,0)) -> 104 | AK58: =INDEX(Equipment!$F$2:$F$153,MATCH(E58,Equipment!$A$2:$A$153,0)) -> 0.5 | AL58: =INDEX(Equipment!$D$2:$D$153,MATCH(G58,Equipment!$A$2:$A$153,0)) -> 16 | AM58: =INDEX(Equipment!$E$2:$E$153,MATCH(G58,Equipment!$A$2:$A$153,0)) -> 99 | AN58: =INDEX(Equipment!$F$2:$F$153,MATCH(G58,Equipment!$A$2:$A$153,0)) -> 0.5 | AO58: =IF(INDEX(Raceways!$D$2:$D$18,MATCH(L58,Raceways!$A$2:$A$18,0))="",0,INDEX(Raceways!$D$2:$D$18,MATCH(L58,Raceways!$A$2:$A$18,0))) -> 3 | AP58: =IF(INDEX(Raceways!$I$2:$I$18,MATCH(L58,Raceways!$A$2:$A$18,0))="","",INDEX(Raceways!$I$2:$I$18,MATCH(L58,Raceways!$A$2:$A$18,0))) -> 1 | AQ58: =INDEX('Cable Types'!$D$2:$D$45,MATCH(I58,'Cable Types'!$A$2:$A$45,0)) -> 1 | AR58: =IF(INDEX('Cable Types'!$E$2:$E$45,MATCH(I58,'Cable Types'!$A$2:$A$45,0))="","",INDEX('Cable Types'!$E$2:$E$45,MATCH(I58,'Cable Types'!$A$2:$A$45,0))) | AS58: =IF(INDEX('Cable Types'!$F$2:$F$45,MATCH(I58,'Cable Types'!$A$2:$A$45,0))="","",INDEX('Cable Types'!$F$2:$F$45,MATCH(I58,'Cable Types'!$A$2:$A$45,0))) -> 2500 | AT58: =IF(INDEX('Cable Types'!$G$2:$G$45,MATCH(I58,'Cable Types'!$A$2:$A$45,0))="","",INDEX('Cable Types'!$G$2:$G$45,MATCH(I58,'Cable Types'!$A$2:$A$45,0)))
A59: 70-LV-001 | B59: 20 | C59: LV Power | D59: PMCC-1 to GT auxiliary MCC | E59: PMCC-1 | F59: =INDEX(Equipment!$B$2:$B$153,MATCH(E59,Equipment!$A$2:$A$153,0)) -> Main power / motor control centre 480 V | G59: MCC-GT | H59: =INDEX(Equipment!$B$2:$B$153,MATCH(G59,Equipment!$A$2:$A$153,0)) -> GT auxiliary MCC 480 V (in PEECC) | I59: LV-3C-500 | J59: =INDEX('Cable Types'!$B$2:$B$45,MATCH(I59,'Cable Types'!$A$2:$A$45,0)) -> 600 V 3/C 500 kcmil + G Cu XHHW-2, Type MC-HL, CCW Al armor (Armor-X type), PVC jkt | K59: 2 | L59: TR-01 | M59: M | O59: =IF(N59<>"",N59,IF(M59="D",ROUNDUP(SQRT((AL59-AI59)^2+(AM59-AJ59)^2+(AN59-AK59)^2)*(1+'Design Basis'!$C$6),0),ROUNDUP((ABS(AL59-AI59)+ABS(AM59-AJ59)+ABS(AO59-AK59)+ABS(AO59-AN59))*(1+'Design Basis'!$C$4)+2*'Design Basis'!$C$5,0))) -> 85 | P59: =ROUND(O59*'Design Basis'!$C$10,0) -> 279 | Q59: =O59*K59*AQ59 -> 170 | R59: =ROUND(Q59*'Design Basis'!$C$10,0) -> 558 | S59: 480 | T59: 3 | U59: 350 | V59: 1 | W59: =IF(OR(U59="",S59=""),"",IF(T59=3,U59*1000/(SQRT(3)*S59*V59),U59*1000/(S59*V59))) -> 420.98457 | X59: 1.25 | Y59: =IF(W59="","",W59*IF(X59="",1,X59)) -> 526.23071 | Z59: =IF(OR(AS59="",AP59=""),"",AS59*AP59) -> 334.4 | AA59: =IF(Z59="","",Z59*K59) -> 668.8 | AB59: =IF(OR(Y59="",AA59=""),"",Y59/AA59) -> 0.78682822 | AC59: =IF(OR(W59="",AT59=""),"",AT59*(W59/K59)*O59/1000/S59) -> 0.008274978 | AD59: =IF(W59="","",IFERROR(IF(INDEX('Design Basis'!$C$13:$C$21,MATCH(C59,'Design Basis'!$A$13:$A$21,0))="","",INDEX('Design Basis'!$C$13:$C$21,MATCH(C59,'Design Basis'!$A$13:$A$21,0))),"")) -> 0.03 | AE59: =IF(W59="","n/a",IF(AA59="","CHECK",IF(AND(AB59<=1,OR(AC59="",AD59="",AC59<=AD59)),"OK","CHECK"))) -> OK | AF59: =IF(AR59="","",K59*AQ59*PI()/4*AR59^2) -> 6842.3888 | AG59: Load in kVA; 125% continuous (NEC 215.2) | AI59: =INDEX(Equipment!$D$2:$D$153,MATCH(E59,Equipment!$A$2:$A$153,0)) -> 44 | AJ59: =INDEX(Equipment!$E$2:$E$153,MATCH(E59,Equipment!$A$2:$A$153,0)) -> 52 | AK59: =INDEX(Equipment!$F$2:$F$153,MATCH(E59,Equipment!$A$2:$A$153,0)) -> 0.5 | AL59: =INDEX(Equipment!$D$2:$D$153,MATCH(G59,Equipment!$A$2:$A$153,0)) -> 48 | AM59: =INDEX(Equipment!$E$2:$E$153,MATCH(G59,Equipment!$A$2:$A$153,0)) -> -6 | AN59: =INDEX(Equipment!$F$2:$F$153,MATCH(G59,Equipment!$A$2:$A$153,0)) -> 0.5 | AO59: =IF(INDEX(Raceways!$D$2:$D$18,MATCH(L59,Raceways!$A$2:$A$18,0))="",0,INDEX(Raceways!$D$2:$D$18,MATCH(L59,Raceways!$A$2:$A$18,0))) -> 5 | AP59: =IF(INDEX(Raceways!$I$2:$I$18,MATCH(L59,Raceways!$A$2:$A$18,0))="","",INDEX(Raceways!$I$2:$I$18,MATCH(L59,Raceways!$A$2:$A$18,0))) -> 0.88 | AQ59: =INDEX('Cable Types'!$D$2:$D$45,MATCH(I59,'Cable Types'!$A$2:$A$45,0)) -> 1 | AR59: =IF(INDEX('Cable Types'!$E$2:$E$45,MATCH(I59,'Cable Types'!$A$2:$A$45,0))="","",INDEX('Cable Types'!$E$2:$E$45,MATCH(I59,'Cable Types'!$A$2:$A$45,0))) -> 66 | AS59: =IF(INDEX('Cable Types'!$F$2:$F$45,MATCH(I59,'Cable Types'!$A$2:$A$45,0))="","",INDEX('Cable Types'!$F$2:$F$45,MATCH(I59,'Cable Types'!$A$2:$A$45,0))) -> 380 | AT59: =IF(INDEX('Cable Types'!$G$2:$G$45,MATCH(I59,'Cable Types'!$A$2:$A$45,0))="","",INDEX('Cable Types'!$G$2:$G$45,MATCH(I59,'Cable Types'!$A$2:$A$45,0))) -> 0.222
A60: 70-LV-002 | B60: 20 | C60: LV Power | D60: PMCC-1 to HRSG auxiliary MCC | E60: PMCC-1 | F60: =INDEX(Equipment!$B$2:$B$153,MATCH(E60,Equipment!$A$2:$A$153,0)) -> Main power / motor control centre 480 V | G60: MCC-HRSG | H60: =INDEX(Equipment!$B$2:$B$153,MATCH(G60,Equipment!$A$2:$A$153,0)) -> HRSG auxiliary MCC 480 V | I60: LV-3C-350 | J60: =INDEX('Cable Types'!$B$2:$B$45,MATCH(I60,'Cable Types'!$A$2:$A$45,0)) -> 600 V 3/C 350 kcmil + G Cu XHHW-2, Type MC-HL, CCW Al armor (Armor-X type), PVC jkt | K60: 2 | L60: TR-01 | M60: M | O60: =IF(N60<>"",N60,IF(M60="D",ROUNDUP(SQRT((AL60-AI60)^2+(AM60-AJ60)^2+(AN60-AK60)^2)*(1+'Design Basis'!$C$6),0),ROUNDUP((ABS(AL60-AI60)+ABS(AM60-AJ60)+ABS(AO60-AK60)+ABS(AO60-AN60))*(1+'Design Basis'!$C$4)+2*'Design Basis'!$C$5,0))) -> 123 | P60: =ROUND(O60*'Design Basis'!$C$10,0) -> 404 | Q60: =O60*K60*AQ60 -> 246 | R60: =ROUND(Q60*'Design Basis'!$C$10,0) -> 807 | S60: 480 | T60: 3 | U60: 250 | V60: 1 | W60: =IF(OR(U60="",S60=""),"",IF(T60=3,U60*1000/(SQRT(3)*S60*V60),U60*1000/(S60*V60))) -> 300.70327 | X60: 1.25 | Y60: =IF(W60="","",W60*IF(X60="",1,X60)) -> 375.87908 | Z60: =IF(OR(AS60="",AP60=""),"",AS60*AP60) -> 272.8 | AA60: =IF(Z60="","",Z60*K60) -> 545.6 | AB60: =IF(OR(Y60="",AA60=""),"",Y60/AA60) -> 0.68892794 | AC60: =IF(OR(W60="",AT60=""),"",AT60*(W60/K60)*O60/1000/S60) -> 0.010518036 | AD60: =IF(W60="","",IFERROR(IF(INDEX('Design Basis'!$C$13:$C$21,MATCH(C60,'Design Basis'!$A$13:$A$21,0))="","",INDEX('Design Basis'!$C$13:$C$21,MATCH(C60,'Design Basis'!$A$13:$A$21,0))),"")) -> 0.03 | AE60: =IF(W60="","n/a",IF(AA60="","CHECK",IF(AND(AB60<=1,OR(AC60="",AD60="",AC60<=AD60)),"OK","CHECK"))) -> OK | AF60: =IF(AR60="","",K60*AQ60*PI()/4*AR60^2) -> 5103.5173 | AI60: =INDEX(Equipment!$D$2:$D$153,MATCH(E60,Equipment!$A$2:$A$153,0)) -> 44 | AJ60: =INDEX(Equipment!$E$2:$E$153,MATCH(E60,Equipment!$A$2:$A$153,0)) -> 52 | AK60: =INDEX(Equipment!$F$2:$F$153,MATCH(E60,Equipment!$A$2:$A$153,0)) -> 0.5 | AL60: =INDEX(Equipment!$D$2:$D$153,MATCH(G60,Equipment!$A$2:$A$153,0)) -> 80 | AM60: =INDEX(Equipment!$E$2:$E$153,MATCH(G60,Equipment!$A$2:$A$153,0)) -> -9 | AN60: =INDEX(Equipment!$F$2:$F$153,MATCH(G60,Equipment!$A$2:$A$153,0)) -> 0.5 | AO60: =IF(INDEX(Raceways!$D$2:$D$18,MATCH(L60,Raceways!$A$2:$A$18,0))="",0,INDEX(Raceways!$D$2:$D$18,MATCH(L60,Raceways!$A$2:$A$18,0))) -> 5 | AP60: =IF(INDEX(Raceways!$I$2:$I$18,MATCH(L60,Raceways!$A$2:$A$18,0))="","",INDEX(Raceways!$I$2:$I$18,MATCH(L60,Raceways!$A$2:$A$18,0))) -> 0.88 | AQ60: =INDEX('Cable Types'!$D$2:$D$45,MATCH(I60,'Cable Types'!$A$2:$A$45,0)) -> 1 | AR60: =IF(INDEX('Cable Types'!$E$2:$E$45,MATCH(I60,'Cable Types'!$A$2:$A$45,0))="","",INDEX('Cable Types'!$E$2:$E$45,MATCH(I60,'Cable Types'!$A$2:$A$45,0))) -> 57 | AS60: =IF(INDEX('Cable Types'!$F$2:$F$45,MATCH(I60,'Cable Types'!$A$2:$A$45,0))="","",INDEX('Cable Types'!$F$2:$F$45,MATCH(I60,'Cable Types'!$A$2:$A$45,0))) -> 310 | AT60: =IF(INDEX('Cable Types'!$G$2:$G$45,MATCH(I60,'Cable Types'!$A$2:$A$45,0))="","",INDEX('Cable Types'!$G$2:$G$45,MATCH(I60,'Cable Types'!$A$2:$A$45,0))) -> 0.273
A61: 70-LV-003 | B61: 20 | C61: LV Power | D61: PMCC-1 to ST auxiliary MCC | E61: PMCC-1 | F61: =INDEX(Equipment!$B$2:$B$153,MATCH(E61,Equipment!$A$2:$A$153,0)) -> Main power / motor control centre 480 V | G61: MCC-ST | H61: =INDEX(Equipment!$B$2:$B$153,MATCH(G61,Equipment!$A$2:$A$153,0)) -> ST auxiliary MCC 480 V | I61: LV-3C-500 | J61: =INDEX('Cable Types'!$B$2:$B$45,MATCH(I61,'Cable Types'!$A$2:$A$45,0)) -> 600 V 3/C 500 kcmil + G Cu XHHW-2, Type MC-HL, CCW Al armor (Armor-X type), PVC jkt | K61: 2 | L61: TR-02 | M61: M | O61: =IF(N61<>"",N61,IF(M61="D",ROUNDUP(SQRT((AL61-AI61)^2+(AM61-AJ61)^2+(AN61-AK61)^2)*(1+'Design Basis'!$C$6),0),ROUNDUP((ABS(AL61-AI61)+ABS(AM61-AJ61)+ABS(AO61-AK61)+ABS(AO61-AN61))*(1+'Design Basis'!$C$4)+2*'Design Basis'!$C$5,0))) -> 89 | P61: =ROUND(O61*'Design Basis'!$C$10,0) -> 292 | Q61: =O61*K61*AQ61 -> 178 | R61: =ROUND(Q61*'Design Basis'!$C$10,0) -> 584 | S61: 480 | T61: 3 | U61: 300 | V61: 1 | W61: =IF(OR(U61="",S61=""),"",IF(T61=3,U61*1000/(SQRT(3)*S61*V61),U61*1000/(S61*V61))) -> 360.84392 | X61: 1.25 | Y61: =IF(W61="","",W61*IF(X61="",1,X61)) -> 451.0549 | Z61: =IF(OR(AS61="",AP61=""),"",AS61*AP61) -> 334.4 | AA61: =IF(Z61="","",Z61*K61) -> 668.8 | AB61: =IF(OR(Y61="",AA61=""),"",Y61/AA61) -> 0.67442419 | AC61: =IF(OR(W61="",AT61=""),"",AT61*(W61/K61)*O61/1000/S61) -> 0.0074266189 | AD61: =IF(W61="","",IFERROR(IF(INDEX('Design Basis'!$C$13:$C$21,MATCH(C61,'Design Basis'!$A$13:$A$21,0))="","",INDEX('Design Basis'!$C$13:$C$21,MATCH(C61,'Design Basis'!$A$13:$A$21,0))),"")) -> 0.03 | AE61: =IF(W61="","n/a",IF(AA61="","CHECK",IF(AND(AB61<=1,OR(AC61="",AD61="",AC61<=AD61)),"OK","CHECK"))) -> OK | AF61: =IF(AR61="","",K61*AQ61*PI()/4*AR61^2) -> 6842.3888 | AI61: =INDEX(Equipment!$D$2:$D$153,MATCH(E61,Equipment!$A$2:$A$153,0)) -> 44 | AJ61: =INDEX(Equipment!$E$2:$E$153,MATCH(E61,Equipment!$A$2:$A$153,0)) -> 52 | AK61: =INDEX(Equipment!$F$2:$F$153,MATCH(E61,Equipment!$A$2:$A$153,0)) -> 0.5 | AL61: =INDEX(Equipment!$D$2:$D$153,MATCH(G61,Equipment!$A$2:$A$153,0)) -> 88 | AM61: =INDEX(Equipment!$E$2:$E$153,MATCH(G61,Equipment!$A$2:$A$153,0)) -> 30 | AN61: =INDEX(Equipment!$F$2:$F$153,MATCH(G61,Equipment!$A$2:$A$153,0)) -> 0.5 | AO61: =IF(INDEX(Raceways!$D$2:$D$18,MATCH(L61,Raceways!$A$2:$A$18,0))="",0,INDEX(Raceways!$D$2:$D$18,MATCH(L61,Raceways!$A$2:$A$18,0))) -> 5 | AP61: =IF(INDEX(Raceways!$I$2:$I$18,MATCH(L61,Raceways!$A$2:$A$18,0))="","",INDEX(Raceways!$I$2:$I$18,MATCH(L61,Raceways!$A$2:$A$18,0))) -> 0.88 | AQ61: =INDEX('Cable Types'!$D$2:$D$45,MATCH(I61,'Cable Types'!$A$2:$A$45,0)) -> 1 | AR61: =IF(INDEX('Cable Types'!$E$2:$E$45,MATCH(I61,'Cable Types'!$A$2:$A$45,0))="","",INDEX('Cable Types'!$E$2:$E$45,MATCH(I61,'Cable Types'!$A$2:$A$45,0))) -> 66 | AS61: =IF(INDEX('Cable Types'!$F$2:$F$45,MATCH(I61,'Cable Types'!$A$2:$A$45,0))="","",INDEX('Cable Types'!$F$2:$F$45,MATCH(I61,'Cable Types'!$A$2:$A$45,0))) -> 380 | AT61: =IF(INDEX('Cable Types'!$G$2:$G$45,MATCH(I61,'Cable Types'!$A$2:$A$45,0))="","",INDEX('Cable Types'!$G$2:$G$45,MATCH(I61,'Cable Types'!$A$2:$A$45,0))) -> 0.222
